url,type,label
https://www.youtube.com/redirect?stzid=Ugwqr2IrJca84j48K9Z4AaABAg&amp;event=comments&amp;redir_token=HZRoW_amrFyVfL1v0T7kQVi5RnV8MTU4NzQ4ODk4MEAxNTg3NDAyNTgw&amp;q=https%3A%2F%2Fservices.runescape.com-en.ru%2Fm%3Dforum%2Fforums.ws565%2C441%2C297%2C81962356%2C1103,phishing,phishing
https://ewi.my.salesforce.com/_ui/core/feeds/notification/ChatterEmailSettings?setupid=CollaborationEmailSettings&amp;fromEmail=1&amp;s1oid=00D300000001O56&amp;s1nid=000000000000000&amp;s1uid=00530000000jzA5&amp;s1ext=0&amp;emkind=chatterUnifiedUserDigest&amp;emtm=1544247073991,phishing,phishing
https://ewi.my.salesforce.com/a1L0b000007sEYK?fromEmail=1&amp;s1oid=00D300000001O56&amp;s1nid=000000000000000&amp;s1uid=00530000000jzA5&amp;s1ext=0&amp;emkind=chatterUnifiedUserDigest&amp;emtm=1544247073991,phishing,phishing
https://ewi.my.salesforce.com/_ui/core/feeds/notification/ChatterEmailSettings?setupid=CollaborationEmailSettings&amp;fromEmail=1&amp;s1oid=00D300000001O56&amp;s1nid=000000000000000&amp;s1uid=00530000000jzA5&amp;s1ext=0&amp;emkind=chatterUnifiedUserDigest&amp;emtm=1544247073991,phishing,phishing
en.wikipedia.org/wiki/Funfair,phishing,phishing
en.wikipedia.org/wiki/Traveling_carnival,phishing,phishing
en.wikipedia.org/wiki/Vivendi,phishing,phishing
www.apple.com/airplay/,phishing,phishing
sportsillustrated.cnn.com/swimsuit/collection/,phishing,phishing
archives.cnn.com/2001/SHOWBIZ/Movies/01/03/sbtst.bellucci/,phishing,phishing
www.nytimes.com/2008/01/13/fashion/13bruni.html,phishing,phishing
sportsillustrated.cnn.com/swimsuit/collection/models/molly_sims.html,phishing,phishing
www-cgi.cnn.com/STYLE/9910/11/fw.estella.warren/,phishing,phishing
www.adobe.com/shockwave/download/download.cgi?P1_Prod_Version=ShockwaveFlash&amp;P5_Language,phishing,phishing
pro.sony.com/bbsc/home.do?m=10005,phishing,phishing
www.who.int/trialsearch/,phishing,phishing
www.who.int/ictrp/,phishing,phishing
www.un.org/partners/business/index.asp,phishing,phishing
www-306.ibm.com/software/data/,phishing,phishing
en.wikipedia.org/wiki/Quality_control,phishing,phishing
en.wikipedia.org/wiki/Cooperative,phishing,phishing
researchweb.watson.ibm.com/iac/,phishing,phishing
www-306.ibm.com/software/info1/websphere/index.jsp?tab=products/commerce&amp;S_TACT=103BHW06&amp;S_CMP=campaign,phishing,phishing
www.samsung.com/Products/Semiconductor/,phishing,phishing
www.adobe.com/aboutadobe/careeropp/college/internships.html,phishing,phishing
en.wikipedia.org/wiki/Resume,phishing,phishing
money.cnn.com/2008/02/18/pf/saving/toptips/index.htm,phishing,phishing
en.wikipedia.org/wiki/Atmospheric_water_generator,phishing,phishing
en.wikipedia.org/wiki/Case_management,phishing,phishing
www-03.ibm.com/able/,phishing,phishing
en.wikipedia.org/wiki/In-N-Out_Burger,phishing,phishing
www.forbes.com/2003/04/23/ceoland.html,phishing,phishing
en.wikipedia.org/wiki/Water_jet_cutter,phishing,phishing
www.nytimes.com/library/tech/reference/index-circuits-columns.html#shopper,phishing,phishing
www.ibm.com/developerworks/blogs/page/InsideSystemStorage,phishing,phishing
www.nytimes.com/business/,phishing,phishing
money.cnn.com/magazines/fortune/,phishing,phishing
en.wikipedia.org/wiki/Real_estate_investment_trust,phishing,phishing
money.cnn.com/retirement/,phishing,phishing
www.forbes.com/200best/,phishing,phishing
www.forbes.com/private500/,phishing,phishing
www.forbes.com/lists/,phishing,phishing
money.cnn.com/magazines/fortune/fortune500_archive/full/1955/,phishing,phishing
money.cnn.com/magazines/fortune/fortune500/,phishing,phishing
money.cnn.com/magazines/fortune/global500/,phishing,phishing
office.microsoft.com/en-us/visio,phishing,phishing
www.hpl.hp.com/personal/Hans_Boehm/ismm/cfp.html,phishing,phishing
www.hpl.hp.com/personal/Hans_Boehm/ismm/,phishing,phishing
researchweb.watson.ibm.com/journal/,phishing,phishing
www.hq.nasa.gov/office/hqlibrary/,phishing,phishing
www.nasa.gov/offices/oce/appel/home/index.html,phishing,phishing
www-01.ibm.com/software/analytics/spss/,phishing,phishing
www.oracle.com/us/products/applications/ebusiness/planning/061918.html,phishing,phishing
en.wikipedia.org/wiki/Social_media,phishing,phishing
www.nytimes.com/pages/business/,phishing,phishing
www.amazon.com/exec/obidos/subst/associates/join/associates.html,phishing,phishing
www.apple.com/itunes/affiliates/resources/,phishing,phishing
archives.cnn.com/2002/HEALTH/diet.fitness/08/15/ephedra.investigatio/,phishing,phishing
www.microsoft.com/mspress/,phishing,phishing
dtp.amazon.com/mn/signin,phishing,phishing
www.usa.gov/shopping/realestate/mortgages/mortgages.shtml,phishing,phishing
en.wikipedia.org/wiki/Electronic_article_surveillance,phishing,phishing
en.wikipedia.org/w/index.php?title=Garage_sale,phishing,phishing
en.wikipedia.org/wiki/Charity_shop,phishing,phishing
www.irs.gov/businesses/index.html,phishing,phishing
money.cnn.com/smallbusiness/,phishing,phishing
money.cnn.com/magazines/fsb/,phishing,phishing
www.hp.com/sbso/index.html,phishing,phishing
sbir.gsfc.nasa.gov/SBIR/states.htm,phishing,phishing
www.samsung.com/us/business/fiberoptics/index.html,phishing,phishing
www.microsoft.com/uc/default.mspx,phishing,phishing
www.amazon.com/Natural-Plastics-Composites-Frederick-Wallenberger/dp/1402076436,phishing,phishing
ntrs.nasa.gov/archive/nasa/casi.ntrs.nasa.gov/20070008109_2007006177.pdf,phishing,phishing
en.wikipedia.org/wiki/Carsharing,phishing,phishing
en.wikipedia.org/wiki/Marine_insurance,phishing,phishing
research.microsoft.com/users/dinei/,phishing,phishing
'en.wikipedia.org/wiki/Gr\%C3\%B6bner_basis',phishing,phishing
en.wikipedia.org/wiki/Search_algorithm,phishing,phishing
en.wikipedia.org/wiki/String_searching_algorithm,phishing,phishing
en.wikipedia.org/wiki/Sorting_algorithm,phishing,phishing
www.trl.ibm.com/aglets/index_e.htm,phishing,phishing
www.research.microsoft.com/research/nips95bn/,phishing,phishing
www.nytimes.com/books/97/07/20/reviews/hofstadter-magazine.html,phishing,phishing
www.nytimes.com/books/97/07/20/reviews/970720.20altert.html,phishing,phishing
www.nytimes.com/2001/03/08/technology/08CRAT.html,phishing,phishing
research.microsoft.com/~dmax/WinMine/tooldoc.htm,phishing,phishing
ti.arc.nasa.gov/tech/rse/synthesis-projects-applications/autoclass/,phishing,phishing
en.wikipedia.org/wiki/Neural_network,phishing,phishing
research.microsoft.com/~cmbishop/,phishing,phishing
research.microsoft.com/~minka/,phishing,phishing
research.microsoft.com/en-us/um/people/horvitz/,phishing,phishing
cnn.com/2000/TECH/computing/12/07/robot.man/,phishing,phishing
www.cnn.com/2002/TECH/science/03/22/human.cyborg/,phishing,phishing
research.microsoft.com/vision/,phishing,phishing
researchweb.watson.ibm.com/ecvg/,phishing,phishing
en.wikipedia.org/wiki/Lindenmayer_system,phishing,phishing
en.wikipedia.org/wiki/Bulletin_board_system,phishing,phishing
en.wikipedia.org/wiki/Fidonet,phishing,phishing
en.wikipedia.org/wiki/Hotline_Communications,phishing,phishing
www.catia.ibm.com/catmain.html,phishing,phishing
en.wikipedia.org/wiki/NX_(Unigraphics),phishing,phishing
en.wikipedia.org/wiki/Product_Data_Management,phishing,phishing
www.oracle.com/applications/agile/index.html,phishing,phishing
en.wikipedia.org/wiki/Adobe_Systems,phishing,phishing
www.adobe.com/accessibility/,phishing,phishing
en.wikipedia.org/wiki/AOL,phishing,phishing
images.apple.com/main/rss/hotnews/hotnews.rss,phishing,phishing
en.wikipedia.org/wiki/Apple_Inc.,phishing,phishing
en.wikipedia.org/wiki/Corel,phishing,phishing
www.oracle.com/solutions/business_intelligence/exadata.html,phishing,phishing
en.wikipedia.org/wiki/Google,phishing,phishing
topics.nytimes.com/top/news/business/companies/google_inc/index.html,phishing,phishing
en.wikipedia.org/wiki/IBM,phishing,phishing
www-01.ibm.com/software/lotus/,phishing,phishing
www.microsoft.com/about/,phishing,phishing
www.microsoft.com/careers/,phishing,phishing
www.microsoft.com/presspass/,phishing,phishing
www.microsoft.com/msft/default.mspx,phishing,phishing
www.oracle.com/openworld/,phishing,phishing
www.oracle.com/technology/software/index.html,phishing,phishing
www.oracle.com/support/contact.html,phishing,phishing
en.wikipedia.org/wiki/Oracle_Corporation,phishing,phishing
www.oracle.com/partners,phishing,phishing
www.apple.com/usergroups,phishing,phishing
www.apple.com/support/products/proplan.html,phishing,phishing
www.apple.com/buy/,phishing,phishing
developer.apple.com/products/support.html,phishing,phishing
www.dell.com/content/default.aspx?c=us&amp;cs=04&amp;l=en&amp;s=bsd,phishing,phishing
netserver.hp.com/netserver/newsroom/,phishing,phishing
welcome.hp.com/country/us/eng/wwcontact.html,phishing,phishing
www.hp.com/go/bizsupport,phishing,phishing
www-5.ibm.com/de/support/ecurep/index.html,phishing,phishing
www-306.ibm.com/software/tivoli/,phishing,phishing
www-01.ibm.com/software/lotus/support/,phishing,phishing
support.intel.com/sites/support/index.htm,phishing,phishing
'www.intel.com/pressroom/?iid={headline=press}',phishing,phishing
developer.intel.com/sites/developer/index.htm,phishing,phishing
'www.intel.com/feedback.htm?iid={intelhome=contact}',phishing,phishing
www.intel.com/products/,phishing,phishing
en.wikipedia.org/wiki/Sun_Microsystems,phishing,phishing
en.wikipedia.org/wiki/Yahoo!,phishing,phishing
bits.blogs.nytimes.com/2008/05/09/google-yahoo-deal-or-no-deal/,phishing,phishing
bits.blogs.nytimes.com/2008/05/05/how-googles-checkbook-stymied-microsoft/index.html,phishing,phishing
www.research.microsoft.com/research/graphics/,phishing,phishing
researchweb.watson.ibm.com/icme2000/,phishing,phishing
research.microsoft.com/en-us/events/wing2010/,phishing,phishing
research.microsoft.com/conferences/dbpl05/,phishing,phishing
www-935.ibm.com/services/au/index.wss/summary/igs/a1019937,phishing,phishing
www.apple.com/server/macosx/technology/xgrid.html,phishing,phishing
msdn.microsoft.com/en-us/library/ms809340.aspx,phishing,phishing
www-01.ibm.com/software/network/dce/,phishing,phishing
en.wikipedia.org/wiki/Apache_Hadoop,phishing,phishing
bits.blogs.nytimes.com/2011/06/28/yahoo-creates-company-to-profit-from-hadoop-software/,phishing,phishing
researchweb.watson.ibm.com/massive/,phishing,phishing
www.hpl.hp.com/personal/Hans_Boehm/,phishing,phishing
www.research.microsoft.com/~tball/,phishing,phishing
www.hpl.hp.com/personal/Claudio_Bartolini/,phishing,phishing
researchweb.watson.ibm.com/people/b/bennetc/,phishing,phishing
www.almaden.ibm.com/cs/people/laura/,phishing,phishing
researchweb.watson.ibm.com/people/l/lvsubram/,phishing,phishing
eis.jpl.nasa.gov/~atalukde/,phishing,phishing
www.research.ibm.com/journal/rdindex.html,phishing,phishing
research.microsoft.com/en-us/labs/cambridge/,phishing,phishing
en.wikipedia.org/wiki/Church-Turing_thesis,phishing,phishing
en.wikipedia.org/wiki/Computability_theory,phishing,phishing
en.wikipedia.org/wiki/Interactive_computation,phishing,phishing
apotheca.hpl.hp.com/ftp/gatekeeper/pub/DEC/SRC/research-reports/abstracts/src-rr-049.html,phishing,phishing
en.wikipedia.org/wiki/Finite_state_machine,phishing,phishing
en.wikipedia.org/wiki/Automata_theory,phishing,phishing
en.wikipedia.org/wiki/Nondeterministic_finite_automaton,phishing,phishing
en.wikipedia.org/wiki/Finite_state_transducer,phishing,phishing
en.wikipedia.org/wiki/Linear_bounded_automaton,phishing,phishing
en.wikipedia.org/wiki/Mealy_machine,phishing,phishing
en.wikipedia.org/wiki/Moore_machine,phishing,phishing
en.wikipedia.org/wiki/Pushdown_automaton,phishing,phishing
en.wikipedia.org/wiki/Turing_machine,phishing,phishing
en.wikipedia.org/wiki/Computational_complexity_theory,phishing,phishing
domino.research.ibm.com/comm/research.nsf/pages/r.algorithms.html,phishing,phishing
www.almaden.ibm.com/cs/people/fagin/,phishing,phishing
en.wikipedia.org/wiki/Context-free_grammar,phishing,phishing
en.wikipedia.org/wiki/Context-sensitive_language,phishing,phishing
en.wikipedia.org/wiki/Recursively_enumerable_language,phishing,phishing
en.wikipedia.org/wiki/Regular_language,phishing,phishing
en.wikipedia.org/wiki/Regular_expression,phishing,phishing
www.hpl.hp.com/research/qip/,phishing,phishing
www.cisco.com/univercd/cc/td/doc/cisintwk/ito_doc/ethernet.htm,phishing,phishing
welcome.hp.com/country/us/en/prodserv/networking.html,phishing,phishing
www.cisco.com/univercd/cc/td/doc/product/cable/,phishing,phishing
www.cisco.com/univercd/cc/td/doc/product/cable/cab_rout/index.htm,phishing,phishing
www.cisco.com/univercd/cc/td/doc/product/cable/cab_modm/index.htm,phishing,phishing
www.cisco.com/warp/public/750/acquisition/articles/volpi.html,phishing,phishing
www.forbes.com/2000/12/04/1204toptechexecs.html,phishing,phishing
www.alphaworks.ibm.com/wireless,phishing,phishing
www.hpl.hp.com/personal/Jean_Tourrilhes/Linux/,phishing,phishing
oss.software.ibm.com/bluehoc/,phishing,phishing
www.ibm.com/developerworks/library/l-rpm2/,phishing,phishing
www.ibm.com/developerworks/library/l-rpm1/,phishing,phishing
en.wikipedia.org/wiki/Tar_(file_format),phishing,phishing
en.wikipedia.org/wiki/Barcode,phishing,phishing
en.wikipedia.org/wiki/QR_code,phishing,phishing
en.wikipedia.org/wiki/Office_Open_XML,phishing,phishing
en.wikipedia.org/wiki/OpenDocument,phishing,phishing
www.ibm.com/developerworks/xml/library/x-think15/,phishing,phishing
partners.adobe.com/public/developer/acrobat/sdk/,phishing,phishing
www.adobe.com/aboutadobe/pressroom/pressreleases/200701/012907OpenPDFAIIM.html,phishing,phishing
www.adobe.com/accessibility/products/reader/,phishing,phishing
www.adobe.com/products/acrobat/,phishing,phishing
en.wikipedia.org/wiki/PostScript,phishing,phishing
www.adobe.com/products/postscript/,phishing,phishing
partners.adobe.com/public/developer/ps/index_specs.html,phishing,phishing
partners.adobe.com/public/developer/ps/sdk/index_archive.html,phishing,phishing
en.wikipedia.org/wiki/Newline,phishing,phishing
en.wikipedia.org/wiki/Plain_text,phishing,phishing
en.wikipedia.org/wiki/Rich_Text_Format,phishing,phishing
msdn.microsoft.com/en-us/library/aa140277(office.10).aspx,phishing,phishing
developer.apple.com/legacy/mac/library/technotes/fl/fl_36.html,phishing,phishing
www.almaden.ibm.com/StorageSystems/projects/gpfs/,phishing,phishing
www.apple.com/xsan/,phishing,phishing
en.wikipedia.org/wiki/DjVu,phishing,phishing
msdn.microsoft.com/en-us/library/ms532969(VS.85).aspx,phishing,phishing
en.wikipedia.org/wiki/X-Face,phishing,phishing
partners.adobe.com/public/developer/tiff/index.html,phishing,phishing
partners.adobe.com/public/developer/en/tiff/TIFF6.pdf,phishing,phishing
partners.adobe.com/public/developer/en/tiff/TIFFPM6.pdf,phishing,phishing
partners.adobe.com/public/developer/en/tiff/TIFFphotoshop.pdf,phishing,phishing
www.adobe.com/products/photoshop/extend.displayTab2.html,phishing,phishing
www.adobe.com/svg/,phishing,phishing
en.wikipedia.org/wiki/Scalable_Vector_Graphics,phishing,phishing
www.adobe.com/svg/viewer/install/,phishing,phishing
www.adobe.com/products/flashlite/,phishing,phishing
en.wikipedia.org/wiki/Vector_Markup_Language,phishing,phishing
msdn.microsoft.com/en-us/library/bb250524(VS.85).aspx,phishing,phishing
msdn.microsoft.com/en-us/library/ms670169(VS.85).aspx,phishing,phishing
www.ibm.com/developerworks/library/x-html5/,phishing,phishing
en.wikipedia.org/wiki/MathML,phishing,phishing
en.wikipedia.org/wiki/OpenMath,phishing,phishing
www.ibm.com/developerworks/web/library/x-html5xhtml2.html,phishing,phishing
www.ibm.com/developerworks/xml/library/x-xquery.html,phishing,phishing
www.ibm.com/developerworks/xml/library/x-dita4/,phishing,phishing
msdn.microsoft.com/en-us/library/aa768024(VS.85).aspx,phishing,phishing
msdn.microsoft.com/en-us/library/aa468560.aspx,phishing,phishing
www.ibm.com/developerworks/speakers/colan/,phishing,phishing
msdn.microsoft.com/en-us/office/aa905545.aspx,phishing,phishing
www.ibm.com/developerworks/xml/,phishing,phishing
msdn.microsoft.com/en-us/library/ms912490.aspx,phishing,phishing
msdn.microsoft.com/en-us/library/ms759204(VS.85).aspx,phishing,phishing
www-01.ibm.com/software/integration/datapower/,phishing,phishing
www.ibm.com/software/webservers/appserv/was/featurepacks/xml/,phishing,phishing
software.intel.com/en-us/articles/intel-soa-expressway-xslt-20-processor/,phishing,phishing
msdn.microsoft.com/en-us/data/bb190600.aspx,phishing,phishing
www.ibm.com/developerworks/library/it/it-0801art14/,phishing,phishing
www.ibm.com/developerworks/library/x-xslt2/,phishing,phishing
www.alphaworks.ibm.com/tech/texml,phishing,phishing
www.oracle.com/technology/tech/xml/,phishing,phishing
www.microsoft.com/en-us/download/details.aspx?id=7973,phishing,phishing
www.microsoft.com/biztalk/,phishing,phishing
www.microsoft.com/mspress/books/sampchap/4790.aspx,phishing,phishing
www.alphaworks.ibm.com/tech/xmlsqc,phishing,phishing
en.wikipedia.org/wiki/Microformat,phishing,phishing
en.wikipedia.org/wiki/ICalendar,phishing,phishing
www.adobe.com/devnet/dreamweaver/articles/css_simple_styling.html,phishing,phishing
en.wikipedia.org/wiki/VP8,phishing,phishing
h10025.www1.hp.com/ewfrf/wc/activityCenterHome?lc=en&amp;cc=us,phishing,phishing
en.wikipedia.org/wiki/Page_layout,phishing,phishing
en.wikipedia.org/wiki/Aldus_Corporation,phishing,phishing
www.adobe.com/products/plugins/indesign/,phishing,phishing
en.wikipedia.org/wiki/Adobe_PageMaker,phishing,phishing
office.microsoft.com/publisher/,phishing,phishing
en.wikipedia.org/wiki/Microsoft_Publisher,phishing,phishing
msdn.microsoft.com/en-gb/office/aa905474.aspx,phishing,phishing
en.wikipedia.org/wiki/QuarkXPress,phishing,phishing
www.cnn.com/TECH/computing/9812/17/t_t/e.books/,phishing,phishing
www.nytimes.com/2001/09/05/technology/ebusiness/05BOOK.html,phishing,phishing
www.nytimes.com/2001/02/28/technology/28BOOK.html,phishing,phishing
www.nytimes.com/2000/11/27/technology/27BOOK.html,phishing,phishing
www.nytimes.com/2000/11/06/technology/06BOOK.html,phishing,phishing
www.nytimes.com/library/magazine/home/20000604mag-ebook.html,phishing,phishing
www.nytimes.com/2001/01/04/technology/04BOOK.html,phishing,phishing
www.forbes.com/2000/08/31/feat2.html,phishing,phishing
www.nytimes.com/2001/03/19/technology/19BAEN.html,phishing,phishing
www.nytimes.com/2001/03/05/arts/05ARTS.html,phishing,phishing
www.nytimes.com/library/tech/99/11/biztech/articles/20book.html,phishing,phishing
www.nytimes.com/library/tech/99/12/biztech/articles/09book.html,phishing,phishing
www.cnn.com/TECH/computing/9810/09/digbooks.idg/index.html,phishing,phishing
www.nytimes.com/2001/05/10/technology/10CASS.html,phishing,phishing
www.nytimes.com/2001/06/18/technology/18LINK.html,phishing,phishing
www.nytimes.com/2001/08/28/technology/ebusiness/28EBOO.html,phishing,phishing
www.nytimes.com/2001/12/05/technology/05BOOK.html,phishing,phishing
www.nytimes.com/2002/02/21/technology/circuits/21BOOK.html,phishing,phishing
www.nytimes.com/2002/06/17/technology/17LIBR.html,phishing,phishing
archives.cnn.com/2000/books/news/10/25/salon.ebooks/index.html,phishing,phishing
archives.cnn.com/2000/TECH/computing/03/06/ebook.perks.idg/,phishing,phishing
archives.cnn.com/2001/LAW/06/25/scotus.copyright/,phishing,phishing
archives.cnn.com/2002/TECH/science/08/30/coolsc.ebooks/,phishing,phishing
www.forbes.com/2000/08/09/mu1.html,phishing,phishing
www.amazon.com/kindle-store-ebooks-newspapers-blogs/b?ie=UTF8&amp;node=133141011,phishing,phishing
en.wikipedia.org/wiki/Comparison_of_e-book_readers,phishing,phishing
www.apple.com/ipad/built-in-apps/ibooks.html,phishing,phishing
www.adobe.com/products/digitaleditions/,phishing,phishing
www.adobe.com/products/content-server.html,phishing,phishing
en.wikipedia.org/wiki/Microsoft_Reader,phishing,phishing
www.adobe.com/support/certification/index.html,phishing,phishing
en.wikipedia.org/wiki/Cisco_Career_Certifications,phishing,phishing
www.cisco.com/web/learning/le3/learning_career_certifications_and_learning_paths_home.html,phishing,phishing
www-03.ibm.com/certify/,phishing,phishing
www.ibm.com/services/learning/,phishing,phishing
archives.cnn.com/2001/TECH/computing/01/10/windows.mac.cohabit.idg/,phishing,phishing
en.wikipedia.org/wiki/Hercules_emulator,phishing,phishing
www.microsoft.com/windowsserversystem/virtualserver/,phishing,phishing
www.nytimes.com/library/cyber/week/0424ethics-links.html,phishing,phishing
en.wikipedia.org/wiki/Computer_graphics,phishing,phishing
www.apple.com/about/webbadges/,phishing,phishing
nssdc.gsfc.nasa.gov/photo_gallery/,phishing,phishing
www.microsoft.com/typography/otfntdev/bengalot/default.htm,phishing,phishing
www.microsoft.com/typography/links/,phishing,phishing
www.microsoft.com/truetype/,phishing,phishing
en.wikipedia.org/wiki/Favicon,phishing,phishing
en.wikipedia.org/wiki/ICO_(icon_image_file_format),phishing,phishing
developer.intel.com/technology/pciexpress/devnet/,phishing,phishing
en.wikipedia.org/wiki/PCI-Express,phishing,phishing
www.hpl.hp.com/techreports/97/HPL-97-02.html,phishing,phishing
developer.apple.com/hardware/usb/,phishing,phishing
www.cnn.com/2000/TECH/computing/08/24/usb.agp.tips.idg/,phishing,phishing
www.nvidia.com/page/mobo.html,phishing,phishing
en.wikipedia.org/wiki/Central_processing_unit,phishing,phishing
domino.research.ibm.com/comm/research.nsf/pages/r.arch.html,phishing,phishing
en.wikipedia.org/wiki/MOS_Technology_6502,phishing,phishing
en.wikipedia.org/wiki/MOS_Technology,phishing,phishing
en.wikipedia.org/wiki/Motorola_68000,phishing,phishing
en.wikipedia.org/wiki/68k,phishing,phishing
www.hp.com/products1/evolution/alpha_retaintrust/,phishing,phishing
en.wikipedia.org/wiki/DEC_Alpha,phishing,phishing
en.wikipedia.org/wiki/ARM_architecture,phishing,phishing
en.wikipedia.org/wiki/Atmel_AVR,phishing,phishing
en.wikipedia.org/wiki/Barrel_processor,phishing,phishing
en.wikipedia.org/wiki/Bit_slicing,phishing,phishing
en.wikipedia.org/wiki/Complex_instruction_set_computer,phishing,phishing
en.wikipedia.org/wiki/DLX,phishing,phishing
en.wikipedia.org/wiki/Intel_iAPX_432,phishing,phishing
en.wikipedia.org/wiki/Transport_Triggered_Architectures,phishing,phishing
en.wikipedia.org/wiki/One_instruction_set_computer,phishing,phishing
en.wikipedia.org/wiki/MIPS_architecture,phishing,phishing
en.wikipedia.org/wiki/Emotion_Engine,phishing,phishing
archives.cnn.com/2000/TECH/computing/02/01/emotion.engine.idg/,phishing,phishing
en.wikipedia.org/wiki/Multiprocessing,phishing,phishing
en.wikipedia.org/wiki/Nios_II,phishing,phishing
en.wikipedia.org/wiki/PA-RISC_family,phishing,phishing
en.wikipedia.org/wiki/PIC_microcontroller,phishing,phishing
en.wikipedia.org/wiki/IBM_POWER,phishing,phishing
en.wikipedia.org/wiki/PowerPC,phishing,phishing
www.ibm.com/developerworks/power/,phishing,phishing
en.wikipedia.org/wiki/Cell_(microprocessor),phishing,phishing
www.alphaworks.ibm.com/topics/cell/,phishing,phishing
www.forbes.com/forbes/2006/0130/076.html,phishing,phishing
en.wikipedia.org/wiki/Reconfigurable_computing,phishing,phishing
en.wikipedia.org/wiki/Reversible_computing,phishing,phishing
en.wikipedia.org/wiki/Reduced_instruction_set_computer,phishing,phishing
en.wikipedia.org/wiki/SPARC,phishing,phishing
en.wikipedia.org/wiki/SuperH,phishing,phishing
en.wikipedia.org/wiki/Transmeta,phishing,phishing
en.wikipedia.org/wiki/INMOS_transputer,phishing,phishing
en.wikipedia.org/wiki/Very_long_instruction_word,phishing,phishing
researchweb.watson.ibm.com/vliw/,phishing,phishing
en.wikipedia.org/wiki/X86_architecture,phishing,phishing
en.wikipedia.org/wiki/Zilog_Z80,phishing,phishing
en.wikipedia.org/wiki/ZiLOG,phishing,phishing
en.wikipedia.org/wiki/Zero_Instruction_Set_Computer,phishing,phishing
www.intel.com/products/graphics/,phishing,phishing
researchweb.watson.ibm.com/daisy/,phishing,phishing
en.wikipedia.org/wiki/IPod,phishing,phishing
www.samsung.com/us/computer/monitors,phishing,phishing
www.apple.com/displays/,phishing,phishing
accessories.us.dell.com/sna/category.aspx?c=us&amp;category_id=4009&amp;cs=19&amp;l=en&amp;s=dhs&amp;~ck=mn.,phishing,phishing
www.shopping.hp.com/webapp/shopping/store_access.do?template_type=storefronts&amp;landing=display&amp;category=display,phishing,phishing
www.hp.com/cposupport/eschome.html,phishing,phishing
www.adobe.com/products/printerdrivers/,phishing,phishing
www.hp.com/country/us/eng/prodserv/printing.html,phishing,phishing
www.hp.com/buy/parts/,phishing,phishing
www.hp.com/peripherals2/scanjet_info/,phishing,phishing
en.wikipedia.org/wiki/Programmable_logic_device,phishing,phishing
en.wikipedia.org/wiki/Programmable_Array_Logic,phishing,phishing
en.wikipedia.org/wiki/Complex_programmable_logic_device,phishing,phishing
en.wikipedia.org/wiki/Field-programmable_gate_array,phishing,phishing
www.cnn.com/TECH/computing/9906/15/supercomp.idg/index.html,phishing,phishing
www.forbes.com/asap/1999/0531/017.html,phishing,phishing
welcome.hp.com/country/us/en/prodserv/storage.html,phishing,phishing
www-03.ibm.com/servers/storage/,phishing,phishing
en.wikipedia.org/wiki/Data_recovery,phishing,phishing
www.apple.com/xserve/raid/,phishing,phishing
domino.research.ibm.com/comm/pr.nsf/pages/news.20020206_metapad.html,phishing,phishing
www-01.ibm.com/common/ssi/index.wss,phishing,phishing
www.ibm.com/servers/resourcelink,phishing,phishing
www-03.ibm.com/ibm/history/,phishing,phishing
www-03.ibm.com/servers/eserver/zseries/cfsizer/,phishing,phishing
www-03.ibm.com/systems/z/developers/,phishing,phishing
www-306.ibm.com/software/applications/office/bkmgr/softcopyread.html,phishing,phishing
www.ibm.com/products/finder/us/finders?pg=trfinder,phishing,phishing
www-935.ibm.com/services/us/index.wss/itservice/bcrs/a1000411/,phishing,phishing
www.ibm.com/products/retail/products/self/kiosk/index.html,phishing,phishing
en.wikipedia.org/wiki/ASUS_Eee_PC,phishing,phishing
www.direct.ibm.com/parts,phishing,phishing
en.wikipedia.org/wiki/Quiet_PC,phishing,phishing
cnn.com/2003/TECH/ptech/11/10/silent.pc.reut/,phishing,phishing
www-03.ibm.com/servers/acoustical/whatis.html,phishing,phishing
en.wikipedia.org/wiki/David_Wheeler,phishing,phishing
www.hpl.hp.com/techreports/Compaq-DEC/SRC-RR-61.pdf,phishing,phishing
en.wikipedia.org/wiki/Gordon_Bell,phishing,phishing
www.research.microsoft.com/users/gbell/,phishing,phishing
en.wikipedia.org/wiki/Edsger_Dijkstra,phishing,phishing
en.wikipedia.org/wiki/J._Presper_Eckert,phishing,phishing
www.almaden.ibm.com/almaden/npuc97/1995/engelbart.htm,phishing,phishing
en.wikipedia.org/wiki/Douglas_Engelbart,phishing,phishing
en.wikipedia.org/wiki/Bill_Gates,phishing,phishing
money.cnn.com/2006/03/30/news/newsmakers/gates_howiwork_fortune/,phishing,phishing
www.microsoft.com/presspass/exec/billg/,phishing,phishing
en.wikipedia.org/wiki/Grace_Hopper,phishing,phishing
"'en.wikipedia.org/wiki/Daniel_Henry_Holmes_Ingalls,_Jr.'",phishing,phishing
en.wikipedia.org/wiki/Steve_Jobs,phishing,phishing
www.nytimes.com/1997/01/12/magazine/creating-jobs.html,phishing,phishing
www.youtube.com/watch?v=UF8uR6Z6KLc,phishing,phishing
www.forbes.com/profile/steve-jobs/,phishing,phishing
www.imdb.com/name/nm0423418/,phishing,phishing
topics.nytimes.com/top/reference/timestopics/people/j/steven_p_jobs/,phishing,phishing
www.bloomberg.com/video/66625228/,phishing,phishing
en.wikipedia.org/wiki/Alan_Kay,phishing,phishing
en.wikipedia.org/wiki/Gary_Kildall,phishing,phishing
en.wikipedia.org/wiki/Donald_Knuth,phishing,phishing
en.wikipedia.org/wiki/Raymond_Kurzweil,phishing,phishing
money.cnn.com/magazines/fortune/fortune_archive/2007/05/14/100008848/,phishing,phishing
research.microsoft.com/lampson/,phishing,phishing
en.wikipedia.org/wiki/Butler_Lampson,phishing,phishing
en.wikipedia.org/wiki/John_Mauchly,phishing,phishing
en.wikipedia.org/wiki/John_McCarthy_(computer_scientist),phishing,phishing
en.wikipedia.org/wiki/Robert_Metcalfe,phishing,phishing
en.wikipedia.org/wiki/Jay_Miner,phishing,phishing
en.wikipedia.org/wiki/Marvin_Minsky,phishing,phishing
en.wikipedia.org/wiki/Gordon_Moore,phishing,phishing
www.microsoft.com/presspass/features/2002/apr02/04-17msrcambridge.mspx,phishing,phishing
en.wikipedia.org/wiki/Ted_Nelson,phishing,phishing
en.wikipedia.org/wiki/John_von_Neumann,phishing,phishing
en.wikipedia.org/wiki/Seymour_Papert,phishing,phishing
en.wikipedia.org/wiki/Jef_Raskin,phishing,phishing
en.wikipedia.org/wiki/Dennis_Ritchie,phishing,phishing
www.youtube.com/watch?v=LXZ1OL2U3lY,phishing,phishing
www.youtube.com/watch?v=7FjX7r5icV8,phishing,phishing
www.nytimes.com/2011/10/14/technology/dennis-ritchie-programming-trailblazer-dies-at-70.html,phishing,phishing
en.wikipedia.org/wiki/Charles_Simonyi,phishing,phishing
en.wikipedia.org/wiki/Ivan_Sutherland,phishing,phishing
en.wikipedia.org/wiki/Larry_Tessler,phishing,phishing
en.wikipedia.org/wiki/Mark_Weiser,phishing,phishing
en.wikipedia.org/wiki/Norbert_Wiener,phishing,phishing
en.wikipedia.org/wiki/Terry_Winograd,phishing,phishing
en.wikipedia.org/wiki/Konrad_Zuse,phishing,phishing
en.wikipedia.org/wiki/CAPTCHA,phishing,phishing
www.cisco.com/warp/public/707/newsflash.html,phishing,phishing
en.wikipedia.org/wiki/Denial_of_service,phishing,phishing
www.microsoft.com/windows/ieak/,phishing,phishing
www-1.ibm.com/servers/eserver/zseries/os/linux/lcds/,phishing,phishing
www.microsoft.com/windows/windowsmedia/,phishing,phishing
www.apple.com/quicktime/,phishing,phishing
en.wikipedia.org/wiki/Google_Talk,phishing,phishing
research.microsoft.com/en-us/projects/portrait/,phishing,phishing
en.wikipedia.org/wiki/Cloud_computing,phishing,phishing
aws.amazon.com/documentation/,phishing,phishing
msdn.microsoft.com/en-us/ff380142.aspx,phishing,phishing
www.microsoft.com/windowsazure/,phishing,phishing
www.ibm.com/ibm/cloud/,phishing,phishing
www.salesforce.com/platform/,phishing,phishing
content.dell.com/us/en/enterprise/cloud-computing.aspx,phishing,phishing
cnn.com/2001/TECH/internet/05/21/TLDA.idg/,phishing,phishing
www.nytimes.com/2002/06/24/technology/24MARK.html,phishing,phishing
www.forbes.com/2000/02/07/feat.html,phishing,phishing
money.cnn.com/2001/03/06/sbrunning/biz_sex/,phishing,phishing
en.wikipedia.org/wiki/Uniform_Domain-Name_Dispute-Resolution_Policy,phishing,phishing
www.cnn.com/TECH/computing/9908/30/hotmail.06/,phishing,phishing
en.wikipedia.org/wiki/E-mail_marketing,phishing,phishing
en.wikipedia.org/wiki/Spamming,phishing,phishing
en.wikipedia.org/wiki/SpamAssassin,phishing,phishing
www.cnn.com/TECH/computing/9806/30/diy.spam.idg/index.html,phishing,phishing
www.cnn.com/TECH/computing/9806/23/cheap.spam.idg/index.html,phishing,phishing
www.cnn.com/TECH/computing/9806/19/spam.cops.idg/index.html,phishing,phishing
www.cnn.com/TECH/computing/9806/18/email.overload.idg/index.html,phishing,phishing
www.nytimes.com/library/tech/99/06/circuits/articles/24spam.html,phishing,phishing
www.forbes.com/forbes/2000/0918/6608230a.html,phishing,phishing
cnn.com/2001/TECH/internet/12/07/euro.spam.cookies.idg/index.html,phishing,phishing
edition.cnn.com/2001/TECH/internet/02/16/attack.on.spam.idg/index.html,phishing,phishing
en.wikipedia.org/wiki/Disposable_e-mail_address,phishing,phishing
www.apple.com/dotmac/,phishing,phishing
en.wikipedia.org/wiki/Flame_war,phishing,phishing
en.wikipedia.org/wiki/File_sharing,phishing,phishing
en.wikipedia.org/wiki/BitTorrent,phishing,phishing
www.nytimes.com/1993/02/28/business/the-executive-computer-a-web-of-networks-an-abundance-of-services.html,phishing,phishing
fr.wikipedia.org/wiki/Robert_Cailliau,phishing,phishing
cnn.com/2001/TECH/internet/03/07/coffee.pot/,phishing,phishing
en.wikipedia.org/wiki/Trojan_Room_coffee_pot,phishing,phishing
www.forbes.com/bow/,phishing,phishing
www.adobe.com/showcase/,phishing,phishing
www.nytimes.com/2001/05/07/technology/07NECO.html,phishing,phishing
en.wikipedia.org/wiki/Facebook,phishing,phishing
en.wikipedia.org/wiki/MySpace,phishing,phishing
en.wikipedia.org/wiki/Pinterest,phishing,phishing
www.forbes.com/sites/worldviews/2012/05/07/the-pinterest-gap-is-pinning-only-for-women/,phishing,phishing
en.wikipedia.org/wiki/Podcast,phishing,phishing
en.wikipedia.org/wiki/Web_feed,phishing,phishing
en.wikipedia.org/wiki/Atom_(standard),phishing,phishing
www.nytimes.com/services/xml/rss/index.html,phishing,phishing
en.wikipedia.org/wiki/WordPress,phishing,phishing
www.adobe.com/products/contribute/,phishing,phishing
aws.amazon.com/s3,phishing,phishing
www.nytimes.com/library/tech/reference/index-domain.html,phishing,phishing
www.redbooks.ibm.com/abstracts/gg243376.html,phishing,phishing
www.redbooks.ibm.com/abstracts/sg245280.html,phishing,phishing
en.wikipedia.org/wiki/Gopher_(protocol),phishing,phishing
www.cisco.com/univercd/cc/td/doc/product/atm/l2020/2020r21x/planning/appndxa.htm#xtocid87490,phishing,phishing
download.intel.com/technology/itj/q42000/pdf/ipaddress.pdf,phishing,phishing
en.wikipedia.org/wiki/Subnetwork,phishing,phishing
www.cisco.com/en/US/tech/tk648/tk361/tk438/tsd_technology_support_sub-protocol_home.html,phishing,phishing
en.wikipedia.org/wiki/IPv6,phishing,phishing
www.cisco.com/en/US/products/ps6553/products_ios_technology_home.html,phishing,phishing
technet.microsoft.com/en-us/network/bb530961.aspx,phishing,phishing
www-01.ibm.com/software/info/ipv6/compliance.jsp,phishing,phishing
www.cisco.com/univercd/cc/td/doc/product/software/ios113ed/113ed_cr/switch_c/xcvlan.htm,phishing,phishing
www.cisco.com/en/US/docs/internetworking/design/guide/idg4.html,phishing,phishing
www.cisco.com/en/US/docs/internetworking/technology/handbook/Intro-to-LAN.html,phishing,phishing
www.cisco.com/en/US/tech/tk365/technologies_tech_note09186a00800a67f5.shtml,phishing,phishing
docwiki.cisco.com/wiki/Internetwork_Design_Guide,phishing,phishing
www.cisco.com/en/US/tech/tk365/tk80/tsd_technology_support_sub-protocol_home.html,phishing,phishing
www.cisco.com/en/US/docs/internetworking/case/studies/icsbgp4.html,phishing,phishing
www.cisco.com/en/US/tech/tk365/tk480/tsd_technology_support_sub-protocol_home.html,phishing,phishing
support.microsoft.com/default.aspx?scid=KB;EN-US;Q241545&amp;,phishing,phishing
www.cisco.com/en/US/docs/internetworking/technology/handbook/RIP.html,phishing,phishing
www.redbooks.ibm.com/abstracts/sg244986.html,phishing,phishing
www.redbooks.ibm.com/abstracts/sg246163.html,phishing,phishing
www.cisco.com/public/sw-center/netmgmt/cmtk/mibs.shtml,phishing,phishing
tools.cisco.com/Support/SNMP/do/BrowseOID.do?local=en,phishing,phishing
research.microsoft.com/apps/pubs/default.aspx?id=70189,phishing,phishing
www.microsoft.com/windows/ie/ie6/using/howto/security/contentadv/config.mspx,phishing,phishing
www.cisco.com/en/US/products/hw/contnetw/index.html,phishing,phishing
www.almaden.ibm.com/cs/wbi/,phishing,phishing
technet.microsoft.com/en-gb/forefront/edgesecurity/default.aspx,phishing,phishing
www.intel.com/research/,phishing,phishing
topics.nytimes.com/top/news/technology/cybertimesnavigator/,phishing,phishing
en.wikipedia.org/wiki/Open_Directory_Project,phishing,phishing
www.nytimes.com/library/tech/99/04/cyber/articles/28search.html,phishing,phishing
www.cnn.com/TECH/computing/9910/21/search.engine.idg/index.html,phishing,phishing
www.nytimes.com/library/tech/00/01/biztech/articles/17digi.html,phishing,phishing
www.nytimes.com/library/tech/00/03/circuits/articles/23sull.html,phishing,phishing
www.forbes.com/free_forbes/2007/0507/190.html,phishing,phishing
research.microsoft.com/research/pubs/view.aspx?pubid=1460,phishing,phishing
research.microsoft.com/~ryenw/papers/ClarkeSIGIR2007.pdf,phishing,phishing
research.microsoft.com/apps/pubs/default.aspx?id=67818,phishing,phishing
research.microsoft.com/apps/pubs/default.aspx?id=69202,phishing,phishing
www.forbes.com/2000/10/04/1004looksmart.html,phishing,phishing
www.microsoft.com/en-us/news/presskits/bing/,phishing,phishing
www.forbes.com/1999/10/04/feat.html,phishing,phishing
www.nytimes.com/2002/12/09/technology/09NECO.html,phishing,phishing
archives.cnn.com/2000/TECH/computing/04/24/google.idg/,phishing,phishing
www.nytimes.com/2002/11/28/technology/postcards-from-planet-google.html,phishing,phishing
www.nytimes.com/2002/09/11/news/11iht-_dotcom_ed1_.html,phishing,phishing
www.ibm.com/developerworks/websphere/techjournal/0206_kam/kam.html,phishing,phishing
en.wikipedia.org/wiki/Voice_over_IP,phishing,phishing
www.microsoft.com/enable/,phishing,phishing
www.alphaworks.ibm.com/tech/adesigner,phishing,phishing
archives.cnn.com/2000/TECH/computing/08/07/web.site.accessibility.idg/index.html,phishing,phishing
en.wikipedia.org/wiki/Web_accessibility,phishing,phishing
www.youtube.com/watch?v=AmUPhEVWu_E,phishing,phishing
en.wikipedia.org/wiki/Link_rot,phishing,phishing
www.adobe.com/devnet/,phishing,phishing
support.microsoft.com/kb/q182615/,phishing,phishing
www.ibm.com/developerworks/web/library/wa-seo2/,phishing,phishing
www.ibm.com/developerworks/web/library/wa-seo1.html,phishing,phishing
www.ibm.com/developerworks/web/library/wa-seo3.html,phishing,phishing
www.ibm.com/developerworks/web/library/wa-seo4.html,phishing,phishing
www.adobe.com/devnet/flash/testing_usability.html,phishing,phishing
www.ibm.com/developerworks/web/,phishing,phishing
en.wikipedia.org/wiki/Web_2.0,phishing,phishing
www.ibm.com/developerworks/podcast/dwi/cm-int082206txt.html,phishing,phishing
www.microsoft.com/sharepoint/,phishing,phishing
domino.research.ibm.com/comm/research.nsf/pages/r.mobile.html,phishing,phishing
en.wikipedia.org/wiki/Symbian_OS,phishing,phishing
www.adobe.com/products/acrobat/readerforsymbian.html,phishing,phishing
www.adobe.com/web/wireless/mms.html,phishing,phishing
en.wikipedia.org/wiki/Demoscene,phishing,phishing
www.adobe.com/products/flash/,phishing,phishing
www.adobe.com/accessibility/products/flash/,phishing,phishing
blogs.adobe.com/accessibility/flash/,phishing,phishing
www.adobe.com/devnet/seo/,phishing,phishing
www.adobe.com/support/flash/,phishing,phishing
www.adobe.com/cfusion/knowledgebase/index.cfm?id=tn_14266,phishing,phishing
blogs.adobe.com/penguin.swf/,phishing,phishing
blogs.adobe.com/penguin.swf/atom.xml,phishing,phishing
www.adobe.com/products/flex/,phishing,phishing
www.adobe.com/cfusion/webforums/forum/categories.cfm?forumid=60&amp;catid=585,phishing,phishing
www.adobe.com/devnet/flex/videotraining/,phishing,phishing
opensource.adobe.com/wiki/display/flexsdk/Flex+SDK,phishing,phishing
www.adobe.com/devnet/flex/,phishing,phishing
www.adobe.com/go/rss_flex,phishing,phishing
opensource.adobe.com/wiki/display/flexunit/FlexUnit,phishing,phishing
opensource.adobe.com/wiki/display/flexsdk/Gumbo,phishing,phishing
en.wikipedia.org/wiki/JavaFX,phishing,phishing
download.oracle.com/javafx/1.3/tutorials/core/,phishing,phishing
download.oracle.com/javafx/1.2/gettingstarted/javafx/index.html,phishing,phishing
www.microsoft.com/silverlight/,phishing,phishing
msdn.microsoft.com/en-us/asp.net/bb187358.aspx,phishing,phishing
msdn.microsoft.com/en-us/magazine/cc163404.aspx,phishing,phishing
www.microsoft.com/presspass/press/2007/apr07/04-15WPFEPR.mspx,phishing,phishing
www.adobe.com/products/aftereffects/,phishing,phishing
www.adobe.com/products/premiere/,phishing,phishing
www.apple.com/ilife/imovie/,phishing,phishing
www.apple.com/finalcutpro/,phishing,phishing
www.adobe.com/products/premiere-elements.html,phishing,phishing
www.apple.com/itunes/,phishing,phishing
www.microsoft.com/windows/mediaplayer/,phishing,phishing
developer.apple.com/quicktime/,phishing,phishing
www.amazon.com/exec/obidos/ASIN/0071348190,phishing,phishing
www.amazon.com/exec/obidos/ASIN/0792381300,phishing,phishing
www.alphaworks.ibm.com/tech/tk4mpeg4/,phishing,phishing
www.microsoft.com/windows/windowsmedia/mp10/default.aspx,phishing,phishing
www.apple.com/quicktime/player/,phishing,phishing
en.wikipedia.org/wiki/Ogg_Vorbis,phishing,phishing
en.wikipedia.org/wiki/SHN,phishing,phishing
en.wikipedia.org/wiki/TTA,phishing,phishing
en.wikipedia.org/wiki/WAV,phishing,phishing
en.wikipedia.org/wiki/General_MIDI,phishing,phishing
www.apple.com/ilife/garageband/,phishing,phishing
www.microsoft.com/windows/windowsmedia/player/mac/mp71/,phishing,phishing
www.apple.com/logic/,phishing,phishing
windows.microsoft.com/en-GB/windows/products/windows-media,phishing,phishing
www.adobe.com/support/authorware/,phishing,phishing
www.adobe.com/products/authorware/,phishing,phishing
en.wikipedia.org/wiki/Winamp,phishing,phishing
developer.apple.com/opensource/,phishing,phishing
en.wikipedia.org/wiki/Open_source,phishing,phishing
archives.cnn.com/2000/TECH/computing/05/05/open.source.smugglers.idg/,phishing,phishing
www.forbes.com/forbes/1999/0809/6403122a.html,phishing,phishing
www.ibm.com/developerworks/opensource,phishing,phishing
en.wikipedia.org/wiki/Nupedia,phishing,phishing
cnn.com/2003/TECH/internet/08/03/wikipedia/,phishing,phishing
en.wikipedia.org/wiki/Apache_Software_Foundation,phishing,phishing
en.wikipedia.org/wiki/Free_software_foundation,phishing,phishing
www.nytimes.com/2009/07/26/technology/companies/26mozilla.html,phishing,phishing
www.hpl.hp.com/personal/ange/gnuserv/home.html,phishing,phishing
science.nasa.gov/newhome/headlines/ast28may99_1.htm,phishing,phishing
www.haifa.il.ibm.com/Workshops/padtad2008/,phishing,phishing
publib-b.boulder.ibm.com/Redbooks.nsf/RedbookAbstracts/sg245380.html?Open,phishing,phishing
'www.amazon.com/s/url=search-alias\%3Dstripbooks&amp;field-keywords=Capacity+Planning',phishing,phishing
en.wikipedia.org/wiki/Computer_programming,phishing,phishing
www.ibm.com/developerworks/webservices/library/co-tmline/,phishing,phishing
www.microsoft.com/com/,phishing,phishing
www.microsoft.com/presspass/press/1999/Feb99/DNApr.mspx,phishing,phishing
'www.amazon.com/s/url=search-alias\%3Dstripbooks&amp;field-keywords=Component+Frameworks+COM',phishing,phishing
www.microsoft.com/msj/0599/complusprog/complusprog.aspx,phishing,phishing
support.microsoft.com/kb/q281335/,phishing,phishing
www.microsoft.com/presspass/press/1997/Sept97/COMplspr.mspx,phishing,phishing
www.amazon.com/exec/obidos/ASIN/157231849X,phishing,phishing
www.microsoft.com/msj/0198/mtscom/mtscom.htm,phishing,phishing
research.microsoft.com/~ymwang/papers/HTML/DCOMnCORBA/S.html,phishing,phishing
www.ibm.com/developerworks/library/co-cjct7/,phishing,phishing
www.ibm.com/developerworks/library/co-cjct6/,phishing,phishing
www.ibm.com/developerworks/webservices/library/co-cjct8/,phishing,phishing
www.ibm.com/developerworks/webservices/library/ws-underhood/,phishing,phishing
www.ibm.com/developerworks/library/co-corbajct4/,phishing,phishing
www.microsoft.com/net/,phishing,phishing
msdn.microsoft.com/en-us/netframework/aa663323.aspx,phishing,phishing
msdn.microsoft.com/en-us/netframework/aa569283.aspx,phishing,phishing
www.microsoft.com/presspass/press/2000/nov00/VSFWbeta1PR.mspx,phishing,phishing
msdn.microsoft.com/en-us/library/ms973843.aspx,phishing,phishing
msdn.microsoft.com/en-us/magazine/bb985026.aspx,phishing,phishing
msdn.microsoft.com/en-us/magazine/cc301569.aspx,phishing,phishing
msdn.microsoft.com/netframework/aa497273.aspx,phishing,phishing
msdn.microsoft.com/en-us/library/ms973850.aspx,phishing,phishing
microsoft.com/netframework/,phishing,phishing
msdn.microsoft.com/en-us/library/ms973862.aspx,phishing,phishing
msdn.microsoft.com/en-gb/theshow.aspx,phishing,phishing
msdn.microsoft.com/library/bb429476.aspx,phishing,phishing
msdn.microsoft.com/en-us/library/ms182409.aspx,phishing,phishing
code.msdn.microsoft.com/silverlightut,phishing,phishing
research.microsoft.com/en-us/projects/pex/,phishing,phishing
research.microsoft.com/en-us/projects/moles/,phishing,phishing
msdn.microsoft.com/webservices/,phishing,phishing
www.microsoft.com/presspass/features/2000/nov00/11-13visualstudio.mspx,phishing,phishing
www.ibm.com/developerworks/webservices/library/co-pyxp1/,phishing,phishing
www.ibm.com/developerworks/webservices/library/co-pyxp2.html,phishing,phishing
www.ibm.com/developerworks/webservices/library/co-xpcom3.html,phishing,phishing
www.ibm.com/developerworks/webservices/library/co-xpcom2.html,phishing,phishing
www.ibm.com/developerworks/webservices/library/co-xpcom4/,phishing,phishing
www.ibm.com/developerworks/webservices/library/co-xpcom.html,phishing,phishing
www.ibm.com/developerworks/webservices/library/co-xpcom5.html,phishing,phishing
support.microsoft.com/default.aspx?scid=KB;EN-US;Q183606&amp;,phishing,phishing
msdn.microsoft.com/en-us/library/aa905875(SQL.80).aspx,phishing,phishing
support.microsoft.com/kb/183606,phishing,phishing
msdn.microsoft.com/en-us/library/Aa224767,phishing,phishing
msdn.microsoft.com/en-us/library/ms805098,phishing,phishing
msdn.microsoft.com/en-us/library/ms681484(v=vs.85).aspx,phishing,phishing
msdn.microsoft.com/en-us/library/Aa286484,phishing,phishing
msdn.microsoft.com/en-us/library/ms971481.aspx,phishing,phishing
msdn.microsoft.com/en-us/library/aa302325.aspx,phishing,phishing
msdn.microsoft.com/en-us/library/ms971491.aspx,phishing,phishing
msdn.microsoft.com/en-us/library/ms978496.aspx,phishing,phishing
msdn.microsoft.com/en-us/library/ms971502.aspx,phishing,phishing
msdn.microsoft.com/en-us/library/ms978457.aspx,phishing,phishing
msdn.microsoft.com/en-us/library/ms810288.aspx,phishing,phishing
msdn.microsoft.com/en-us/library/Ee817654(pandp.10).aspx,phishing,phishing
msdn.microsoft.com/en-us/magazine/cc301611.aspx,phishing,phishing
msdn.microsoft.com/en-us/magazine/cc188748.aspx,phishing,phishing
msdn.microsoft.com/en-us/magazine/cc188750.aspx,phishing,phishing
msdn.microsoft.com/en-us/magazine/cc188790.aspx,phishing,phishing
www.amazon.com/exec/obidos/tg/detail/-/186100463X/,phishing,phishing
msdn.microsoft.com/en-us/library/ms810829.aspx,phishing,phishing
www.hp.com/go/wdb,phishing,phishing
www.microsoft.com/whdc/devtools/debugging/,phishing,phishing
en.wikipedia.org/wiki/Debugging,phishing,phishing
www.adobe.com/products/robohelp/,phishing,phishing
www.ibm.com/software/awdtools/hlasm/,phishing,phishing
en.wikipedia.org/wiki/Programming_style,phishing,phishing
www.ibm.com/developerworks/linux/library/l-clear-code/,phishing,phishing
research.microsoft.com/~hoppe/,phishing,phishing
developer.apple.com/graphicsimaging/opengl/,phishing,phishing
en.wikipedia.org/wiki/Opengl,phishing,phishing
msdn.microsoft.com/en-us/library/ms537006(VS.85).aspx,phishing,phishing
lists.apple.com/mailman/listinfo/mac-opengl,phishing,phishing
www.nvidia.com/content/drivers/drivers.asp,phishing,phishing
en.wikipedia.org/wiki/PL/I_programming_language,phishing,phishing
msdn.microsoft.com/en-us/asp.net/default.aspx,phishing,phishing
msdn.microsoft.com/en-us/library/ms972429.aspx,phishing,phishing
msdn.microsoft.com/en-us/magazine/cc301329.aspx,phishing,phishing
msdn.microsoft.com/en-us/library/aa478959.aspx,phishing,phishing
support.microsoft.com/default.aspx?scid=KB;EN-US;q167941&amp;,phishing,phishing
support.microsoft.com/default.aspx?scid=KB;EN-US;Q294271&amp;,phishing,phishing
en.wikipedia.org/wiki/ColdFusion,phishing,phishing
www.adobe.com/support/training/products/coldfusion.html,phishing,phishing
www.adobe.com/cfusion/usergroups/,phishing,phishing
www.oracle.com/technology/pub/articles/piotrowski-pythoncore.html?rssid=rss_otn_articles,phishing,phishing
msdn.microsoft.com/en-us/library/aa480029.aspx,phishing,phishing
www.alphaworks.ibm.com/webservices,phishing,phishing
www.ibm.com/developerworks/webservices/,phishing,phishing
research.microsoft.com/projects/Samoa,phishing,phishing
www.ibm.com/developerworks/webservices/library/w-ovr/,phishing,phishing
www.alphaworks.ibm.com/tech/webservicestoolkit,phishing,phishing
www.ibm.com/developerworks/webservices/library/ws-soap/,phishing,phishing
www.alphaworks.ibm.com/tech/soap4j,phishing,phishing
www.alphaworks.ibm.com/tech/wsdltoolkit,phishing,phishing
msdn.microsoft.com/en-us/library/ms740548.aspx,phishing,phishing
msdn.microsoft.com/en-us/library/ms740673.aspx,phishing,phishing
www.microsoft.com/windows/ie/default.htm,phishing,phishing
en.wikipedia.org/wiki/Programming_language,phishing,phishing
en.wikipedia.org/wiki/ABC_programming_language,phishing,phishing
www-306.ibm.com/software/awdtools/developer/ada/,phishing,phishing
www.ibm.com/software/awdtools/developer/ada/,phishing,phishing
en.wikipedia.org/wiki/ALGOL,phishing,phishing
research.microsoft.com/users/GBell/Computer_Engineering/00000506.htm,phishing,phishing
en.wikipedia.org/wiki/ALGOL_68,phishing,phishing
en.wikipedia.org/wiki/APL_programming_language,phishing,phishing
'www.amazon.com/s/url=search-alias\%3Dstripbooks&amp;field-keywords=apl',phishing,phishing
www-306.ibm.com/software/awdtools/apl/,phishing,phishing
en.wikipedia.org/wiki/Assembly_language,phishing,phishing
en.wikipedia.org/wiki/MIX,phishing,phishing
en.wikipedia.org/wiki/High_Level_Assembly,phishing,phishing
www.intel.com/design/archives/processors/,phishing,phishing
en.wikipedia.org/wiki/AWK_(programming_language),phishing,phishing
en.wikipedia.org/wiki/BETA,phishing,phishing
en.wikipedia.org/wiki/Standard_Template_Library,phishing,phishing
www.intel.com/software/products/compilers/,phishing,phishing
www-949.ibm.com/software/rational/cafe/community/ccpp,phishing,phishing
h21007.www2.hp.com/portal/site/dspp/menuitem.863c3e4cbcdc3f3515b49c108973a801/?ciid=a908852bcbe02110852bcbe02110275d6e10RCRD,phishing,phishing
www.ibm.com/developerworks/aix/library/au-gcc/index.html,phishing,phishing
www.microsoft.com/mind/0199/netmeeting/netmeeting.htm,phishing,phishing
support.microsoft.com/default.aspx?scid=support.microsoft.com:80/support/kb/articles/Q166/4/80.asp&amp;NoWebContent=1&amp;NoWebContent=1,phishing,phishing
msdn.microsoft.com/en-us/magazine/cc163971.aspx,phishing,phishing
msdn.microsoft.com/vcsharp/,phishing,phishing
www.microsoft.com/presspass/press/2000/jun00/CSharpPR.mspx,phishing,phishing
www.microsoft.com/presspass/features/2000/jun00/06-26csharp.mspx,phishing,phishing
msdn.microsoft.com/en-us/magazine/cc301505.aspx,phishing,phishing
www.amazon.com/exec/obidos/ASIN/0835970124,phishing,phishing
www.ibm.com/developerworks/aix/library/au-hook_duttaC.html,phishing,phishing
en.wikipedia.org/wiki/Cg_programming_language,phishing,phishing
en.wikipedia.org/wiki/Clean_(programming_language),phishing,phishing
www-306.ibm.com/software/awdtools/cobol/,phishing,phishing
publib-b.boulder.ibm.com/Redbooks.nsf/redbooks/,phishing,phishing
www-306.ibm.com/software/awdtools/cobol/library/,phishing,phishing
research.microsoft.com/comega/,phishing,phishing
en.wikipedia.org/wiki/Curl_programming_language,phishing,phishing
en.wikipedia.org/wiki/Curly_bracket_programming_language,phishing,phishing
en.wikipedia.org/wiki/D_programming_language,phishing,phishing
en.wikipedia.org/wiki/Dataflow_language,phishing,phishing
en.wikipedia.org/wiki/Data-structured_language,phishing,phishing
en.wikipedia.org/wiki/Declarative_programming_language,phishing,phishing
www.amazon.com/exec/obidos/ASIN/0764532375,phishing,phishing
en.wikipedia.org/wiki/Eiffel_programming_language,phishing,phishing
en.wikipedia.org/wiki/Erlang_programming_language,phishing,phishing
www.ibm.com/developerworks/java/library/j-cb04186.html,phishing,phishing
en.wikipedia.org/wiki/Forth,phishing,phishing
'www.amazon.com/s/url=search-alias\%3Dstripbooks&amp;field-keywords=forth+programming',phishing,phishing
en.wikipedia.org/wiki/ColorForth,phishing,phishing
lists.apple.com/mailman/listinfo/fortran-dev,phishing,phishing
www.ibm.com/developerworks/linux/library/l-sc11.html,phishing,phishing
www-306.ibm.com/software/awdtools/fortran/,phishing,phishing
software.intel.com/en-us/intel-compilers/,phishing,phishing
msdn.microsoft.com/en-us/library/ms811901.aspx,phishing,phishing
en.wikipedia.org/wiki/Fortran_language_features,phishing,phishing
en.wikipedia.org/wiki/Fortran,phishing,phishing
www.intel.com/software/products/mkl/,phishing,phishing
www.nas.nasa.gov/Resources/Software/npb.html,phishing,phishing
fun3d.larc.nasa.gov/index.html,phishing,phishing
www.giss.nasa.gov/tools/,phishing,phishing
aom.giss.nasa.gov/code4x3.html,phishing,phishing
hesperia.gsfc.nasa.gov/~schmahl/nnls/,phishing,phishing
code916.gsfc.nasa.gov/Data_services/cloud_slice/regress.html,phishing,phishing
en.wikipedia.org/wiki/Fortress_(programming_language),phishing,phishing
en.wikipedia.org/wiki/Functional_programming,phishing,phishing
en.wikipedia.org/wiki/Garbage_collection_(computer_science),phishing,phishing
en.wikipedia.org/wiki/Memory_management,phishing,phishing
en.wikipedia.org/wiki/GLSL,phishing,phishing
http.download.nvidia.com/developer/SDK/Individual_Samples/samples.html,phishing,phishing
en.wikipedia.org/wiki/Haskell_programming_language,phishing,phishing
www.amazon.com/exec/obidos/ASIN/0201342758,phishing,phishing
en.wikipedia.org/wiki/House_(operating_system),phishing,phishing
msdn.microsoft.com/en-us/library/bb509638.aspx,phishing,phishing
msdn.microsoft.com/en-us/library/bb173495.aspx,phishing,phishing
msdn.microsoft.com/en-us/library/bb313969.aspx,phishing,phishing
en.wikipedia.org/wiki/Bytecode,phishing,phishing
en.wikipedia.org/wiki/Io_programming_language,phishing,phishing
en.wikipedia.org/wiki/Java_(programming_language),phishing,phishing
www.oracle.com/technetwork/java/,phishing,phishing
www.ibm.com/developerworks/forums/dw_jforums.jspa,phishing,phishing
en.wikipedia.org/wiki/Pluggable_look_and_feel,phishing,phishing
www2.hursley.ibm.com/decimalj/,phishing,phishing
www.hpl.hp.com/personal/Jean_Tourrilhes/IrDA/Java.html,phishing,phishing
www.oracle.com/technology/products/ias/toplink/index.html,phishing,phishing
www.alphaworks.ibm.com/tech/jinsight,phishing,phishing
developer.apple.com/java/javawebstart/,phishing,phishing
www.ibm.com/developerworks/java/library/j-webstart/,phishing,phishing
www.oracle.com/technetwork/articles/javase/index-135962.html,phishing,phishing
en.wikipedia.org/wiki/Java_Web_Start,phishing,phishing
www.oracle.com/technology/products/jdev/index.html,phishing,phishing
msdn.microsoft.com/en-us/library/aa266331(VS.60).aspx,phishing,phishing
msdn.microsoft.com/en-us/library/aa260513(VS.60).aspx,phishing,phishing
msdn.microsoft.com/en-us/library/aa260515(VS.60).aspx,phishing,phishing
msdn.microsoft.com/en-us/library/aa260509(VS.60).aspx,phishing,phishing
msdn.microsoft.com/en-us/library/aa260529(VS.60).aspx,phishing,phishing
msdn.microsoft.com/en-us/library/aa260511(VS.60).aspx,phishing,phishing
support.microsoft.com/default.aspx?scid=support.microsoft.com:80/support/kb/articles/q169/1/73.asp,phishing,phishing
msdn.microsoft.com/en-us/library/aa260526(VS.60).aspx,phishing,phishing
support.microsoft.com/default.aspx?scid=support.microsoft.com:80/support/kb/articles/Q219/4/30.ASP,phishing,phishing
msdn.microsoft.com/en-us/library/aa260508(VS.60).aspx,phishing,phishing
msdn.microsoft.com/en-us/library/aa260521(VS.60).aspx,phishing,phishing
msdn.microsoft.com/vjsharp/,phishing,phishing
www.alphaworks.ibm.com/tech/JAX,phishing,phishing
www.alphaworks.ibm.com/tech/focus/,phishing,phishing
www.research.ibm.com/haifa/projects/verification/contest/,phishing,phishing
en.wikipedia.org/wiki/JAD_(JAva_Decompiler),phishing,phishing
www.oracle.com/technetwork/java/javaee/,phishing,phishing
www.oracle.com/appserver/,phishing,phishing
www.adobe.com/products/jrun/,phishing,phishing
www.ibm.com/developerworks/java/library/j-ejbexcept.html,phishing,phishing
www-306.ibm.com/software/integration/wmq/,phishing,phishing
www.ibm.com/software/integration/wmqe/,phishing,phishing
www-306.ibm.com/software/awdtools/studiobranchtransformation/,phishing,phishing
www.oracle.com/technology/tech/java/index.html,phishing,phishing
www.oracle.com/technetwork/java/javaee/servlet/,phishing,phishing
www.alphaworks.ibm.com/tech/hyperj,phishing,phishing
en.wikipedia.org/wiki/Groovy_programming_language,phishing,phishing
www.ibm.com/developerworks/java/library/j-pg10255.html,phishing,phishing
www-128.ibm.com/developerworks/java/library/j-pg04125/,phishing,phishing
www.ibm.com/developerworks/views/java/libraryview.jsp?search_by=mastering+grails,phishing,phishing
www.ibm.com/developerworks/java/library/j-pg11094/,phishing,phishing
www.ibm.com/developerworks/java/library/j-alj08034.html,phishing,phishing
www.ibm.com/developerworks/java/library/j-pg01115.html,phishing,phishing
www.ibm.com/developerworks/java/library/j-pg07195.html,phishing,phishing
www.ibm.com/developerworks/java/library/j-pg02155/,phishing,phishing
www.ibm.com/developerworks/java/library/j-pg05245/,phishing,phishing
www.ibm.com/developerworks/java/library/j-pg03155/,phishing,phishing
www.ibm.com/developerworks/java/library/j-pg09205/,phishing,phishing
www.ibm.com/developerworks/java/library/j-pg08235/,phishing,phishing
www.ibm.com/developerworks/java/library/j-pg12144.html,phishing,phishing
support.microsoft.com/default.aspx?scid=support.microsoft.com:80/support/kb/articles/Q172/2/02.asp&amp;NoWebContent=1,phishing,phishing
support.microsoft.com/default.aspx?scid=support.microsoft.com:80/support/kb/articles/Q162/1/64.asp&amp;NoWebContent=1,phishing,phishing
support.microsoft.com/default.aspx?scid=support.microsoft.com:80/support/kb/articles/Q215/4/84.ASP&amp;NoWebContent=1,phishing,phishing
support.microsoft.com/default.aspx?scid=support.microsoft.com:80/support/kb/articles/Q196/8/94.ASP&amp;NoWebContent=1,phishing,phishing
support.microsoft.com/default.aspx?scid=support.microsoft.com:80/support/kb/articles/q169/1/73.asp&amp;NoWebContent=1,phishing,phishing
support.microsoft.com/default.aspx?scid=support.microsoft.com:80/support/kb/articles/Q219/4/30.ASP&amp;NoWebContent=1,phishing,phishing
support.microsoft.com/default.aspx?scid=support.microsoft.com:80/support/kb/articles/Q173/7/90.asp&amp;NoWebContent=1,phishing,phishing
support.microsoft.com/default.aspx?scid=support.microsoft.com:80/support/kb/articles/q179/8/49.asp&amp;NoWebContent=1,phishing,phishing
support.microsoft.com/default.aspx?scid=support.microsoft.com:80/support/kb/articles/q180/7/12.asp&amp;NoWebContent=1,phishing,phishing
support.microsoft.com/default.aspx?scid=support.microsoft.com:80/support/kb/articles/q167/9/41.asp&amp;NoWebContent=1,phishing,phishing
support.microsoft.com/default.aspx?scid=support.microsoft.com:80/support/kb/articles/q178/5/61.asp&amp;NoWebContent=1,phishing,phishing
www.ibm.com/developerworks/views/java/libraryview.jsp?type_by=Tutorials,phishing,phishing
www.ibm.com/developerworks/library/j-robocode2/,phishing,phishing
www.ibm.com/developerworks/java/library/j-robocode/,phishing,phishing
www.ibm.com/developerworks/java/jdk/,phishing,phishing
h18012.www1.hp.com/java/,phishing,phishing
developer.apple.com/java/,phishing,phishing
www.alphaworks.ibm.com/tech/tspaces,phishing,phishing
www.apple.com/support/bonjour/,phishing,phishing
www.ibm.com/software/wireless/weme/,phishing,phishing
www.ibm.com/software/wireless/wsdd/,phishing,phishing
www.cnn.com/TECH/computing/9904/09/java.idg/,phishing,phishing
h18012.www1.hp.com/java/alpha/,phishing,phishing
hp.com/go/java,phishing,phishing
www.microsoft.com/mscorp/java/,phishing,phishing
www.ibm.com/developerworks/java/,phishing,phishing
www.ibm.com/developerworks/java/library/j-scjp/,phishing,phishing
www.ibm.com/developerworks/java/library/j-gss-sso/,phishing,phishing
www.ibm.com/developerworks/java/library/j-threads3.html,phishing,phishing
www.ibm.com/developerworks/java/library/j-threads2.html,phishing,phishing
www.ibm.com/developerworks/java/library/j-threads1.html,phishing,phishing
www.ibm.com/developerworks/java/library/j-dcl.html,phishing,phishing
www.ibm.com/developerworks/java/library/j-jtp11234/,phishing,phishing
www.oracle.com/technology/tech/xml/xdkhome.html,phishing,phishing
www.ibm.com/developerworks/xml/library/x-injava/,phishing,phishing
www.alphaworks.ibm.com/tech/xeena,phishing,phishing
developer.apple.com/internet/webcontent/xmlhttpreq.html,phishing,phishing
www.ibm.com/developerworks/views/web/libraryview.jsp?search_by=Mastering+Ajax,phishing,phishing
msdn.microsoft.com/en-us/library/ms537623(vs.85).aspx,phishing,phishing
www.adobe.com/cfusion/knowledgebase/index.cfm?id=tn_14924,phishing,phishing
msdn.microsoft.com/en-us/library/ms974588.aspx,phishing,phishing
msdn.microsoft.com/en-us/library/72bd815a(VS.80).aspx,phishing,phishing
www.youtube.com/watch?v=F6k8lTrAE2g,phishing,phishing
en.wikipedia.org/wiki/JOVIAL,phishing,phishing
en.wikipedia.org/wiki/LabVIEW,phishing,phishing
www.amazon.com/exec/obidos/ASIN/0201820803,phishing,phishing
en.wikipedia.org/wiki/Limbo_(programming_language),phishing,phishing
en.wikipedia.org/wiki/Lisp_programming_language,phishing,phishing
en.wikipedia.org/wiki/Paul_Graham,phishing,phishing
en.wikipedia.org/wiki/Robert_Tappan_Morris,phishing,phishing
en.wikipedia.org/wiki/CLOS,phishing,phishing
en.wikipedia.org/wiki/Dylan_programming_language,phishing,phishing
en.wikipedia.org/wiki/Lisp_machine,phishing,phishing
en.wikipedia.org/wiki/Logo_(programming_language),phishing,phishing
en.wikipedia.org/wiki/Racket_(programming_language),phishing,phishing
en.wikipedia.org/wiki/Scheme_programming_language,phishing,phishing
en.wikipedia.org/wiki/GNU_Guile,phishing,phishing
www.alphaworks.ibm.com/aw.nsf/techmain/DB62BA9E3F8F806B8825671B0067F7B0,phishing,phishing
en.wikipedia.org/wiki/Lua_(programming_language),phishing,phishing
en.wikipedia.org/wiki/Mercury_programming_language,phishing,phishing
en.wikipedia.org/wiki/Miranda_programming_language,phishing,phishing
en.wikipedia.org/wiki/MIVA_Script,phishing,phishing
research.microsoft.com/en-us/um/cambridge/projects/fsharp/,phishing,phishing
en.wikipedia.org/wiki/Modula-2,phishing,phishing
en.wikipedia.org/wiki/Modula-3,phishing,phishing
en.wikipedia.org/wiki/Multi-paradigm_programming_language,phishing,phishing
en.wikipedia.org/wiki/MUMPS,phishing,phishing
en.wikipedia.org/wiki/Oberon_programming_language,phishing,phishing
'www.amazon.com/s/url=search-alias\%3Dstripbooks&amp;field-keywords=oberon+programming',phishing,phishing
en.wikipedia.org/wiki/Component_Pascal,phishing,phishing
en.wikipedia.org/wiki/Malbolge_programming_language,phishing,phishing
www.amazon.com/exec/obidos/ASIN/0070062811,phishing,phishing
en.wikipedia.org/wiki/Object-oriented_programming,phishing,phishing
en.wikipedia.org/wiki/Class_(computer_science),phishing,phishing
en.wikipedia.org/wiki/Prototype-based_programming,phishing,phishing
developer.apple.com/cocoa/index.html,phishing,phishing
en.wikipedia.org/wiki/Occam_(programming_language),phishing,phishing
en.wikipedia.org/wiki/Off-side_rule,phishing,phishing
en.wikipedia.org/wiki/Oz_programming_language,phishing,phishing
h71000.www7.hp.com/commercial/pascal/pascal_index.html,phishing,phishing
en.wikipedia.org/wiki/Perl_programming_language,phishing,phishing
en.wikipedia.org/wiki/Larry_Wall,phishing,phishing
en.wikipedia.org/wiki/Drupal,phishing,phishing
www.ibm.com/developerworks/opensource/library/os-php-zend1/,phishing,phishing
domino.watson.ibm.com/tchjr/journalindex.nsf/0/ef37d94a40fe90a885256eb500718f09?OpenDocument,phishing,phishing
en.wikipedia.org/wiki/XPL,phishing,phishing
en.wikipedia.org/wiki/SabreTalk,phishing,phishing
en.wikipedia.org/wiki/HAL/S,phishing,phishing
en.wikipedia.org/wiki/IBM_PL/S,phishing,phishing
en.wikipedia.org/wiki/PL/SQL,phishing,phishing
www-01.ibm.com/software/awdtools/pli/,phishing,phishing
www-03.ibm.com/certify/certs/pl_index.shtml,phishing,phishing
en.wikipedia.org/wiki/PL/I,phishing,phishing
www.ibm.com/developerworks/mydeveloperworks/groups/service/html/communityview?communityUuid=86d253aa-f216-4642-9f2b-eedb09087dfc,phishing,phishing
en.wikipedia.org/wiki/PL/M,phishing,phishing
en.wikipedia.org/wiki/POP-11,phishing,phishing
en.wikipedia.org/wiki/Imperative_programming,phishing,phishing
en.wikipedia.org/wiki/Procedural_programming,phishing,phishing
en.wikipedia.org/wiki/Prograph,phishing,phishing
en.wikipedia.org/wiki/Python_programming_language,phishing,phishing
www.ibm.com/developerworks/library/l-pyint.html,phishing,phishing
www.ibm.com/developerworks/linux/library/l-pypers.html,phishing,phishing
www.ibm.com/developerworks/linux/library/l-psyco.html,phishing,phishing
en.wikipedia.org/wiki/Django_(web_framework),phishing,phishing
en.wikipedia.org/wiki/REBOL_programming_language,phishing,phishing
en.wikipedia.org/wiki/Carl_Sassenrath,phishing,phishing
research.microsoft.com/en-us/downloads/bd99f343-4ff4-4041-8293-34c054efe749/default.aspx,phishing,phishing
msdn.microsoft.com/en-us/library/hs600312.aspx,phishing,phishing
download.oracle.com/javase/tutorial/essential/regex/,phishing,phishing
www-01.ibm.com/software/awdtools/rexx/,phishing,phishing
en.wikipedia.org/wiki/Rexx,phishing,phishing
publibz.boulder.ibm.com/cgi-bin/bookmgr_OS390/BOOKS/E04A2A01/CCONTENTS,phishing,phishing
publib-b.boulder.ibm.com/cgi-bin/searchsite.cgi?query=rexx,phishing,phishing
publib.boulder.ibm.com/cgi-bin/bookmgr/FINDBOOK?filter=rexx,phishing,phishing
www-306.ibm.com/software/awdtools/rexx/rexxzseries/,phishing,phishing
publibz.boulder.ibm.com/cgi-bin/bookmgr_OS390/Shelves/EAGUB03,phishing,phishing
publibz.boulder.ibm.com/cgi-bin/bookmgr_OS390/Shelves/CICA0A01,phishing,phishing
publibz.boulder.ibm.com/cgi-bin/bookmgr_OS390/Shelves/IKJOSE10?filter=rexx,phishing,phishing
publibz.boulder.ibm.com/cgi-bin/bookmgr_OS390/Shelves/HCSH2A10?filter=rexx,phishing,phishing
publibz.boulder.ibm.com/cgi-bin/bookmgr_OS390/Shelves/ARX11E00,phishing,phishing
www-03.ibm.com/servers/eserver/zseries/zos/unix/bpxa1ty2.html,phishing,phishing
www.vm.ibm.com/download/packages/,phishing,phishing
www-03.ibm.com/servers/eserver/zseries/zvse/downloads/,phishing,phishing
www-03.ibm.com/servers/eserver/zseries/zvse/support/rexx.html,phishing,phishing
publib-b.boulder.ibm.com/Redbooks.nsf/RedbookAbstracts/sg242216.html?Open,phishing,phishing
publib-b.boulder.ibm.com/Redbooks.nsf/RedbookAbstracts/sg245148.html?Open,phishing,phishing
publib-b.boulder.ibm.com/cgi-bin/searchsite.cgi?query=object+rexx,phishing,phishing
en.wikipedia.org/wiki/Object_REXX,phishing,phishing
publib-b.boulder.ibm.com/Redbooks.nsf/RedbookAbstracts/gg244199.html?Open,phishing,phishing
en.wikipedia.org/wiki/IBM_RPG,phishing,phishing
en.wikipedia.org/wiki/Ruby_programming_language,phishing,phishing
www.ibm.com/developerworks/rational/library/jul07/pollice/,phishing,phishing
www.amazon.com/exec/obidos/tg/feature/-/99126/,phishing,phishing
en.wikipedia.org/wiki/Ruby_on_Rails,phishing,phishing
developer.apple.com/tools/rubyonrails.html,phishing,phishing
www.ibm.com/developerworks/linux/library/l-rubyrails/,phishing,phishing
en.wikipedia.org/wiki/Sather,phishing,phishing
en.wikipedia.org/wiki/Scripting_language,phishing,phishing
developer.download.nvidia.com/opengl/specs/GL_EXT_geometry_shader4.txt,phishing,phishing
en.wikipedia.org/wiki/Shading_language,phishing,phishing
en.wikipedia.org/wiki/Simula,phishing,phishing
en.wikipedia.org/wiki/SISAL,phishing,phishing
www.amazon.com/exec/obidos/ASIN/013442526X,phishing,phishing
www.amazon.com/exec/obidos/ASIN/0201737930,phishing,phishing
www.amazon.com/exec/obidos/ASIN/1583484906,phishing,phishing
www.amazon.com/exec/obidos/ASIN/0201116693,phishing,phishing
www.amazon.com/exec/obidos/ASIN/0201113724,phishing,phishing
www.amazon.com/exec/obidos/ASIN/0134659643,phishing,phishing
www.amazon.com/exec/obidos/ASIN/0134684141,phishing,phishing
www.amazon.com/exec/obidos/ASIN/0201113716,phishing,phishing
www.amazon.com/exec/obidos/ASIN/025611210X,phishing,phishing
www.amazon.com/exec/obidos/ASIN/0133183874,phishing,phishing
www.amazon.com/exec/obidos/ASIN/0201106981,phishing,phishing
www-306.ibm.com/software/awdtools/smalltalk/,phishing,phishing
publib-b.boulder.ibm.com/Redbooks.nsf/RedbookAbstracts/sg242117.html,phishing,phishing
publib-b.boulder.ibm.com/Redbooks.nsf/RedbookAbstracts/sg244828.html,phishing,phishing
publib-b.boulder.ibm.com/Redbooks.nsf/RedbookAbstracts/sg242219.html,phishing,phishing
publib-b.boulder.ibm.com/Redbooks.nsf/RedbookAbstracts/gg243946.html,phishing,phishing
publib-b.boulder.ibm.com/Redbooks.nsf/RedbookAbstracts/gg244244.html,phishing,phishing
publib-b.boulder.ibm.com/Redbooks.nsf/RedbookAbstracts/sg245258.html,phishing,phishing
publib-b.boulder.ibm.com/Redbooks.nsf/RedbookAbstracts/sg244997.html,phishing,phishing
'www.amazon.com/s/url=search-alias\%3Dstripbooks&amp;field-keywords=IBM\%2Bvisualage',phishing,phishing
en.wikipedia.org/wiki/Croquet_Project,phishing,phishing
en.wikipedia.org/wiki/Scratch_(programming_language),phishing,phishing
en.wikipedia.org/wiki/SQL,phishing,phishing
en.wikipedia.org/wiki/Synchronous_programming_language,phishing,phishing
en.wikipedia.org/wiki/Tcl,phishing,phishing
en.wikipedia.org/wiki/Visual_programming_language,phishing,phishing
msdn.microsoft.com/en-us/library/aa260635(VS.60).aspx,phishing,phishing
msdn.microsoft.com/en-us/library/aa260637(VS.60).aspx,phishing,phishing
www.microsoft.com/mspress/books/2137.asp,phishing,phishing
www.amazon.com/exec/obidos/ASIN/0130883611,phishing,phishing
www.microsoft.com/mspress/books/6259.aspx,phishing,phishing
msdn.microsoft.com/en-us/library/aa260644(VS.60).aspx,phishing,phishing
msdn.microsoft.com/en-us/magazine/cc302016.aspx,phishing,phishing
msdn.microsoft.com/en-us/library/aa383750.aspx,phishing,phishing
msdn.microsoft.com/en-us/vfoxpro/,phishing,phishing
www.amazon.com/exec/obidos/ASIN/0764525360,phishing,phishing
en.wikipedia.org/wiki/Niklaus_Wirth,phishing,phishing
'www.amazon.com/s/url=search-alias\%3Dstripbooks&amp;field-keywords=z+programming',phishing,phishing
www.amazon.com/exec/obidos/ASIN/1572316969,phishing,phishing
www.microsoft.com/msj/0799/directx/directx.aspx,phishing,phishing
msdn.microsoft.com/en-us/xna/aa937781.aspx,phishing,phishing
www.microsoft.com/games/en-US/aboutGFW/pages/directx.aspx,phishing,phishing
en.wikipedia.org/wiki/Direct3D,phishing,phishing
www.hpl.hp.com/personal/Hans_Boehm/gc/,phishing,phishing
researchweb.watson.ibm.com/ismm04/,phishing,phishing
www.ibm.com/developerworks/linux/library/l-metaprog2.html,phishing,phishing
www.ibm.com/developerworks/linux/library/l-metaprog3/,phishing,phishing
www.ibm.com/developerworks/linux/library/l-metaprog1.html,phishing,phishing
en.wikipedia.org/wiki/Metaobject,phishing,phishing
en.wikipedia.org/wiki/Methodology_(software_engineering),phishing,phishing
en.wikipedia.org/wiki/Agile_software_development,phishing,phishing
en.wikipedia.org/wiki/Dynamic_Systems_Development_Method,phishing,phishing
en.wikipedia.org/wiki/Extreme_Programming,phishing,phishing
en.wikipedia.org/wiki/Feature_Driven_Development,phishing,phishing
en.wikipedia.org/wiki/Lean_software_development,phishing,phishing
en.wikipedia.org/wiki/Scrum_(management),phishing,phishing
en.wikipedia.org/wiki/Scrum_(development),phishing,phishing
www.ibm.com/developerworks/rational/library/feb05/krebs/,phishing,phishing
en.wikipedia.org/wiki/Aspect-oriented_programming,phishing,phishing
researchweb.watson.ibm.com/hyperspace/,phishing,phishing
en.wikipedia.org/wiki/Capability_Maturity_Model,phishing,phishing
en.wikipedia.org/wiki/Generative_programming,phishing,phishing
en.wikipedia.org/wiki/Concept_programming,phishing,phishing
en.wikipedia.org/wiki/Intentional_Programming,phishing,phishing
en.wikipedia.org/wiki/Language-oriented_programming,phishing,phishing
en.wikipedia.org/wiki/Domain-specific_programming_language,phishing,phishing
en.wikipedia.org/wiki/Literate_programming,phishing,phishing
www-306.ibm.com/software/rational/uml/,phishing,phishing
en.wikipedia.org/wiki/Unified_Modeling_Language,phishing,phishing
www.ibm.com/developerworks/rational/library/139.html,phishing,phishing
www.microsoft.com/office/visio/,phishing,phishing
www-306.ibm.com/software/awdtools/library/standards/ocl-download.html,phishing,phishing
www-306.ibm.com/software/awdtools/developer/rose/,phishing,phishing
www.hpl.hp.com/techreports/95/HPL-95-50.html,phishing,phishing
en.wikipedia.org/wiki/Design_pattern_(computer_science),phishing,phishing
en.wikipedia.org/wiki/Code_refactoring,phishing,phishing
en.wikipedia.org/wiki/Defensive_programming,phishing,phishing
en.wikipedia.org/wiki/Six_Sigma,phishing,phishing
en.wikipedia.org/wiki/Product_Family_Engineering,phishing,phishing
en.wikipedia.org/wiki/Rational_Unified_Process,phishing,phishing
www.ibm.com/software/awdtools/rmc/,phishing,phishing
www.intel.com/design/Pentium4/documentation.htm#manuals,phishing,phishing
www.ibm.com/developerworks/,phishing,phishing
social.msdn.microsoft.com/Forums/,phishing,phishing
www.ibm.com/developerworks/library/l-posix3/,phishing,phishing
www.ibm.com/developerworks/library/l-posix2/,phishing,phishing
www.ibm.com/developerworks/library/l-posix1.html,phishing,phishing
www.ibm.com/developerworks/library/l-pthred.html,phishing,phishing
www.amazon.com/exec/obidos/ASIN/0130109126,phishing,phishing
msdn.microsoft.com/en-us/library/ms810427.aspx,phishing,phishing
msdn.microsoft.com/en-us/library/ms810438.aspx,phishing,phishing
msdn.microsoft.com/en-us/magazine/cc163405.aspx,phishing,phishing
msdn.microsoft.com/en-us/magazine/gg232758.aspx,phishing,phishing
en.wikipedia.org/wiki/BattleBots,phishing,phishing
www.cnn.com/2004/TECH/ptech/03/14/darpa.race/,phishing,phishing
prime.jsc.nasa.gov/ROV/olinks.html,phishing,phishing
en.wikipedia.org/wiki/Mark_Tilden,phishing,phishing
en.wikipedia.org/wiki/Isaac_Asimov,phishing,phishing
robotics.jpl.nasa.gov/groups/rv/,phishing,phishing
www.oracle.com/technology/deploy/security/index.html,phishing,phishing
www.microsoft.com/technet/security/bulletin/notify.mspx,phishing,phishing
www.oracle.com/technology/deploy/security/securityemail.html,phishing,phishing
www.microsoft.com/security/,phishing,phishing
www1.itrc.hp.com/service/home/compaqMain.do,phishing,phishing
h30097.www3.hp.com/unix/security-download.html,phishing,phishing
www.cisco.com/en/US/products/products_security_advisories_listing.html,phishing,phishing
www.adobe.com/support/security/,phishing,phishing
www.microsoft.com/downloads/en/,phishing,phishing
www.cisco.com/go/acs,phishing,phishing
en.wikipedia.org/wiki/OpenID,phishing,phishing
research.microsoft.com/research/vision/,phishing,phishing
www.nytimes.com/2002/04/07/travel/07SHELF.html,phishing,phishing
www.nytimes.com/2002/01/15/science/physical/15FACE.html,phishing,phishing
www.cnn.com/2003/TECH/ptech/03/10/israel.twins.reut/,phishing,phishing
us.cnn.com/2001/COMMUNITY/10/01/atick/,phishing,phishing
researchweb.watson.ibm.com/ecvg/biometrics.html,phishing,phishing
www.cisco.com/en/US/products/hw/vpndevc/ps2030/index.html,phishing,phishing
www.microsoft.com/isaserver/,phishing,phishing
research.microsoft.com/HoneyMonkey/,phishing,phishing
en.wikipedia.org/wiki/Honeypot_(computing),phishing,phishing
en.wikipedia.org/wiki/Client_honeypot,phishing,phishing
www.alphaworks.ibm.com/aw.nsf/376583DBD044EE5988256ACD00318D15/22F05184662C98CD882566F300703F74?opendocument,phishing,phishing
www.alphaworks.ibm.com/tech/p3peditor/,phishing,phishing
cnn.com/2001/TECH/internet/10/30/p3p.adoption.idg/,phishing,phishing
www.oracle.com/technology/products/id_mgmt/phaos/,phishing,phishing
www.microsoft.com/downloads/details.aspx?FamilyID=9552D43B-04EB-4AF9-9E24-6CDE4D933600&amp;displaylang=en,phishing,phishing
cnn.com/2000/TECH/computing/12/08/schwab.cost.idg/,phishing,phishing
www.cisco.com/en/US/products/sw/secursw/ps2113/index.html,phishing,phishing
www.microsoft.com/technet/security/bulletin/notify.asp,phishing,phishing
en.wikipedia.org/wiki/Spyware,phishing,phishing
researchweb.watson.ibm.com/antivirus/,phishing,phishing
www.cisco.com/en/US/products/sw/netmgtsw/ps996/ps5663/index.html,phishing,phishing
en.wikipedia.org/wiki/ISO/IEC_27000-series,phishing,phishing
en.wikipedia.org/wiki/X.509,phishing,phishing
www.microsoft.com/dynamics/en/us/products/forecaster.aspx,phishing,phishing
h18000.www1.hp.com/products/sanworks/vr/index.html,phishing,phishing
www-306.ibm.com/software/awdtools/buildforge/enterprise/,phishing,phishing
www-306.ibm.com/software/awdtools/clearquest/,phishing,phishing
www-306.ibm.com/software/awdtools/clearcase/,phishing,phishing
en.wikipedia.org/wiki/Git_(software),phishing,phishing
www.microsoft.com/presspass/press/1999/May99/Dataminingpr.mspx,phishing,phishing
research.microsoft.com/mlas/,phishing,phishing
www.almaden.ibm.com/cs/projects/iis/hdb/Projects/data_mining/mining.shtml,phishing,phishing
www-01.ibm.com/software/data/businessintelligence/,phishing,phishing
www.oracle.com/applications/crm/siebel/index.html,phishing,phishing
www-306.ibm.com/software/data/integration/,phishing,phishing
www.ibm.com/developerworks/data/products/db2/,phishing,phishing
publib.boulder.ibm.com/infocenter/db2luw/v9r5/,phishing,phishing
www.redbooks.ibm.com/portals/data,phishing,phishing
www.ibm.com/software/data/db2/9/,phishing,phishing
www.ibm.com/software/data/sw-library/,phishing,phishing
www.ibm.com/software/data/highlights/db2leads.html,phishing,phishing
www.ibm.com/software/data/db2/express/download.html,phishing,phishing
www.ibm.com/software/data/db2/everyplace/,phishing,phishing
www-306.ibm.com/software/data/db2imstools/,phishing,phishing
www-306.ibm.com/software/data/informix/pubs/library/,phishing,phishing
msdn.microsoft.com/en-us/sqlserver/default.aspx,phishing,phishing
www.microsoft.com/sql/techinfo/whitepapers/sql_2008_unstructured.mspx,phishing,phishing
msdn.microsoft.com/en-us/library/ms169917.aspx,phishing,phishing
msdn.microsoft.com/en-us/library/ms345108.aspx,phishing,phishing
support.microsoft.com/kb/918992/,phishing,phishing
download.microsoft.com/download/3/5/8/35802290-a7f6-4976-8855-74c8b3b7f035/ssis2008Intro.doc,phishing,phishing
www.oracle.com/olap,phishing,phishing
en.wikipedia.org/wiki/Oracle_database,phishing,phishing
www.oracle.com/technology/products/database/xe/index.html,phishing,phishing
www.oracle.com/technology/documentation/index.html,phishing,phishing
www.oracle.com/technology/,phishing,phishing
www.oracle.com/oramag/,phishing,phishing
www.oracle.com/database/timesten.html,phishing,phishing
www.oracle.com/us/products/database/security/index.html,phishing,phishing
forums.oracle.com/forums/main.jspa?categoryID=84,phishing,phishing
www.oracle.com/tools/,phishing,phishing
www.oracle.com/technology/products/database/sql_developer/index.html,phishing,phishing
en.wikipedia.org/wiki/Paradox_(database),phishing,phishing
en.wikipedia.org/wiki/Pick_operating_system,phishing,phishing
en.wikipedia.org/wiki/MultiValue,phishing,phishing
en.wikipedia.org/wiki/Multi-master_replication,phishing,phishing
www.ibm.com/software/rational/,phishing,phishing
www.oracle.com/technology/products/designer/,phishing,phishing
www.microsoft.com/windows/windowsmedia/player/skins.aspx,phishing,phishing
www.microsoft.com/windowsxp/downloads/desktop/default.mspx,phishing,phishing
rsd.gsfc.nasa.gov/rsd/images/EGGs.html,phishing,phishing
www.nvidia.com/Download/index.aspx,phishing,phishing
downloadcenter.intel.com/default.aspx?iid=subhdr+downloads,phishing,phishing
www.samsung.com/us/support/,phishing,phishing
www8.hp.com/us/en/support-drivers.html,phishing,phishing
esupport.sony.com/US/perl/select-system.pl?DIRECTOR=DRIVER,phishing,phishing
www.apple.com/downloads/macosx/drivers/,phishing,phishing
support.microsoft.com/?kbid=309000,phishing,phishing
www.clearlake.ibm.com/gov/ifp,phishing,phishing
www.adobe.com/products/acrcapture/,phishing,phishing
www-01.ibm.com/software/data/content-management/,phishing,phishing
msdn.microsoft.com/en-us/office/aa905528.aspx,phishing,phishing
en.wikipedia.org/wiki/Microsoft_SharePoint,phishing,phishing
technet.microsoft.com/en-us/windowsserver/sharepoint/default.aspx,phishing,phishing
en.wikipedia.org/wiki/Comparison_of_text_editors,phishing,phishing
en.wikipedia.org/wiki/Enterprise_Information_Integration,phishing,phishing
www.ibm.com/developerworks/data/library/techarticle/dm-0407saracco/,phishing,phishing
www.cnn.com/TECH/computing/9905/28/erpent.idg/index.html,phishing,phishing
www.microsoft.com/windows/products/winfamily/desktopsearch/default.mspx,phishing,phishing
www.microsoft.com/typography/property/property.htm,phishing,phishing
www.adobe.com/products/atm/,phishing,phishing
technet.microsoft.com/en-us/sysinternals/bb896649.aspx,phishing,phishing
www.microsoft.com/globaldev/reference/sbcs/1253.htm,phishing,phishing
en.wikipedia.org/wiki/ISO_8859,phishing,phishing
partners.adobe.com/asn/tech/type/unicodegn.jsp,phishing,phishing
en.wikipedia.org/wiki/Unicode,phishing,phishing
www.ibm.com/developerworks/java/library/u-secret.html,phishing,phishing
www.ibm.com/developerworks/xml/library/x-localis3/,phishing,phishing
www.microsoft.com/typography/,phishing,phishing
www-4.ibm.com/software/developer/library/glossaries/unicode.html,phishing,phishing
www.microsoft.com/msj/1198/multilang/multilangsidebar.htm,phishing,phishing
www.microsoft.com/globaldev/reference/glossary.mspx,phishing,phishing
www.microsoft.com/globaldev/DrIntl/faqs/Locales.mspx,phishing,phishing
www.microsoft.com/globaldev/reference/keyboards.mspx,phishing,phishing
www.ibm.com/developerworks/xml/library/x-localis/,phishing,phishing
www.microsoft.com/msj/0499/multilangunicode/multilangunicode.aspx,phishing,phishing
www.microsoft.com/msj/1198/multilang/multilang.aspx,phishing,phishing
www.alphaworks.ibm.com/aw.nsf/frame?ReadForm&amp;/aw.nsf/techmain/EEEAD864EBEEBD778825671B00653382,phishing,phishing
en.wikipedia.org/wiki/Ray_tracing,phishing,phishing
research.microsoft.com/~sdrucker/papers/radiosity_genexam.pdf,phishing,phishing
www.adobe.com/products/dimensions/,phishing,phishing
www.adobe.com/support/downloads/product.jsp?product=62&amp;platform=Windows,phishing,phishing
www.adobe.com/support/downloads/detail.jsp?hexID=861e,phishing,phishing
www.adobe.com/products/plugins/photoshop/,phishing,phishing
www.adobe.com/products/photoshopelwin/,phishing,phishing
www.ibm.com/developerworks/linux/library/l-graf/,phishing,phishing
www.adobe.com/products/adobemag/pastissues.html,phishing,phishing
www.adobe.com/products/freehand/,phishing,phishing
www.adobe.com/products/fireworks/,phishing,phishing
www.adobe.com/support/fireworks/tutorial_index.html,phishing,phishing
www.adobe.com/products/illustrator/,phishing,phishing
en.wikipedia.org/wiki/Inkscape,phishing,phishing
office.microsoft.com/en-us/groove/,phishing,phishing
publib-b.boulder.ibm.com/redbooks.nsf/portals/Lotus,phishing,phishing
msdn.microsoft.com/exchange/,phishing,phishing
www.research.ibm.com/visual/projects/history_flow/,phishing,phishing
en.wikipedia.org/wiki/Wikipedia:AutoWikiBrowser,phishing,phishing
en.wikipedia.org/wiki/Wikipedia:Tools,phishing,phishing
en.wikipedia.org/wiki/Wikipedia:Spam,phishing,phishing
www.almaden.ibm.com/cs/k53/clever.html,phishing,phishing
www.adobe.com/products/homesite/,phishing,phishing
en.wikipedia.org/wiki/BitchX,phishing,phishing
support.microsoft.com/kb/169289,phishing,phishing
support.microsoft.com/kb/121005/EN-US,phishing,phishing
www.nytimes.com/library/cyber/week/012197eudora.html,phishing,phishing
en.wikipedia.org/wiki/Mozilla_Thunderbird,phishing,phishing
www.forbes.com/1999/04/06/mu2.html,phishing,phishing
www.forbes.com/forbes/1999/0503/6309054a.html,phishing,phishing
science.ksc.nasa.gov/software/winvn/winvn.html,phishing,phishing
en.wikipedia.org/wiki/Comparison_of_web_browsers,phishing,phishing
en.wikipedia.org/wiki/Mozilla_Firefox,phishing,phishing
en.wikipedia.org/wiki/Greasemonkey,phishing,phishing
en.wikipedia.org/wiki/Google_Chrome,phishing,phishing
www.microsoft.com/windows/products/winfamily/ie/default.mspx,phishing,phishing
www.microsoft.com/windows/ie/previous/webaccess/default.mspx,phishing,phishing
support.microsoft.com/kb/q167614/,phishing,phishing
get.adobe.com/reader/,phishing,phishing
get.adobe.com/flashplayer/,phishing,phishing
get.adobe.com/shockwave/,phishing,phishing
www.oracle.com/technetwork/java/javase/downloads/index.html,phishing,phishing
msdn.microsoft.com/en-us/library/aa741317.aspx,phishing,phishing
www.vm.ibm.com/download/packages/descript.cgi?CHARLOTT,phishing,phishing
www.cisco.com/warp/public/44/jump/ciscoworks.shtml,phishing,phishing
www-306.ibm.com/software/tivoli/products/netview/,phishing,phishing
www.cisco.com/en/US/products/sw/netmgtsw/ps1982/index.html,phishing,phishing
technet.microsoft.com/en-us/windowsserver/2000/,phishing,phishing
www.apple.com/webobjects/,phishing,phishing
en.wikipedia.org/wiki/WebSphere,phishing,phishing
publib-b.boulder.ibm.com/redbooks.nsf/portals/Websphere,phishing,phishing
www-306.ibm.com/software/websphere/,phishing,phishing
www.ibm.com/developerworks/websphere,phishing,phishing
www-03.ibm.com/press/us/en/pressrelease/2300.wss,phishing,phishing
technet.microsoft.com/en-us/library/bb687463.aspx,phishing,phishing
www.microsoft.com/commerceserver/,phishing,phishing
www.microsoft.com/mspress/books/2486.asp,phishing,phishing
support.microsoft.com/default.aspx?scid=kb;EN-US;q184693,phishing,phishing
technet.microsoft.com/library/hh831825,phishing,phishing
technet.microsoft.com/library/cc896553(WS.10).aspx,phishing,phishing
www.oracle.com/technology/products/oid/,phishing,phishing
www-01.ibm.com/software/tivoli/products/directory-server/,phishing,phishing
www.apple.com/quicktime/extending/resources.html,phishing,phishing
www.microsoft.com/windows/windowsmedia/forpros/server/server.aspx,phishing,phishing
en.wikipedia.org/wiki/Timeserver,phishing,phishing
support.microsoft.com/kb/314054,phishing,phishing
en.wikipedia.org/wiki/News_server,phishing,phishing
www-4.ibm.com/software/webservers/httpservers/,phishing,phishing
www.microsoft.com/technet/security/tools/locktool.mspx,phishing,phishing
www.microsoft.com/technet/security/tools/urlscan.mspx,phishing,phishing
technet.microsoft.com/en-us/library/cc750569.aspx,phishing,phishing
en.wikipedia.org/wiki/Webalizer,phishing,phishing
www-306.ibm.com/software/awdtools/lum/,phishing,phishing
www.microsoft.com/licensing/,phishing,phishing
www.cnn.com/TECH/computing/9901/22/refunds.idg/,phishing,phishing
www.cnn.com/TECH/computing/9901/25/winrefund.idg/,phishing,phishing
www.nytimes.com/library/tech/99/01/biztech/articles/25computer-briefs.html,phishing,phishing
www-306.ibm.com/software/data/masterdata/customer/,phishing,phishing
www.oracle.com/us/products/applications/master-data-management/oracle-customer-hub-081990.html,phishing,phishing
www-01.ibm.com/software/data/infosphere/mdm_server_pim/,phishing,phishing
support.microsoft.com/default.aspx?scid=kb;EN-US;q80863,phishing,phishing
h18000.www1.hp.com/products/servers/technology/wbem.html,phishing,phishing
msdn.microsoft.com/en-us/library/ms811556.aspx,phishing,phishing
msdn.microsoft.com/en-us/library/ms811552.aspx,phishing,phishing
msdn.microsoft.com/en-us/library/ms811540.aspx,phishing,phishing
www.amazon.com/exec/obidos/ASIN/0471353426,phishing,phishing
www-03.ibm.com/servers/eserver/zseries/zos/racf/,phishing,phishing
www-306.ibm.com/software/tivoli/solutions/security/,phishing,phishing
technet.microsoft.com/en-us/library/cc788652.aspx,phishing,phishing
en.wikipedia.org/wiki/LibreOffice,phishing,phishing
en.wikipedia.org/wiki/Microsoft_Office,phishing,phishing
msdn.microsoft.com/office/,phishing,phishing
www.microsoft.com/learning/en/us/certification/mos.aspx,phishing,phishing
www.microsoft.com/mac/products/,phishing,phishing
msdn.microsoft.com/en-us/library/cc313118.aspx,phishing,phishing
en.wikipedia.org/wiki/Operating_system,phishing,phishing
en.wikipedia.org/wiki/Android_(operating_system),phishing,phishing
www.ibm.com/developerworks/opensource/library/os-android-devel/,phishing,phishing
en.wikipedia.org/wiki/BIOS,phishing,phishing
en.wikipedia.org/wiki/Open_Firmware,phishing,phishing
en.wikipedia.org/wiki/Loadlin,phishing,phishing
support.microsoft.com/default.aspx?scid=kb;en-us;289022,phishing,phishing
support.microsoft.com/?scid=kb;en-us;102873,phishing,phishing
en.wikipedia.org/wiki/Capability-based_security,phishing,phishing
en.wikipedia.org/wiki/Capability-based_addressing,phishing,phishing
en.wikipedia.org/wiki/CP/M,phishing,phishing
en.wikipedia.org/wiki/Archy,phishing,phishing
www.nytimes.com/library/tech/00/02/biztech/articles/21eaze.html,phishing,phishing
www.nvidia.com/object/unix.html,phishing,phishing
www-03.ibm.com/linux/,phishing,phishing
h71028.www7.hp.com/enterprise/cache/309906-0-0-0-121.html,phishing,phishing
en.wikipedia.org/wiki/Fedora_(Linux_distribution),phishing,phishing
www.ibm.com/developerworks/linux/library/us-gentoo/,phishing,phishing
en.wikipedia.org/wiki/Comparison_of_Linux_Live_CDs,phishing,phishing
en.wikipedia.org/wiki/Ubuntu_(Linux_distribution),phishing,phishing
www.hpl.hp.com/personal/Jean_Tourrilhes/IrDA/IrDA.html,phishing,phishing
www-307.ibm.com/pc/support/site.wss/MIGR-4BP6Q6.html,phishing,phishing
www-307.ibm.com/pc/support/site.wss/MIGR-4BP6Q6.html?selectarea=SUPPORT&amp;brand=root,phishing,phishing
www.ibm.com/developerworks/linux/linux390/,phishing,phishing
www.cnn.com/TECH/computing/9909/28/linux.diary/,phishing,phishing
www.cnn.com/TECH/computing/9909/24/linux.for.feds.idg/,phishing,phishing
archives.cnn.com/2002/TECH/09/03/hln.wired.linux/,phishing,phishing
www.ibm.com/developerworks/linux/,phishing,phishing
www-01.ibm.com/software/data/db2/9/,phishing,phishing
www.ibm.com/developerworks/linux/library/l-debpkg/,phishing,phishing
www.ibm.com/developerworks/views/linux/library.jsp,phishing,phishing
support.apple.com/kb/HT1835,phishing,phishing
www.adobe.com/products/dreamweaver/,phishing,phishing
www.adobe.com/products/flash/flashpro/,phishing,phishing
www.microsoft.com/mac/default.aspx?pid=msnmessenger,phishing,phishing
www.apple.com/macosx/what-is-macosx/ichat.html,phishing,phishing
www.apple.com/ca/fr/support/mac101/work/21/,phishing,phishing
en.wikipedia.org/wiki/Category:Mac_OS_web_browsers,phishing,phishing
developer.apple.com/documentation/Darwin/Reference/ManPages/index.html,phishing,phishing
www.apple.com/iwork/,phishing,phishing
www.apple.com/iwork/keynote/,phishing,phishing
developer.apple.com/security/,phishing,phishing
www.apple.com/support/security/,phishing,phishing
www.apple.com/macosx/,phishing,phishing
www.apple.com/downloads/macosx/,phishing,phishing
developer.apple.com/macosx/tigerdevintro.html,phishing,phishing
support.apple.com/kb/HT1343,phishing,phishing
www.apple.com/server/macosx/,phishing,phishing
developer.apple.com/server/,phishing,phishing
docs.info.apple.com/article.html?artnum=107234,phishing,phishing
publibz.boulder.ibm.com/cgi-bin/bookmgr_OS390/BOOKS/ICHZA720/GLOSSARY.4?SHELF=ICHZBK21&amp;DT=20020109124747,phishing,phishing
publib-b.boulder.ibm.com/Redbooks.nsf/RedbookAbstracts/sg246105.html?Open,phishing,phishing
www14.software.ibm.com/webapp/ShopzSeries/ShopzSeries.jsp,phishing,phishing
www-01.ibm.com/software/htp/cics/,phishing,phishing
www-01.ibm.com/software/data/db2/vse-vm/,phishing,phishing
www-01.ibm.com/software/awdtools/ditto/,phishing,phishing
www-01.ibm.com/software/htp/cics/enews/,phishing,phishing
www-01.ibm.com/software/htp/tpf/pubs/tpfpubs.htm,phishing,phishing
www-01.ibm.com/software/websphere/,phishing,phishing
www-01.ibm.com/software/network/vtam/,phishing,phishing
www-01.ibm.com/software/htp/tpf/,phishing,phishing
www-03.ibm.com/systems/z/os/zos/bkserv/lookat/,phishing,phishing
www-03.ibm.com/systems/storage/,phishing,phishing
www.vm.ibm.com/download,phishing,phishing
www-03.ibm.com/servers/eserver/zseries/zos/racf/goodies.html,phishing,phishing
www-03.ibm.com/servers/eserver/zseries/zvse/products/connectors.html,phishing,phishing
www-03.ibm.com/servers/eserver/zseries/zos/unix/bpxa1toy.html,phishing,phishing
www-01.ibm.com/support/dlsearch.wss,phishing,phishing
www-01.ibm.com/software/awdtools/ispf/library/tasid.html,phishing,phishing
www-01.ibm.com/software/htp/tpf/maint/toolsztpf.html,phishing,phishing
www-01.ibm.com/software/,phishing,phishing
www-01.ibm.com/software/applications/gddm/,phishing,phishing
www-01.ibm.com/software/tivoli/,phishing,phishing
www-01.ibm.com/software/tivoli/products/storage-mgr/,phishing,phishing
www.ibm.com/services/learning/conf/us/os390,phishing,phishing
en.wikipedia.org/wiki/OS/360,phishing,phishing
www-03.ibm.com/servers/eserver/zseries/zos/le/,phishing,phishing
www-03.ibm.com/servers/eserver/zseries/zos/rmf/,phishing,phishing
www-03.ibm.com/servers/eserver/zseries/zos/sdsf/,phishing,phishing
www-03.ibm.com/servers/eserver/zseries/zos/smpe/,phishing,phishing
www-03.ibm.com/servers/eserver/zseries/zos/support/zos_eos_dates.html,phishing,phishing
www-03.ibm.com/servers/eserver/zseries/zos/unix/,phishing,phishing
www-03.ibm.com/servers/eserver/zseries/zos/servicetst/,phishing,phishing
www-03.ibm.com/servers/eserver/zseries/zose/,phishing,phishing
www-03.ibm.com/servers/eserver/zseries/zos/wizards/,phishing,phishing
www-03.ibm.com/servers/storage/software/sms/,phishing,phishing
www-03.ibm.com/systems/z/os/zos/bkserv/hot_topics.html,phishing,phishing
www-03.ibm.com/systems/z/os/zos/bkserv/,phishing,phishing
www-03.ibm.com/systems/z/advantages/security/index.html,phishing,phishing
www-01.ibm.com/software/data/db2/zos/,phishing,phishing
www-01.ibm.com/software/data/ims/,phishing,phishing
publib.boulder.ibm.com/infocenter/dzichelp/v2r2/topic/com.ibm.dzic.doc.gloss/dzic_glossary.htm,phishing,phishing
www-01.ibm.com/software/awdtools/sclmsuite/,phishing,phishing
www.vm.ibm.com/linux,phishing,phishing
www.vm.ibm.com/events/usergrps.html,phishing,phishing
www.vm.ibm.com/events,phishing,phishing
www-03.ibm.com/servers/eserver/zseries/zos/racf/vm.html,phishing,phishing
www-03.ibm.com/servers/eserver/zseries/zvse/products/languages.html,phishing,phishing
www-01.ibm.com/software/htp/cics/tserver/vseesa/,phishing,phishing
en.wikipedia.org/wiki/Multics,phishing,phishing
en.wikipedia.org/wiki/Microkernel,phishing,phishing
domino.research.ibm.com/comm/research_projects.nsf/pages/k42.index.html,phishing,phishing
en.wikipedia.org/wiki/K42,phishing,phishing
en.wikipedia.org/wiki/MorphOS,phishing,phishing
www.microsoft.com/hardware/downloads/default.mspx,phishing,phishing
www.microsoft.com/downloads/details.aspx?FamilyID=2f465be0-94fd-4569-b3c4-dffdf19ccd99&amp;DisplayLang=en,phishing,phishing
www.microsoft.com/downloads/details.aspx?FamilyID=09dfc342-648b-4119-b7eb-783b0f7d1178&amp;DisplayLang=en,phishing,phishing
www.microsoft.com/technet/scriptcenter/tools/admatic.mspx,phishing,phishing
www.microsoft.com/technet/scriptcenter/tools/twkmatic.mspx,phishing,phishing
www.microsoft.com/technet/scriptcenter/guide/sas_wsh_qlcc.mspx?mfr=true,phishing,phishing
www.microsoft.com/technet/scriptcenter/default.mspx,phishing,phishing
www.microsoft.com/downloads/details.aspx?FamilyId=01592C48-207D-4BE1-8A76-1C4099D7BBB9,phishing,phishing
msdn.microsoft.com/en-us/library/aa394553(VS.85).aspx,phishing,phishing
gallery.technet.microsoft.com/ScriptCenter/en-us/,phishing,phishing
msdn.microsoft.com/en-us/magazine/cc302338.aspx,phishing,phishing
technet.microsoft.com/en-us/default.aspx,phishing,phishing
support.microsoft.com/ph/1131,phishing,phishing
en.wikipedia.org/wiki/Windows_2000,phishing,phishing
www.microsoft.com/windows2000/techinfo/default.asp,phishing,phishing
www.microsoft.com/learning/books/Windows/default.asp,phishing,phishing
www.microsoft.com/hk/windows2000/faq.htm,phishing,phishing
www.microsoft.com/enable/training/windows2000/default.aspx,phishing,phishing
msdn.microsoft.com/en-us/library/aa286534.aspx,phishing,phishing
www.microsoft.com/technet/security/,phishing,phishing
technet.microsoft.com/en-us/windowsvista/default.aspx,phishing,phishing
en.wikipedia.org/wiki/Windows_7,phishing,phishing
windows.microsoft.com/en-US/windows7/help,phishing,phishing
technet.microsoft.com/en-us/windows/dd361745,phishing,phishing
support.microsoft.com/ph/14019,phishing,phishing
answers.microsoft.com/en-us/windows/forum/windows_7,phishing,phishing
en.wikipedia.org/wiki/Windows_8,phishing,phishing
en.wikipedia.org/wiki/Metro_(design_language),phishing,phishing
msdn.microsoft.com/windows/apps/default,phishing,phishing
support.microsoft.com/ph/1139,phishing,phishing
support.microsoft.com/kb/q183887/,phishing,phishing
support.microsoft.com/kb/q221512/,phishing,phishing
www.microsoft.com/WindowsMe/,phishing,phishing
h18000.www1.hp.com/support/files/alphant/,phishing,phishing
www.microsoft.com/whdc/hcl/default.mspx,phishing,phishing
www.microsoft.com/ntworkstation/,phishing,phishing
en.wikipedia.org/wiki/Windows_Server_2003,phishing,phishing
technet.microsoft.com/en-us/windowsserver/bb405947.aspx,phishing,phishing
support.microsoft.com/ph/3198,phishing,phishing
technet.microsoft.com/en-us/library/cc706993(WS.10).aspx,phishing,phishing
en.wikipedia.org/wiki/Windows_Vista,phishing,phishing
technet.microsoft.com/en-us/windowsvista/aa905075.aspx,phishing,phishing
technet.microsoft.com/en-us/library/cc707009.aspx,phishing,phishing
social.technet.microsoft.com/forums/en-US/category/windowsvistaitpro/,phishing,phishing
support.microsoft.com/default.aspx?scid=fh;en-us;winxp,phishing,phishing
www.microsoft.com/windowsxp/pro/evaluation/tours/default.mspx,phishing,phishing
www.microsoft.com/windowsxp/expertzone/default.mspx,phishing,phishing
technet.microsoft.com/en-us/library/bb491075.aspx,phishing,phishing
support.microsoft.com/gp/winxpfaq,phishing,phishing
www.microsoft.com/windows/windows-xp/,phishing,phishing
www.microsoft.com/windowsxp/downloads/updates/sp2/docs/privacy.mspx,phishing,phishing
www-1.ibm.com/servers/eserver/iseries/,phishing,phishing
h71000.www7.hp.com/openvmsedu/,phishing,phishing
www.hp.com/go/openvms/faq/,phishing,phishing
en.wikipedia.org/wiki/Monolithic_kernel,phishing,phishing
en.wikipedia.org/wiki/Hybrid_kernel,phishing,phishing
www.cisco.com/warp/public/732/,phishing,phishing
archives.cnn.com/2002/TECH/ptech/02/13/brave.new.os.idg/,phishing,phishing
en.wikipedia.org/wiki/V_(operating_system),phishing,phishing
en.wikipedia.org/wiki/Plan_9_from_Bell_Labs,phishing,phishing
en.wikipedia.org/wiki/TinyOS,phishing,phishing
en.wikipedia.org/wiki/AtheOS,phishing,phishing
en.wikipedia.org/wiki/JavaOS,phishing,phishing
en.wikipedia.org/wiki/JNode,phishing,phishing
en.wikipedia.org/wiki/Syllable_(operating_system),phishing,phishing
en.wikipedia.org/wiki/AtheOS_File_System,phishing,phishing
edition.cnn.com/2003/TECH/biztech/11/05/china.linux.reut/,phishing,phishing
en.wikipedia.org/wiki/OS/2,phishing,phishing
www-4.ibm.com/software/ad/,phishing,phishing
www.redbooks.ibm.com/cgi-bin/searchsite.cgi?query=os/2,phishing,phishing
en.wikipedia.org/wiki/PRIMOS,phishing,phishing
en.wikipedia.org/wiki/Real-time_operating_system,phishing,phishing
en.wikipedia.org/wiki/ChorusOS,phishing,phishing
en.wikipedia.org/wiki/Multiuser_DOS,phishing,phishing
www.amazon.com/exec/obidos/ASIN/020162687X,phishing,phishing
en.wikipedia.org/wiki/ECos,phishing,phishing
en.wikipedia.org/wiki/Extremely_Reliable_Operating_System,phishing,phishing
en.wikipedia.org/wiki/CapROS,phishing,phishing
en.wikipedia.org/wiki/Coyotos,phishing,phishing
en.wikipedia.org/wiki/FreeRTOS,phishing,phishing
en.wikipedia.org/wiki/L4_microkernel_family,phishing,phishing
en.wikipedia.org/wiki/RTLinux,phishing,phishing
en.wikipedia.org/wiki/RTAI,phishing,phishing
en.wikipedia.org/wiki/LynxOS,phishing,phishing
en.wikipedia.org/wiki/MenuetOS,phishing,phishing
en.wikipedia.org/wiki/MicroC/OS-II,phishing,phishing
en.wikipedia.org/wiki/Spring_(operating_system),phishing,phishing
en.wikipedia.org/wiki/Phoenix-RTOS,phishing,phishing
en.wikipedia.org/wiki/Nucleus_RTOS,phishing,phishing
en.wikipedia.org/wiki/OS-9,phishing,phishing
en.wikipedia.org/wiki/Integrity_(operating_system),phishing,phishing
en.wikipedia.org/wiki/QNX,phishing,phishing
en.wikipedia.org/wiki/RTEMS,phishing,phishing
en.wikipedia.org/wiki/ThreadX,phishing,phishing
en.wikipedia.org/wiki/TRON_Project,phishing,phishing
en.wikipedia.org/wiki/VxWorks,phishing,phishing
en.wikipedia.org/wiki/Nemesis_(computing),phishing,phishing
en.wikipedia.org/wiki/Nanokernel,phishing,phishing
en.wikipedia.org/wiki/Exokernel,phishing,phishing
en.wikipedia.org/wiki/THEOS,phishing,phishing
en.wikipedia.org/wiki/A/UX,phishing,phishing
publib16.boulder.ibm.com/pseries/en_US/infocenter/base/aix43.htm?&amp;viewset=AIX,phishing,phishing
www.redbooks.ibm.com/abstracts/sg244381.html,phishing,phishing
en.wikipedia.org/wiki/Berkeley_Software_Distribution,phishing,phishing
en.wikipedia.org/wiki/BSD/OS,phishing,phishing
developer.apple.com/referencelibrary/Darwin/,phishing,phishing
en.wikipedia.org/wiki/DragonFly_BSD,phishing,phishing
en.wikipedia.org/wiki/FreeBSD,phishing,phishing
en.wikipedia.org/wiki/MirOS_BSD,phishing,phishing
en.wikipedia.org/wiki/NetBSD,phishing,phishing
en.wikipedia.org/wiki/OpenBSD,phishing,phishing
en.wikipedia.org/wiki/MINIX,phishing,phishing
www.forbes.com/2000/08/03/feat2.html,phishing,phishing
www.forbes.com/2000/07/12/mu3.html,phishing,phishing
www.forbes.com/2003/08/05/cz_dl_0805ibmlinux.html,phishing,phishing
www.forbes.com/2003/08/04/cz_dl_0804linux.html,phishing,phishing
en.wikipedia.org/wiki/Bash,phishing,phishing
en.wikipedia.org/wiki/Solaris_Operating_System,phishing,phishing
en.wikipedia.org/wiki/OpenSolaris,phishing,phishing
h30097.www3.hp.com/docs/,phishing,phishing
h30097.www3.hp.com/portingassistant/,phishing,phishing
en.wikipedia.org/wiki/Xinu,phishing,phishing
en.wikipedia.org/wiki/DOS,phishing,phishing
en.wikipedia.org/wiki/DR-DOS,phishing,phishing
en.wikipedia.org/wiki/OpenDOS,phishing,phishing
en.wikipedia.org/wiki/FreeDOS,phishing,phishing
support.microsoft.com/?id=71986,phishing,phishing
support.microsoft.com/?kbid=101884,phishing,phishing
support.microsoft.com/?kbid=106419,phishing,phishing
support.microsoft.com/?kbid=113418,phishing,phishing
support.microsoft.com/?kbid=119591,phishing,phishing
support.microsoft.com/?kbid=121170,phishing,phishing
support.microsoft.com/?kbid=26281,phishing,phishing
support.microsoft.com/?kbid=34768,phishing,phishing
support.microsoft.com/?kbid=35284,phishing,phishing
support.microsoft.com/?kbid=35938,phishing,phishing
support.microsoft.com/?kbid=36605,phishing,phishing
support.microsoft.com/?kbid=39585,phishing,phishing
support.microsoft.com/?kbid=39627,phishing,phishing
support.microsoft.com/?kbid=41246,phishing,phishing
support.microsoft.com/?kbid=43075,phishing,phishing
support.microsoft.com/?kbid=57658,phishing,phishing
support.microsoft.com/?kbid=63071,phishing,phishing
support.microsoft.com/?kbid=65994,phishing,phishing
support.microsoft.com/?kbid=66292,phishing,phishing
support.microsoft.com/?kbid=67929,phishing,phishing
support.microsoft.com/?kbid=68268,phishing,phishing
support.microsoft.com/?kbid=69563,phishing,phishing
support.microsoft.com/?kbid=69576,phishing,phishing
support.microsoft.com/?kbid=69581,phishing,phishing
support.microsoft.com/?kbid=71247,phishing,phishing
support.microsoft.com/?kbid=74038,phishing,phishing
support.microsoft.com/?kbid=74464,phishing,phishing
support.microsoft.com/?kbid=75634,phishing,phishing
support.microsoft.com/?kbid=77457,phishing,phishing
support.microsoft.com/?kbid=79245,phishing,phishing
support.microsoft.com/?kbid=97595,phishing,phishing
support.microsoft.com/default.aspx?scid=kb;EN-US;96269,phishing,phishing
support.microsoft.com/default.aspx?scid=KB;EN-US;Q34760&amp;,phishing,phishing
support.microsoft.com/?kbid=130893,phishing,phishing
support.microsoft.com/?kbid=131008,phishing,phishing
support.microsoft.com/?kbid=135268,phishing,phishing
support.microsoft.com/?kbid=177077,phishing,phishing
support.microsoft.com/?kbid=142432,phishing,phishing
support.microsoft.com/?kbid=180546&amp;,phishing,phishing
support.microsoft.com/?kbid=155572,phishing,phishing
support.microsoft.com/?kbid=199878,phishing,phishing
support.microsoft.com/?kbid=158358,phishing,phishing
support.microsoft.com/?kbid=162786,phishing,phishing
support.microsoft.com/?kbid=228930,phishing,phishing
support.microsoft.com/?kbid=168918,phishing,phishing
support.microsoft.com/?kbid=243486,phishing,phishing
support.microsoft.com/?kbid=173527,phishing,phishing
support.microsoft.com/?kbid=260324,phishing,phishing
support.microsoft.com/?kbid=173529,phishing,phishing
support.microsoft.com/?kbid=263105,phishing,phishing
support.microsoft.com/?kbid=176197,phishing,phishing
support.microsoft.com/?kbid=272530,phishing,phishing
support.microsoft.com/?kbid=250998,phishing,phishing
technet.microsoft.com/en-us/library/cc750982.aspx,phishing,phishing
en.wikipedia.org/wiki/SkyOS,phishing,phishing
www-142.ibm.com/software/sw-lotus/products/product2.nsf/wdocs/freelance,phishing,phishing
www.oracle.com/crmondemand/,phishing,phishing
media-server.amazon.com/jobs/jobs.html,phishing,phishing
www.microsoft.com/msj/default.aspx,phishing,phishing
msdn.microsoft.com/en-us/library/bb508939.aspx,phishing,phishing
en.wikipedia.org/wiki/Windows_Installer,phishing,phishing
www.microsoft.com/smserver/default.mspx,phishing,phishing
www.adobe.com/products/framemaker/,phishing,phishing
'research.microsoft.com/en-us/um/people/jckrumm/Word\%20Tips/technical\%20publishing.htm',phishing,phishing
www-142.ibm.com/software/sw-lotus/products/product3.nsf/wdocs/wfhome,phishing,phishing
www.software.ibm.com/ts/mqseries/workflow/,phishing,phishing
www.almaden.ibm.com/cs/exotica/exotica_papers.html,phishing,phishing
www.cnn.com/TECH/9709/14/nzealand.millenium/,phishing,phishing
www10.nytimes.com/library/tech/reference/millennium-index.html,phishing,phishing
www.software.ibm.com/speech/,phishing,phishing
www.research.microsoft.com/research/srg/,phishing,phishing
en.wikipedia.org/wiki/Speech_synthesis,phishing,phishing
researchweb.watson.ibm.com/tts/,phishing,phishing
www-01.ibm.com/software/websphere/products/mobilespeech/,phishing,phishing
research.microsoft.com/en-us/downloads/4dbcaad1-40a1-43a6-ab84-8a063fcd97fd/default.aspx,phishing,phishing
h20311.www2.hp.com/HPC/cache/274276-0-0-0-121.html,phishing,phishing
research.microsoft.com/users/gbell/craytalk/,phishing,phishing
www.apple.com/rss/,phishing,phishing
www.info.apple.com/support/oldersoftwarelist.html,phishing,phishing
developer.apple.com/macos/,phishing,phishing
developer.apple.com/tools/mpw-tools/,phishing,phishing
www.lists.apple.com/mailman/listinfo/java-dev,phishing,phishing
developer.apple.com/hardware/ve/,phishing,phishing
developer.apple.com/darwin/,phishing,phishing
developer.apple.com/tools/,phishing,phishing
www.apple.com/jobs/us/,phishing,phishing
developer.apple.com/wwdc/,phishing,phishing
www.apple.com/support/mac101/,phishing,phishing
www.apple.com/getamac/,phishing,phishing
www.hp.com/sbso/printing/mac/,phishing,phishing
support.apple.com/specs/,phishing,phishing
www.info.apple.com/usen/imac/,phishing,phishing
www.info.apple.com/usen/g3/,phishing,phishing
www.info.apple.com/usen/g4/,phishing,phishing
www.apple.com/powermac/,phishing,phishing
www.apple.com/airport/,phishing,phishing
www.apple.com/mac/,phishing,phishing
www.apple.com/support/powerbook/,phishing,phishing
www.info.apple.com/usen/powerbookg3/,phishing,phishing
www.apple.com/xserve/,phishing,phishing
en.wikipedia.org/wiki/Apple_Switch_ad_campaign,phishing,phishing
www.apple.com/hotnews,phishing,phishing
www.apple.com/main/rss/hotnews/hotnews.rss,phishing,phishing
www.nytimes.com/2003/11/30/magazine/30IPOD.html?ex=1070773200&amp;en=6cc3b984324f9225&amp;ei=5062&amp;partner=GOOGLE,phishing,phishing
www.forbes.com/sciencesandmedicine/2004/01/12/cx_mh_0112apple.html,phishing,phishing
www.cnn.com/2004/TECH/ptech/01/23/mac.birthday/,phishing,phishing
www.cnn.com/2004/WORLD/americas/04/16/jobs/,phishing,phishing
en.wikipedia.org/wiki/Commodore_International,phishing,phishing
en.wikipedia.org/wiki/Commodore_64,phishing,phishing
msdn.microsoft.com/mobility/,phishing,phishing
www.almaden.ibm.com/cs/user/inddes/wear.html,phishing,phishing
en.wikipedia.org/wiki/Simputer,phishing,phishing
en.wikipedia.org/wiki/BlackBerry,phishing,phishing
www.nytimes.com/2009/11/05/technology/personaltech/05pogue.html,phishing,phishing
www.youtube.com/user/how2moto,phishing,phishing
en.wikipedia.org/wiki/Motorola_Droid,phishing,phishing
developer.apple.com/iphone/,phishing,phishing
en.wikipedia.org/wiki/IPhone,phishing,phishing
www.apple.com/iphone/softwareupdate/,phishing,phishing
www.cnn.com/TECH/computing/9910/08/handspring.idg/index.html,phishing,phishing
www.cnn.com/TECH/ptech/9909/13/visor.main/index.html,phishing,phishing
www.microsoft.com/automotive/,phishing,phishing
www.hp.com/jornada/,phishing,phishing
www.hp.com/jornada/products/pocketpc.html,phishing,phishing
h10010.www1.hp.com/wwpc/us/en/sm/WF09a/215348-215348-64929.html?jumpid=in_r2515_us/en/smb/psg/psc404redir-ot-xx-xx-/chev/,phishing,phishing
www.microsoft.com/windowsmobile/pocketpc/ppc/default.mspx,phishing,phishing
msdn.microsoft.com/embedded/,phishing,phishing
en.wikipedia.org/wiki/MSX,phishing,phishing
www.microsoft.com/windowsxp/tabletpc/default.mspx,phishing,phishing
en.wikipedia.org/wiki/Usenet,phishing,phishing
en.wikipedia.org/wiki/Great_Renaming,phishing,phishing
en.wikipedia.org/wiki/Alt.tv.simpsons,phishing,phishing
en.wikipedia.org/wiki/Alt.fan.warlord,phishing,phishing
en.wikipedia.org/wiki/Second_Life,phishing,phishing
en.wikipedia.org/wiki/Chess,phishing,phishing
researchweb.watson.ibm.com/deepblue/,phishing,phishing
en.wikipedia.org/wiki/Ruslan_Ponomariov,phishing,phishing
researchweb.watson.ibm.com/deepblue/home/html/b.html,phishing,phishing
researchweb.watson.ibm.com/deepblue/meet/html/d.1.html,phishing,phishing
www.amazon.com/gp/product/0802111033/104-3705896-4639909?n=283155,phishing,phishing
en.wikipedia.org/wiki/Chess_boxing,phishing,phishing
en.wikipedia.org/wiki/Alquerque,phishing,phishing
en.wikipedia.org/wiki/Backgammon,phishing,phishing
en.wikipedia.org/wiki/Phutball,phishing,phishing
en.wikipedia.org/wiki/Abalone_(board_game),phishing,phishing
www.nytimes.com/1997/07/29/science/to-test-a-powerful-computer-play-an-ancient-game.html,phishing,phishing
en.wikipedia.org/wiki/Agricola_(board_game),phishing,phishing
money.cnn.com/2006/04/24/news/funny/monopoly/index.htm,phishing,phishing
en.wikipedia.org/wiki/The_Settlers_of_Catan,phishing,phishing
en.wikipedia.org/wiki/Carcassonne:_Hunters_and_Gatherers,phishing,phishing
en.wikipedia.org/wiki/Carcassonne_(board_game),phishing,phishing
en.wikipedia.org/wiki/Arkham_Horror,phishing,phishing
en.wikipedia.org/wiki/Car_Wars,phishing,phishing
en.wikipedia.org/wiki/Battleship_(game),phishing,phishing
en.wikipedia.org/wiki/Diplomacy_(game),phishing,phishing
en.wikipedia.org/wiki/Risk_(game),phishing,phishing
en.wikipedia.org/wiki/Balderdash,phishing,phishing
en.wikipedia.org/wiki/Facts_in_Five,phishing,phishing
en.wikipedia.org/wiki/Pictionary,phishing,phishing
www.cnn.com/WORLD/europe/9810/13/giant.scrabble/,phishing,phishing
en.wikipedia.org/wiki/Trivial_Pursuit,phishing,phishing
en.wikipedia.org/wiki/Canasta,phishing,phishing
en.wikipedia.org/wiki/Cassino_(card_game),phishing,phishing
en.wikipedia.org/wiki/Card_game,phishing,phishing
www.wikipedia.org/wiki/President_(game),phishing,phishing
en.wikipedia.org/wiki/Fluxx,phishing,phishing
en.wikipedia.org/wiki/Nertz,phishing,phishing
en.wikipedia.org/wiki/Trick-taking_game,phishing,phishing
en.wikipedia.org/wiki/Contract_bridge,phishing,phishing
en.wikipedia.org/wiki/Oh_Hell,phishing,phishing
en.wikipedia.org/wiki/Whist,phishing,phishing
en.wikipedia.org/wiki/Pinball,phishing,phishing
en.wikipedia.org/wiki/Gaming_convention,phishing,phishing
en.wikipedia.org/wiki/Penny_Arcade_Expo,phishing,phishing
en.wikipedia.org/wiki/Craps,phishing,phishing
en.wikipedia.org/wiki/Gambling,phishing,phishing
en.wikipedia.org/wiki/List_of_video_poker_games,phishing,phishing
en.wikipedia.org/wiki/Roulette,phishing,phishing
en.wikipedia.org/wiki/Slot_machine,phishing,phishing
"'en.wikipedia.org/wiki/Rock,_Paper,_Scissors'",phishing,phishing
en.wikipedia.org/wiki/Thumb_Wrestling,phishing,phishing
"'en.wikipedia.org/wiki/Warhammer_40,000'",phishing,phishing
en.wikipedia.org/wiki/Chaos_Space_Marines,phishing,phishing
en.wikipedia.org/wiki/Dark_Eldar,phishing,phishing
"'en.wikipedia.org/wiki/Eldar_(Warhammer_40,000)'",phishing,phishing
"'en.wikipedia.org/wiki/Imperial_Guard_(Warhammer_40,000)'",phishing,phishing
"'en.wikipedia.org/wiki/Ork_(Warhammer_40,000)'",phishing,phishing
"'en.wikipedia.org/wiki/Space_Marines_(Warhammer_40,000)'",phishing,phishing
en.wikipedia.org/wiki/Tau_(Warhammer_40000),phishing,phishing
en.wikipedia.org/wiki/Witch_Hunters,phishing,phishing
en.wikipedia.org/wiki/MUD,phishing,phishing
en.wikipedia.org/wiki/Battleship_game,phishing,phishing
en.wikipedia.org/wiki/Drinking_game,phishing,phishing
domino.research.ibm.com/Comm/wwwr_ponder.nsf/pages/index.html,phishing,phishing
www.nytimes.com/2009/02/09/arts/09ken.html,phishing,phishing
en.wikipedia.org/wiki/KenKen,phishing,phishing
en.wikipedia.org/wiki/Sudoku,phishing,phishing
www.nytimes.com/pages/crosswords/index.html,phishing,phishing
researchweb.watson.ibm.com/BurrPuzzles/,phishing,phishing
en.wikipedia.org/wiki/Exalted,phishing,phishing
en.wikipedia.org/wiki/Ars_Magica,phishing,phishing
'en.wikipedia.org/wiki/Bunnies_\%26_Burrows',phishing,phishing
en.wikipedia.org/wiki/Vampire:_The_Requiem,phishing,phishing
en.wikipedia.org/wiki/Capes,phishing,phishing
en.wikipedia.org/wiki/Villains_and_Vigilantes,phishing,phishing
en.wikipedia.org/wiki/Superworld,phishing,phishing
www.cnn.com/books/reviews/9909/03/embrace/,phishing,phishing
nssdc.gsfc.nasa.gov/planetary/planetfact.html,phishing,phishing
en.wikipedia.org/wiki/Dominoes,phishing,phishing
en.wikipedia.org/wiki/42_(dominoes),phishing,phishing
en.wikipedia.org/wiki/Mahjong,phishing,phishing
en.wikipedia.org/wiki/Dragon_Booster_Trading_Card_Game,phishing,phishing
en.wikipedia.org/wiki/Duel_Masters,phishing,phishing
en.wikipedia.org/wiki/Darksiders,phishing,phishing
en.wikipedia.org/wiki/Folklore_(video_game),phishing,phishing
en.wikipedia.org/wiki/Genji:_Days_of_the_Blade,phishing,phishing
en.wikipedia.org/wiki/Lost:_The_Video_Game,phishing,phishing
'en.wikipedia.org/wiki/Marc_Ecko\'s_Getting_Up:_Contents_Under_Pressure',phishing,phishing
en.wikipedia.org/wiki/No_More_Heroes_(video_game),phishing,phishing
en.wikipedia.org/wiki/Call_of_Cthulhu:_Dark_Corners_of_the_Earth,phishing,phishing
en.wikipedia.org/wiki/Dead_Space_(video_game),phishing,phishing
