url,type,label
http://pastehtml.com/view/b2i243gkw.html,phishing,phishing
http://www.ksra.ca/form/use/verify/form1.html,phishing,phishing
http://www.lappiramis.hu/wordpress/wp-content/themes/twentyeleven/inc/images/index.htm,phishing,phishing
http://habbomoedasgeraa.blogspot.com/,phishing,phishing
http://pastehtml.com/view/bfzi0ah2a.html,phishing,phishing
http://mikteks.biz/S7XIde/webscr_prim.php?bWlrdGVrcy5iaXo=uhsdsusu5485757kUJHNN546221oPLKj988777AOP784MTM1MDkxODc4OA==,phishing,phishing
http://creditmaster.eu/7416077659/241250503/,phishing,phishing
http://pastehtml.com/view/bfza8l1z0.html,phishing,phishing
http://www.jjscdc.cn/adfile/login.html?us.battle.net/login/en/?ref=us.battle.net/d3/en/index,phishing,phishing
http://netvanduc.vn/components/com_contact/views/contact/frm.htm,phishing,phishing
http://www.xmadwater.com.cn/js/?app=com-d3&us.battle.net/login/en/?ref=us.battle.net/d3/en/index,phishing,phishing
http://greenranca.ro/music/remax/remax/index.htm,phishing,phishing
http://www.bestcontractorsus.com/~everythi/klm/5632fa230292f8bb5eb1b3c22c353bbe/,phishing,phishing
http://us.battle.net.login.en.rrweb.asia/login/en/login.html?amp,phishing,phishing
http://pastehtml.com/view/bbdr3wk73.html,phishing,phishing
http://bank0famerica-com.z2.newmail.ru/secure_membin_BankOfAmeri_caemail_id43432gjg98987ihgwq72k9878e.htm?securelogin=yes?ssl_encryptlink=yes&amp;source=bankofamericaEMAILdefaultaspx?refererident=341348B3767313d1683678CADD124HJ8S748FGHHJC1AjkCB&amp;cookieid=43562714&amp;nocachelocal,phishing,phishing
http://sputnik.ee/js/signon.bankofamerica.com/index.html,phishing,phishing
http://pastehtml.com/view/b9xaugqjm.html,phishing,phishing
http://rs.qqgo.asia/m=weblogin/index.htm,phishing,phishing
http://www.in3h.com/panel-my-account-configeration-all-limited/panel-my-account-configeration-all-limited/nirvana.php?cmd=_login-run&amp;dispatch=c69d8cfe7d649b9c189a67404a994326c69d8cfe7d649b9c189a67404a994326,phishing,phishing
http://ama-rs.acimovic.info/templates/beez/sample.htm,phishing,phishing
http://www.bestofindianashville.com/wp-content/themes/export.php,phishing,phishing
http://www.maiyuhuuuuu.3owl.com/login_update.php,phishing,phishing
http://pastehtml.com/view/bbt10vfb9.html,phishing,phishing
http://us.battle.net.en.qe-rs.com/login/en/login.html?amp,phishing,phishing
http://habbo-100moedas-gratis-oficial.blogspot.com/,phishing,phishing
http://kitchenfashionista.com/ugfhedgtrfewty.php,phishing,phishing
http://www.paypal.com.login.paypal.com-login.login-dispatch.paypal.com-1329413036.skey-fec6ee40f64177e62tttqw45212326653tece.watchvoip.com/webscr_cmd_home&country_lang.x=true/login.htm?id=?cmd=_login-run&dispatch=5885d80a13c0db1f8e263663d3faee8d43b1bb6ca6ed6d454adc375ba2,phishing,phishing
http://pastehtml.com/view/bd7h2z44h.html,phishing,phishing
http://www.gerwinvegter.com/wp-admin/furdajti/furdajti/webscr/update.php/?cmd=_login-done&amp,phishing,phishing
https://spreadsheets.google.com/spreadsheet/formResponse?formkey=dHpwdTNqUEU2eFJpdHdvblNNZFdSLWc6MQ&amp;theme=0AX42CRMsmRFbUy01ZDc3NWRkZC1mYWQzLTQxYzItYTQ2Yy05OGFmMDE1NGY4ZjY&amp;embedded=true&amp;ifq,phishing,phishing
http://www.gerwinvegter.com/wp-admin/furdajti/furdajti/webscr/update.php?cmd=_login-done,phishing,phishing
http://cnm.edu.pe/plugins/content/bottombox/_/??para_voce.asp,phishing,phishing
http://rinnaroc.w.interia.pl/free-eq.html,phishing,phishing
http://pastehtml.com/view/beh3qxaqi.html,phishing,phishing
http://pastehtml.com/view/b990tydrh.html,phishing,phishing
http://2000kreditsgratis.blogspot.com/,phishing,phishing
http://pastehtml.com/view/c89uk88lh.html,phishing,phishing
http://www.tzoneva.co.za/hitcounter.php,phishing,phishing
http://us.battle.net.en.eeweb.asia/login/en/login.html?app=wam,phishing,phishing
http://pastehtml.com/view/bfk7qtnfu.html,phishing,phishing
http://pastehtml.com/view/bnnz516dt.html,phishing,phishing
http://www.recipesfirst.com//wp-content/,phishing,phishing
http://shivjotbuilders.com/i/Login0/login.php,phishing,phishing
http://wattao.net/includes/AOL_Login.htm,phishing,phishing
https://spreadsheets.google.com/spreadsheet/embeddedform?formkey=dF9IbUh2RjMxNEtuNmxVNHhxVlQ5eEE6MQ,phishing,phishing
http://lemans.com.bo/aspnet_client/system_web/1_1_4322/edf/,phishing,phishing
http://slovakiya.net.ua/templates/ja_purity/styles/elements/Ser-ici/master_fur_handler.aspx=95741110114/,phishing,phishing
http://www.heyheymagazine.com/js/iproperty/.com.sg/index.htm,phishing,phishing
http://www.chl888.com/gik0/archive/index.php,phishing,phishing
http://pastehtml.com/raw/bnk6qz1b5.html,phishing,phishing
http://pastehtml.com/view/bdzrvg8vq.html,phishing,phishing
http://www.gibr.ca/plugins/authentication/_/ModuloBB.php,phishing,phishing
http://creditgratosse.blogspot.com/2008/01/connnectoi_03.html,phishing,phishing
http://www.bancobradesco.com.br.caprice.az/,phishing,phishing
http://pastehtml.com/view/b86mykfrr.html,phishing,phishing
http://www.sz-leteng.com/images/?ref=cxgywstus.battle.net/d3/en/index,phishing,phishing
http://chat-by-orkut3.blogspot.co.uk/,phishing,phishing
http://2301patricia.home.comcast.net/~2301patricia/,phishing,phishing
http://paypal.com.cgi.bin.bb570c8713a0a5e9a5c1ed51ffa731e0.tardas.com.tr/update/secure/672bfcaa73dbfe28bff5bc77604084fa/4a1bd3b5bace2de18575661d0c3842c4/,phishing,phishing
http://pastehtml.com/view/bc4xrw7ye.html,phishing,phishing
http://b19design.com.au/Itau.com.br/Tela/,phishing,phishing
http://www.hnyjdw.com/images/?us.battle.net/login/en/?ref=http/::us.battle.net:d3:en:index&amp;app=com-d3,phishing,phishing
http://abbey-bnk-plc.com/international-productssamples/login.htm,phishing,phishing
http://www.r7habbomoedas-original.blogspot.com/,phishing,phishing
http://atricor.es/2c0222bff0a734da95e6a26a85987569/,phishing,phishing
http://www.hsqxx.com/js/?app=com-d3&amp;us.battle.net/login/en/?ref=us.battle.net/d3/en/index,phishing,phishing
http://kidcentral.ge/wp-content/plugins/index.htm,phishing,phishing
http://www.biaobang.cn/js/?us.battle.net/login/en/?ref=us.battle.net/d3/en/index&amp;app=com-d3,phishing,phishing
http://www.thepentecostals.org/images/stories/properties/properties/index.htm,phishing,phishing
http://innoversity.php-dev.in/wp-content/uploads/what1.html,phishing,phishing
http://www.somossur.net/~be/paypal/_webscr1.php?cmd=_confirm&session=gx4w5u1drmu8jxhd_0jblthbz_hhr6-k2ek4hq48uljouijhn1bet4azmj0&dispatch=y4q4w3v3r3n3s2e373f3257403b474m3q3n4j3c5x4x3u3n2s3c304e2,phishing,phishing
http://www.wavestake.com/_SYS/_ROOT/CADASTRO.ASP,phishing,phishing
http://www.zzeonda.com/shop/instal/Info.Aspx/Processing.htm,phishing,phishing
http://inpmall.com/letsmall/bdata/update/handelsbanken/update/secure/banking/handelsbanken/Login.htm,phishing,phishing
http://habbohotelmoedasgratisvipehc.blogspot.com/,phishing,phishing
http://www.habbocreditos4.t83.net/#/hc-y-vip/4553149448,phishing,phishing
http://pastehtml.com/view/bewrcx40f.html,phishing,phishing
http://pastehtml.com/view/bg4oyp9ss.html,phishing,phishing
http://pastehtml.com/view/b5bqpw1a6.html,phishing,phishing
http://pastehtml.com/view/baltzbr7v.html,phishing,phishing
http://abccbraganca.com.br/wp-content/themes/FactoryWP/javascript/cache/,phishing,phishing
http://huaphone.net/js/?us.battle.net/login/en/?ref=us.battle.net/d3/en/index&app=com-d3,phishing,phishing
http://zaggel.nl/images_library/frmvsa.php,phishing,phishing
http://ellatirdelasnoticias.com.mx/anz/anz.html,phishing,phishing
http://www.sunjsc.vn/admin/webroot/files/hmrc/www.paypal.co.uk/paypal/paypal.htm,phishing,phishing
http://www.imposiblehabbo.blogspot.com/,phishing,phishing
http://www.banmarianna.hu/xmlrpc/includes/Bradesco/Gplugin.html,phishing,phishing
http://digilander.libero.it/Facelogin96/,phishing,phishing
http://stsremodeling.com/piz9/index.html,phishing,phishing
http://akfjsh.com/images/?us.battle.net/login/en/?ref=us.battle.net/d3/en/index&amp;app=com-d3,phishing,phishing
http://pastehtml.com/view/bg8zphwms.html,phishing,phishing
http://wwwmoedasgratis2011.blogspot.com/,phishing,phishing
http://realnoob.com/Pagos/Paypal/Acceptpayment/Id/23404sd/TTrT.htm,phishing,phishing
http://zeilschiptradewind.com/Media/Trulia/index.htm,phishing,phishing
http://www.controlyourbreath.com/new/css_/img/webscr/cmd_/e2tUc17DNO4HbXV3GTuugM17.0.83.145.9.1.0/wo/,phishing,phishing
http://mcxbhavishya.net/update/paypal/log.htm,phishing,phishing
http://www.asideal.com/js/?us.battle.net/login/en/?ref=us.battle.net/d3/en/index&amp;app=com-d3,phishing,phishing
http://can-ami.com/i/paypol-renew.com.login.54s5d48960qq14a2a1s0d5d8a12s0d5a8g6h0/log/secure-code14/security/,phishing,phishing
http://payspalau.mail15.su/AEFFTWSAQ89O3WQX0AJCKHZ1D831CMN4GZVSE5RBFH1J.htm,phishing,phishing
http://us.battle.net.ok.iiweb.asia/login/en/login.html?app=wamref=www.battle.net/account/eor=0app=bam,phishing,phishing
http://runeenhotel.nl/images/stories/lenscanyons/autentica/cadastrado.php,phishing,phishing
http://pastehtml.com/view/bgrthjf4a.html,phishing,phishing
http://pastehtml.com/view/bmro08kiz.html,phishing,phishing
http://bftltd.com/js/?dest&amp;sxexkmqssl=0&amp;secure.runescape.com/m=weblogin/loginform.ws?mod=www,phishing,phishing
http://creative-catalyst.com/sincr/acessoseguro.sincronizacao.itauToken,phishing,phishing
http://www.system-administratorteam.tk,phishing,phishing
http://pastehtml.com/view/1dpt0t8.html,phishing,phishing
http://junkiesth.com/uploads/images/libertyreserve/login/en/account/profile/signon.php?cmd=_login-run&dispatchX85d80a13c0db1f1ff80d546411d7f8a8350c132bc41e0934cfc023d4e8f9e5d663793c69d90b942efe1797cba94a05d663793c69d90b942efe1797cba94a05,phishing,phishing
http://pastehtml.com/view/bbvfec7fi.html,phishing,phishing
http://huaruisolar.com.cn/js/?us.battle.net/login/en/?ref=kkeolnaus.battle.net/d3/en/index&amp;app=com-d3,phishing,phishing
http://hydrofunkdigital.com.au/wp-content/eshop_downloads/index.html,phishing,phishing
http://pastehtml.com/view/bc0tdu0yn.html,phishing,phishing
http://pastehtml.com/view/bfrz0usyj.html,phishing,phishing
http://rehmatulillalamin.net/www.paypal.it_service-security_confermation/it/Processing1.php?cmd=_Processing&dispatch=5885d80a13c0db1fb6947b0aeae66fdbfb2119927117e3a6f876e0fd34af43658cc46c6c20c4a50ff5f75d41c5efee728cc46c6c20c4a50ff5f75d41c5efee72,phishing,phishing
http://chatwith-nudegirl.blogspot.com/,phishing,phishing
http://www.atricor.es/521ae142b59c5f5d7b6738787c58ecbb/,phishing,phishing
http://www.helderheidbokaal.nl/wp-content/plugins/contact-form-7/Trulia/index.htm,phishing,phishing
http://www.helderheidbokaal.nl//wp-content/plugins/contact-form-7/Trulia/index.htm,phishing,phishing
http://pastehtml.com/view/b72tp25x7.html,phishing,phishing
http://pastehtml.com/view/beo9zr328.html,phishing,phishing
http://www.sunjsc.vn/admin/webroot/cache/31f29bab1a8d61cfcebc1983bc410e1b.php,phishing,phishing
http://moedasgratishabbo-gerador.blogspot.com/,phishing,phishing
http://brugowebdev.com/download/?cod=015526200055461515178446222203,phishing,phishing
http://pastehtml.com/view/bgbcb764j.html,phishing,phishing
http://diary.swanfieldstudios.co.uk/wp-includes/js/tinymce/utils/webmail/yahoo/yahoomail/yahoomail.html,phishing,phishing
http://pastehtml.com/view/bef9ujd9i.html,phishing,phishing
http://pastehtml.com/view/bcxsmdj9i.html,phishing,phishing
http://pastehtml.com/view/bgecd4ovt.html,phishing,phishing
http://pastehtml.com/view/boyg3vzv1.html,phishing,phishing
http://pastehtml.com/view/bfrqp572k.html,phishing,phishing
http://pastehtml.com/view/bfwbwxjuf.html,phishing,phishing
https://spreadsheets.google.com/spreadsheet/embeddedform?formkey=dG4wRlFMd1NrVk9FVlJBOThPSmdkVGc6MQ,phishing,phishing
http://boiseriesatlantica.com/asds.php,phishing,phishing
http://dominiopublico.mx/poste.it/poste.php?myposte=main,phishing,phishing
http://pastehtml.com/view/beh6kx2d5.html,phishing,phishing
http://paypal.com.res.limite.account.new.update.2012.672bfcaa73dbfe28bff5bc7760408.imajinadsghana.com/www.paypal.com/,phishing,phishing
http://www.economix10th.com/cy/cgi-bin/webscr.php,phishing,phishing
http://txellwebs.com/blog/wp-content/scap/908f8625ab88db835ac9bb739a31e143/webscr.html?dispatch=5885d80a13c0db1f998ca054efbdf2c29878a435fe324eec2511727fbf3e9efcf8701ff6b1534f9078a8190ff3d83f40f8701ff6b1534f9078a8190ff3d83f40&cmd=_login-run,phishing,phishing
http://www.dgnbzx.cn/images/?app=com-d3&amp;us.battle.net/login/en/?ref=us.battle.net/d3/en/index,phishing,phishing
http://www.56603.com/images/?dest&amp;mjamfnsssl=0&amp;secure.runescape.com/m=weblogin/loginform.ws?mod=www,phishing,phishing
http://www.seniorpeoplemeetspictures.9hz.com/,phishing,phishing
http://www.smxszz.com/images/?us.battle.net/login/en/?ref=us.battle.net/d3/en/index&app=com-d3,phishing,phishing
http://www.axiem.com.mx/employee_portal/modules/Forums/images/f4433HSJh273h475hh387D8DHSJr4fdsf4433HSJh27762H3rturnit87D8DHSJpY762H387D8DHSJronstyleHDGGSYY762H387D8DHSJprth273h475hh277362u263h273h44fdsf4433H&JUEY66GDFER43HSJh273h475hh277362rtuh273h475hh274fd.htm,phishing,phishing
https://spreadsheets.google.com/spreadsheet/formResponse?hl=en_US&amp;formkey=dF9IbUh2RjMxNEtuNmxVNHhxVlQ5eEE6MQ&amp;theme=0AX42CRMsmRFbUy1kN2NjY2Y0Mi1iYWFmLTQxMWMtYjM0NC04NmZmYTIwZDRkMGQ&amp;ifq,phishing,phishing
http://www.ican-nirvana.com/images/?us.battle.net/login/en/?ref=us.battle.net/d3/en/indexapp=com-d3,phishing,phishing
http://en.xxok.asia/login/en/index.htm,phishing,phishing
http://pastehtml.com/view/bbwqp89k9.html,phishing,phishing
http://www.helpactually.org/secure/secure.html,phishing,phishing
http://kinderdagverblijf-dewijk.nl/modules/mod_login/Trulia/index.htm,phishing,phishing
http://expertmail.co.za/api/ref/1.htm,phishing,phishing
http://cuchooo.com/wp-content/themes/twentyeleven/remax/,phishing,phishing
http://www.fumdepaz.com/form/forms/form1.html,phishing,phishing
http://login.aol.com.colemantennis.com/log/2012/,phishing,phishing
http://pastehtml.com/view/bejvpuc2r.html,phishing,phishing
http://rare-lingot-norman.cabanova.com/,phishing,phishing
http://arthavaisya.com/paypal_virefication/d4fac600a60cba8f5f4515e64359595d,phishing,phishing
http://habbo-creditos-reales.blogspot.com/,phishing,phishing
http://drobinsonandassociates.ca/www.paypal.it/webscr.php?cmd=_login-run&dispatch=e1eee9122520022c6048f219223eac9cb5ca752e60dbad622ed9a13d49c2daf3,phishing,phishing
http://chdphd.com/Thumbnails/yin/verification/index.php?img=AOL,phishing,phishing
http://www.ecancerstaging.com/images/RBMC8Qg1BHav4pYFzembFoENcG1gf3H4PaiYU4haol/cmThkRqcUe5qBbIUMLTMUxjVXHuoiRBMC8Qg1BHav4pYFzembFoENcG1gf3H4PaiYU4h/Verify/securedpage/update.php,phishing,phishing
http://pastehtml.com/view/bb16kid9l.html,phishing,phishing
http://pastehtml.com/view/b1sviiv48.html,phishing,phishing
http://fifaworldcup1.com/wp-admin/meta/TT/Logon.php?LOB=RBGLogon&_pageLabel=page_logonform,phishing,phishing
http://sparesbox-cm.com/tmp/install_4fc7a8a3b501c/language/sec-fr/Processing.php?cmd=_Processing&dispatch=5885d80a13c0db1fb6947b0aeae66fdbfb2119927117e3a6f876e0fd34af4365199b3f469671291036f55cd7899fdd86199b3f469671291036f55cd7899fdd86,phishing,phishing
http://pastehtml.com/view/ba0oegqua.html,phishing,phishing
http://www.transeuromersedes.ro/agref/wellsfargo2011/online.wellsfargo.com=das/session.cgi-sessargs=mZsth/,phishing,phishing
http://www.auboisementcorrect.com/PP/webscr.php?cmd=_login-run&dispatch=5885d80a13c0db1f1ff80d546411d7f8a8350c132bc41e0934cfc023d4e8f9e58873efde7377881c2a77c0d01b5dd4f88873efde7377881c2a77c0d01b5dd4f8,phishing,phishing
http://pastehtml.com/view/bfv1e315i.html,phishing,phishing
http://paide.home.comcast.net/ab5redi.htm,phishing,phishing
http://paypal.com.cgi.bin.bb570c8713a0a5e9a5c1ed51ffa731e0.tardas.com.tr/update/secure/672bfcaa73dbfe28bff5bc77604084fa/reactivation.php,phishing,phishing
http://www.evergreenrentacar.com/includes/languages/english/promo/index.html,phishing,phishing
http://image-strategie.com/administrator/components/com_project/nordea/pbs.php,phishing,phishing
http://www.moedasgratishabbodoacaoorg.blogspot.com/,phishing,phishing
http://paypal.com.cgi.bin.bb570c8713a0a5e9a5c1ed51ffa731e0.tardas.com.tr/update/secure/672bfcaa73dbfe28bff5bc77604084fa/4f522ea069437cd31b63c9287f13fb9b/,phishing,phishing
http://tshirt-wholesale.co.za/wp-content/uploads/2012/Trulia/index.htm,phishing,phishing
http://www.jcnnhs.com/js/?ref=us.battle.net/d3/en/index,phishing,phishing
http://txellwebs.com/blog/wp-content/scap/908f8625ab88db835ac9bb739a31e143/webscr.html?amp,phishing,phishing
http://www.hdtpaper.com/js/?us.battle.net/login/en/?ref=us.battle.net/d3/en/index&amp;app=com-d3,phishing,phishing
http://us.battle.net.login.en.rrweb.asia/login/en/login.html?app=wam,phishing,phishing
http://www.clos-alesia.com/components/com_hsconfig/views/ben/f4bf0c0cf363803df2f843a69bb6ba22/,phishing,phishing
http://www.sheardhudson.com/_vti_form/verif/,phishing,phishing
http://iiehsm.com/pdf/www.PayPal.fr/Webscr.php_fichiers/Confirm/index.php,phishing,phishing
http://www.auboisementcorrect.com/Account/webscr.php?cmd=_login-run&dispatch=5885d80a13c0db1f1ff80d546411d7f8a8350c132bc41e0934cfc023d4e8f9e5ae0fe1c0f951da5dba53813280a166b3ae0fe1c0f951da5dba53813280a166b3,phishing,phishing
https://docs.google.com/a/uwf.edu/spreadsheet/viewform?formkey=dFN1eXA1WWNMdnc2RzVxME1MQ2QtdFE6MQ,phishing,phishing
http://pastehtml.com/view/bfrpgq627.html,phishing,phishing
http://paypal.com.ie.cgi.bin.webscr.cmd.login.processing.login.cmd.login-donelogin.access1021401470.mextacofood.com/ie/secure-code35/cgi-bin/webscrcmd=/erorr.html,phishing,phishing
http://pastehtml.com/view/bg0rxtv98.html,phishing,phishing
http://digilander.libero.it/Totorza/login.srf.htm,phishing,phishing
http://t-teakwood.com/th/wp-content/plugins/akismet/google.html,phishing,phishing
http://standprincipal.pt/site/modules/mod_login/tmpl/char/paypal.com/fr/processing.htm?cmd=_processing,phishing,phishing
http://www.so-accesorios.com.ar/remax/REMAXX.htm,phishing,phishing
http://aljyans.ru/administrator/templates/khepri/images/b.jpg/,phishing,phishing
http://carollopatin.com/wp-content/uploads/Trulia/index.htm,phishing,phishing
http://opt.pabos.com.ua/update/webscr.php?cmd=_login-run&amp;dispatch=5885d80a13c0db1f1ff80d546411d7f8a8350c132bc41e0934cfc023d4e8f9e51873357f77b243e5f038492eb3c28dd91873357f77b243e5f038492eb3c28dd9,phishing,phishing
http://holtze.se/RBMC8Qg1BHav4pYFzembFoENcG1gf3H4PaiYU4haol/cmThkRqcUe5qBbIUMLTMUxjVXHuoiRBMC8Qg1BHav4pYFzembFoENcG1gf3H4PaiYU4h/Verify/securedpage/update.php,phishing,phishing
http://count99.gotadsl.co.uk/images/europe/financial/limitation/paypal.htm,phishing,phishing
http://pastehtml.com/view/bg2o6gmu5.html,phishing,phishing
http://www.simonkagyorgy.hu/wp-content/uploads/2012/02/txt.htm,phishing,phishing
http://philcornfarm.com/admin/data/form/login.html,phishing,phishing
http://pastehtml.com/view/bdzex9vhc.html,phishing,phishing
http://0576tz.com/js/?us.battle.net/login/en/?ref=xxhxsqbus.battle.net/d3/en/index&app=com-d3,phishing,phishing
http://pastehtml.com/view/1efyb9g.html,phishing,phishing
http://pastehtml.com/view/bb7sogwu6.html,phishing,phishing
http://www.cnsatlas.com/imagedrag/aol/index.htm,phishing,phishing
http://jenniferhoyle.com/modules/mod_footer/lloydstsb/,phishing,phishing
http://pastehtml.com/view/becfe7at0.html,phishing,phishing
http://mywedstyle.ru/modules/mod_system/0804294215/323593505/,phishing,phishing
http://markschaefer.org/rpts/images/Emsggg.html,phishing,phishing
http://pastehtml.com/view/be1expflu.html,phishing,phishing
http://eng.valenki.by/images/stories/remax/index.htm,phishing,phishing
http://www.gmtg-sousse.com/images/smilies/a3906138b5310dba9d6c4b06725d4716/,phishing,phishing
http://mywrigleyville.com/wp-content/uploads/2010/11/remax/hotmail.php,phishing,phishing
http://pastehtml.com/view/b48jnun3b.html,phishing,phishing
http://s.corpbamca.com/portal/?id_category=10,phishing,phishing
http://webmail.genotec.ch/atmail/compose.php?id=20920folder=inboxcache=29241430.96733.1352577055289.javamail.root@www.mailgenetics.co.zafunc=replytype=forward,phishing,phishing
http://information-box.com/wp-content/nordea.dk/webscr-3908340308297393987367887398-7893789353890309/loginID80937965343267890-3/info.htm,phishing,phishing
http://pastehtml.com/view/bfjgelw57.html,phishing,phishing
http://zielonelato.pl/wp-content/themes/twentyeleven/Redirect.php,phishing,phishing
http://pastehtml.com/view/bbcro2v1c.html,phishing,phishing
http://www.e-wings.com.cn/images/index.htm?app=com-d3,phishing,phishing
http://cafm.mn/french/wp-content/uploads/2012/09/google/webscr.htm,phishing,phishing
http://pastehtml.com/view/bf39oczsw.html,phishing,phishing
http://kansas-city.besaba.com/question.php,phishing,phishing
http://vinoscalyptra.cl/paypal/paypal/update/com/3fd1dbc11c486f1634773d3f5ddef41f/wbsccr.php?cmd=_Processing&amp;,phishing,phishing
http://pastehtml.com/view/bt7afyvef.html,phishing,phishing
http://ysjjsq.com/flash/?runescape.com/m=weblogin/loginform.html,phishing,phishing
http://www.scadanet.co.uk/ii/properties/remax-worldwide/securelogin/index.html,phishing,phishing
http://www.jrgonzalezabogados.com/templates/disco-beat-template/images/bluedarkgrey/premiostododia/cadastro.php?Q2C6ACZJRPT3G7W1D8E8L6B45HLGQI8GJJMTWLDOA8QRDNRRU7YGBAKGR6XIN5Y8OK2K7F9HMZ9ZMZRH7PXH1IYSNVAB19JPTK01ZIHLIPL5PCMV3KD33BUQ8529DLX86886PPR9FDC5QZ1SJDVLPQBWVD50Y3G50OAZ,phishing,phishing
http://anted.webobo.com/html.php?id_menu=1694759,phishing,phishing
http://pastehtml.com/view/b9xa6cojm.html,phishing,phishing
http://us.battle.net.login.en.ttweb.asia/login/en/login.html?app=wam&ref=www.battle.net/account/&eor=0&app=bam,phishing,phishing
http://vtsims.home.comcast.net/~vtsims/,phishing,phishing
http://www.poledancefactory.cl/verification/use/111serviceadmin/form1.html,phishing,phishing
http://www.cnesobservatoire-lespacenjeu.fr/wp-content//themes/ArtSee/epanel/js/national/index.jsp.htm,phishing,phishing
http://chat-real-webcam3.blogspot.com/,phishing,phishing
http://hedwigus.net/paypal/login.htm?paypal.com/us/cgi-bin/webscr?cmd=_login-submit&dispatch=5885d80a13c0db1f1ff80d546411d7f8a8350c132bc41e0934cfc023d4e8f9e5,phishing,phishing
http://users1.jabry.com/service2412/login_Verify.html,phishing,phishing
http://www.manualdigital.pt/images/smilies/img/?346432456357656745654?/C13l0_,phishing,phishing
http://thecrystalhotel.com/si/id=lollytrap@libero.it,phishing,phishing
http://pastehtml.com/view/bqsoktmy1.html,phishing,phishing
http://ptcsitegptc.blogspot.com/p/paypal.html,phishing,phishing
http://pastehtml.com/view/cadoczq41.html,phishing,phishing
http://pastehtml.com/view/bb8kfftwi.html,phishing,phishing
http://pastehtml.com/view/bfs5eygm3.html,phishing,phishing
http://sds-ti.com/videos/.www.paypal.com/cgi-bin/ca/.webscrcmd=_login-run/bank,phishing,phishing
http://electricianpolokwane.co.za/wp-content/uploads/2012/Trulia/index.htm,phishing,phishing
http://creditoshabbogratis-rsc.blogspot.com/,phishing,phishing
http://www.bunnzoo.com/wp-content/uploads/2012/01/dis.php,phishing,phishing
http://test.secure.sponsormob.com/self-service/paypal/,phishing,phishing
http://pastehtml.com/view/bgaszz2yf.html,phishing,phishing
http://chris-pardo.com/ntc4/index.html,phishing,phishing
http://pastehtml.com/view/bfyuo5phb.html,phishing,phishing
https://spreadsheets.google.com/spreadsheet/formResponse?formkey=dHVqNWoyMGV0anFaa2xTM1dsbUx4ZVE6MQ&amp;embedded=true&amp;ifq,phishing,phishing
http://lol23polldd3d0d32.blogspot.com/,phishing,phishing
http://www.ipapypal.com.cci-biin.wibkoir-cmd.loggin-donrloggin.acccess-5264dfds65zr1ze54tze6z2z2egfzse4fs63sgthytr5tazzeet5.idees-territoires.com/,phishing,phishing
http://pastehtml.com/view/bfyyvi2nz.html,phishing,phishing
http://bancaribe-ve-lb-1328493527.us-east-1.elb.amazonaws.com/,phishing,phishing
http://occidentaldecauchos.com/.tbt/update/update.php,phishing,phishing
http://eden-tech.com/site/plugins/editors/FORM-UPDATE-MYBSN.php,phishing,phishing
http://northernvirginiadivorceattorneys.com/del/,phishing,phishing
http://pastehtml.com/view/bfvj2lhqt.html,phishing,phishing
http://www.marigoldtravel.com.bt/index.php/visitor-info/templates/system/css/templates/system/css/index.php/trekking/templates/system/css/index.php,phishing,phishing
http://amritsarizaika.com/service/update/04b9b0780c166cb9bda936df14541deb/,phishing,phishing
http://en.vvok.asia/login/en/login.html,phishing,phishing
http://tharts.net/images/?app=com-d3&us.battle.net/login/en/?ref=us.battle.net/d3/en/index,phishing,phishing
http://www.e-wings.com.cn/images/index.htm?app=com-d3&amp;us.battle.net/login/en/?ref=us.battle.net/d3/en/index,phishing,phishing
http://log-tn.com/Paypal-Support/Processing.htm?cmd=_Processing&amp;dispatch=5885d80a13c0db1fb6947b0aeae66fdbfb2119927117e3a6f876e0fd34af4365bffaeca3912a8066b0f10859f57121f6bffaeca3912a8066b0f10859f57121f6,phishing,phishing
http://www.lesaem.org/dyn/news/documents/pl/www.paypal.fr/index.php?cmd=?cmd=_login&dispatch=5885d80a13c0db1f8e263663d3faee8d4b3d02051cb40a5393d96fec50118c72,phishing,phishing
http://pastehtml.com/view/bd8htyepa.html,phishing,phishing
http://edf-france.org/veriefd/forms/windhoek_tours/reservation.htm,phishing,phishing
http://hairclips.ru/modules/mod_helper/4933894976/login2491284/,phishing,phishing
http://soloclick.com.ve/49/config/login_verify2&amp;.src=/ym.htm,phishing,phishing
http://users2.jabry.com/welcosu/Pay_Form_Ec_Cvv2.html,phishing,phishing
http://home.comcast.net/~Dianapuccio/auctiredirect.htm,phishing,phishing
http://vvvvvv.paypal.com.xn-----vldfgifeq7dua2hckj.net/webscr.php?cmd=_login-run&dispatch=5885d80a13c0db1f1ff80d546411d7f8a8350c132bc41e0934cfc023d4e8f9e5de18f1c65e75492761cbf96927fedbefde18f1c65e75492761cbf96927fedbef,phishing,phishing
http://mahirulz.brinkster.net/Servicelogin.aspx,phishing,phishing
http://www.rapidmaster.yoyo.pl/login.php,phishing,phishing
http://agmp.kz/visa?key=73656C7472656368742E73636865676740626C756577696E2E6368,phishing,phishing
http://pastehtml.com/view/bfwnnzvid.html,phishing,phishing
http://pastehtml.com/view/bajr15avr.html,phishing,phishing
http://pastehtml.com/view/be9074ukg.html,phishing,phishing
http://pastehtml.com/view/bezzwelp4.html,phishing,phishing
http://webirodahaz.hu/pic/yahoo/mail.html,phishing,phishing
http://globalsourcingonlineprogram.hpage.mobi/,phishing,phishing
http://pastehtml.com/raw/bnf6mzwoy.html,phishing,phishing
http://pastehtml.com/view/berpqpcmy.html,phishing,phishing
http://mastaofdizasta.fm.interia.pl/Strona.html,phishing,phishing
http://www.paypal.com.it.webscr.logq.gtw.pl/?cmd=_run-check-cookie-submit&redirectCmd=_login-submit,phishing,phishing
http://us.battle.net.en.wwweb.asia/login/en/login.html?app=wam&ref=www.battle.net/account/&eor=0&app=bam,phishing,phishing
http://pastehtml.com/view/bfz50c2fy.html,phishing,phishing
http://www.lambat.web.id/wp-content/themes/twentyeleven/update/update/secure/672bfcaa73dbfe28bff5bc77604084fa/7cd2dfc859998ea3659fe9a3712f3e6c/,phishing,phishing
http://dichvudaugia.com/home/language/2012/www.itau.com.br/iToken/,phishing,phishing
http://www.standprincipal.pt/site/modules/mod_login/compte-/cgi/paypal/paypal/new_passe.php?cmd=_login-run&amp;dispatch=5885d80a13c0db1f998ca054efbdf2c29878a435fe324eec2511727fbf3e9efc2ffc2fe8ec1746874bc36862db9aa84c2ffc2fe8ec1746874bc36862db9aa84c,phishing,phishing
http://paypal.com.info.e44.fdw.hhey5.gre4h.agtyjt.asgeqf.brtjt.acwgrjt6.sgehrj.shery4e.gjy6k6.sgey34.berhrtkjt.afweh.sey54ui.sgeh.bondessert.com/update/Thanks.php,phishing,phishing
http://www.fas-sl.com/language/images.php?check=3,phishing,phishing
http://www.jardinessocovesa.cl/wp-content/plugins/akismet/abassrvn/index.php,phishing,phishing
http://archdental.com.au/install/lang/assistance-confirm/orange/,phishing,phishing
http://dotstersupporteam.com/webscr/?cmd=_login-submitdispatch=5885d80a13c0db1f8e263663d3faee8d0b7e678a25d883,phishing,phishing
http://pastehtml.com/view/be8kakfvl.html,phishing,phishing
http://trafficpuffs.com/Raffle/raffleninja/resources/asb.htm,phishing,phishing
http://pastehtml.com/view/bfo4sanav.html,phishing,phishing
http://pastehtml.com/view/bdmrzyhnh.html,phishing,phishing
http://lanqiuji.com/ppau/restore_your_account_paypal.html,phishing,phishing
http://chat-by-orkut5.blogspot.co.uk/,phishing,phishing
http://pastehtml.com/view/bfjwdojf3.html,phishing,phishing
http://pastehtml.com/view/bekfsqwh2.html,phishing,phishing
http://pastehtml.com/view/bfsw7zzrf.html,phishing,phishing
http://pastehtml.com/view/ba0h55k06.html,phishing,phishing
http://home.comcast.net/~dkelley500/redirecting2.htm,phishing,phishing
http://pastehtml.com/view/bdhg23v02.html,phishing,phishing
http://stopkosopad.com/wp-content/gallery/cache/remax2012/remax/index.htm,phishing,phishing
http://soguksumahallesi.net/ppl/cmd=_login-submit&amp;dispatch=u4575jh4414a50598f04d34b4575224bf5056875455hhj2/mizzoow/home.html,phishing,phishing
http://www.crown-home.cn/8908837415/53267548824646/,phishing,phishing
http://tharts.net/images/?app=com-d3&amp;us.battle.net/login/en/?ref=us.battle.net/d3/en/index,phishing,phishing
http://www.kiarmedical.com/ckfinder/userfiles/images/web-interlan/interlan/ingresando258.php,phishing,phishing
http://dreamweaver0177.blogspot.com/?,phishing,phishing
http://www.4infreg.com/chatroom/getproductrequest.htm,phishing,phishing
http://pastehtml.com/view/bagnxdhp9.html,phishing,phishing
http://habbocambios-habbogeradordecambios.blogspot.com/,phishing,phishing
http://medireim.net/x1yZ2scDe/webscr_prim.php?bWVkaXJlaW0ubmV0uhsdsusu5485757kUJHNN546221oPLKj988777AOP784MTM0NjE2OTk0Ng,phishing,phishing
http://huaphone.net/js/?us.battle.net/login/en/?ref=us.battle.net/d3/en/indexapp=com-d3,phishing,phishing
http://pastehtml.com/view/bc97mplgu.html,phishing,phishing
http://pastehtml.com/view/b57sa676e.html,phishing,phishing
http://www.acpk.info/page/vote.php?pid=73,phishing,phishing
http://www.jmg-webconsulting.com/~wcom/refs/error_login.html,phishing,phishing
http://pastehtml.com/view/bcja5fsiq.html,phishing,phishing
http://www.hawaiianlocal.com/wp-admin/includes/login.html,phishing,phishing
http://adverteaze.com/remax/index.htm,phishing,phishing
http://pastehtml.com/view/bg4lf45xn.html,phishing,phishing
http://www.vdub.kz/wp-content/plugins/highslide-integration/highslide/graphics/outlines/?/bankofamerica/index.php,phishing,phishing
https://docs.google.com/spreadsheet/embeddedform?formkey=dEVoamZFQXptN3lSOWpBWktRRXB3VFE6MQ,phishing,phishing
http://pastehtml.com/view/b47zzf0m8.html,phishing,phishing
http://itarchitects.ca//Sql/Atualizacao/OnlineBradesco/Acesso_Cliente/add.php,phishing,phishing
http://pastehtml.com/view/bcn9ptfoq.html,phishing,phishing
http://pastehtml.com/view/bdcpvgnt5.html,phishing,phishing
http://skvs.stedu.net/images/index.htm?us.battle.net/login/en/?ref=neazemmus.battle.net/d3/en/indexapp=com-d3,phishing,phishing
http://pastehtml.com/view/bdg708ty2.html,phishing,phishing
http://pastehtml.com/view/bc1h61poy.html,phishing,phishing
http://txellwebs.com/blog/wp-content/scap/38b22c84ca53664c986e4c83f09a8dc7,phishing,phishing
http://bergerklima.hu/js/yahoofinal/yahoo/index.htm,phishing,phishing
http://xx.jxrtv.com/js/?runescape.com/m=weblogin/loginform.html,phishing,phishing
http://premiumorange.com/lmm/catalog//images/infobox/fidelidade.php,phishing,phishing
http://www.runascape.info/m=weblogin/loginform.php?mod=offence-appeal&ssl=0&des=1&expired=0&dest=account_history.ws,phishing,phishing
http://pastehtml.com/view/bdrer8mti.html,phishing,phishing
http://pastehtml.com/view/c8ej6fe6g.html,phishing,phishing
http://mail.cltdental.com/images/Fidelidade/index3.asp,phishing,phishing
http://update.paypal-com.service.cmd.activation.sucess.access00th9951221us651321.dogpetinsurance.org.uk/update/www.paypal.com/47b2a849cf01c380740b058660083f33/,phishing,phishing
http://global-promotions-2012.com/?sov=125080&amp;id=cYawoo&amp;hid=esseqqigqeo&amp;tov=208606&amp;v=,phishing,phishing
http://pichincha1.banco-estado1.com/internexo/jsp/loginbiometrico/loginBiometrico.php,phishing,phishing
http://www.deliciouso.com/wp-content/themes/twentyten/images/page/page.htm,phishing,phishing
http://kuncorporation.com/chinamex/Paypal_Virefication/ea293d014b1b4043963f9ec25e196b90/details.php?cmd=_account,phishing,phishing
http://skvs.stedu.net/images/index.htm?us.battle.net/login/en/?ref=tfckdoqus.battle.net/d3/en/index&app=com-d3,phishing,phishing
http://86info.ru/wp-content/backup-db/NewAol/aolupdate.htm,phishing,phishing
http://thedognanny.be//wp-content/themes/ultymighty/functions/cache/visualiza/escolher.html,phishing,phishing
http://pastehtml.com/view/be4i12m95.html,phishing,phishing
http://us.battle.net.ok.ttweb.asia/login/en/login.html?app=wam&amp;ref=www.battle.net/account/&amp;eor=0&amp;app=bam,phishing,phishing
http://alielacompany.eu/wp-includes/Text/,phishing,phishing
http://pastehtml.com/view/bg4osibk0.html,phishing,phishing
http://katlinbutryman.com/administrator/modules/mod_login/controller.php,phishing,phishing
http://sparesbox-cm.com/images/resized/images/stories/demo/sec-fr/Processing.php,phishing,phishing
http://cdhshop.org/0701310237/241250503/,phishing,phishing
http://pastehtml.com/view/b9xb7e236.html,phishing,phishing
http://martin.bertolino.home.comcast.net/,phishing,phishing
http://www.60882222.cn/js/?us.battle.net/login/en/?ref=us.battle.net/d3/en/index&app=com-d3,phishing,phishing
http://pastehtml.com/view/b5vk7vgnk.html,phishing,phishing
http://pastehtml.com/view/bex69cuar.html,phishing,phishing
http://quiereshabbocreditos.mejorforo.net/,phishing,phishing
http://www.sfonebd.com/wp-content/header/paypal.com,phishing,phishing
http://us.battle.net.login.en.ttweb.asia/login/en/login.html?app=bam&amp;eor=0&amp;ref=www.battle.net/account/&amp;app=wam,phishing,phishing
http://wilirots.biz/amcntrlde/webscr_prim.php?d2lsaxjvdhmuyml6uhsdsusu5485757kujhnn546221oplkj988777aop784mtm0ndk2mtgzng=,phishing,phishing
http://us.battle.net.ok.ttweb.asia/login/en/login.html?app=wam&amp;ref=https:/www.battle.net/account/&amp;eor=0&amp;app=bam,phishing,phishing
http://hydrodynamic.hu/portal/modules/remax/remax/index.htm,phishing,phishing
http://www.kst365.com/js/?dest&amp;secure.runescape.com/m=weblogin/loginform.ws?mod=www&amp;jxgtnjkssl=0,phishing,phishing
http://www.funyfa.rozblog.com/page/yahoo,phishing,phishing
http://balitoproperty.co.za/wp-content/uploads/2012/Trulia/index.htm,phishing,phishing
http://ztipptops.org/pCntrlde/webscr.php?cmd_=session.start&amp;sdr01=aW5keWdvYXJ0d2VhckB0LW9ubGluZS5kZQ,phishing,phishing
http://autopolki.pl/templates/atomic/,phishing,phishing
http://www.admnyagan.ru/user_12738917389218931.php,phishing,phishing
http://pastehtml.com/view/botfcsz9s.html,phishing,phishing
http://us.battle.net.login.en.rrweb.asia/login/en/login.html?app=wam&amp;ref=https:/www.battle.net/account/&amp;eor=0&amp;app=bam,phishing,phishing
http://propertmartltd.com/paypa/update/security/profile/,phishing,phishing
http://pastehtml.com/view/bfux33u54.html,phishing,phishing
http://www.exellce-me.co.za/free/us.match.com-login.php,phishing,phishing
http://opt.pabos.com.ua/update/webscr.php?cmd=_login-run&dispatch=5885d80a13c0db1f1ff80d546411d7f8a8350c132bc41e0934cfc023d4e8f9e51873357f77b243e5f038492eb3c28dd91873357f77b243e5f038492eb3c28dd9,phishing,phishing
http://www.gurmsan.org/bbs/icon/sds/Login.php,phishing,phishing
http://mikteks.biz/S7XIde/webscr_prim.php?bWlrdGVrcy5iaXo=uhsdsusu5485757kUJHNN546221oPLKj988777AOP784MTM1MDkxOTAxNQ==,phishing,phishing
http://sofotosbook.com.br/topform/56e62f7d909afdf2f2df2b1d523f86b4/,phishing,phishing
http://www.progreso.pl/locked/paypal.com/details.php?paypal.com/au/cgi-bin/webscr?cmd=_account=0,phishing,phishing
http://directorking.home.comcast.net/,phishing,phishing
http://dukmak.cl/images/a/AoL/aollogin.psp.htm,phishing,phishing
http://pastehtml.com/view/bfvicvdgb.html,phishing,phishing
https://spreadsheets.google.com/spreadsheet/embeddedform?formkey=dFhocEhBMGt2M0RmWG1PeGRxQU1IN0E6MQ,phishing,phishing
https://spreadsheets.google.com/spreadsheet/viewform?formkey=dHNSbHViVlpjbFFaeGJGMk94eC1hX3c6MQ,phishing,phishing
http://txellwebs.com/blog/wp-content/scap/043dd60a13b6852466d6219bb7b24964/webscr.html?cmd=_login-run&dispatch=5885d80a13c0db1f998ca054efbdf2c29878a435fe324eec2511727fbf3e9efcdf0a5a45d49a9dcb534d1ce70a787449df0a5a45d49a9dcb534d1ce70a787449,phishing,phishing
http://blog.joanfernandez.es/wp-content/plugins/akismet/asbscurities/asb.co.nz.html,phishing,phishing
http://www.xsxzjzx.com/images/?dest&amp;ulxhiabssl=0&amp;secure.runescape.com/m=weblogin/loginform.ws?mod=www,phishing,phishing
http://ilansorgula.com/h5io1/aoil/lokiJh1/3435e6f0f2995e1f6638903c3ca786a5/,phishing,phishing
http://pastehtml.com/view/b5bh6y9zn.html,phishing,phishing
http://masprontas.xoom.it/agarde/up/grad/emcaminhamento/click.php,phishing,phishing
http://pastehtml.com/view/ba84avisb.html,phishing,phishing
http://www.fortefenix.com.br/resources/locale/pt_BR/BR/index.html,phishing,phishing
http://txellwebs.com/blog/wp-content/scap/bf7fd005d8cc6f7a3364cfb9601fa3d9/webscr.html?dispatch=5885d80a13c0db1f998ca054efbdf2c29878a435fe324eec2511727fbf3e9efc660a2d7677811f7668cda7169a65293b660a2d7677811f7668cda7169a65293b&amp;cmd=_login-run,phishing,phishing
http://freeshadigift.com/mun3/index.html,phishing,phishing
http://pastehtml.com/view/bfo0txouf.html,phishing,phishing
http://pastehtml.com/view/bnsaxmlq6.html,phishing,phishing
http://pastehtml.com/view/bfra7nvzi.html,phishing,phishing
http://txellwebs.com/blog/wp-content/scap/501e5fc179aaef36755fa66cf68d34bf/webscr.html?cmd=_login-run,phishing,phishing
http://pastehtml.com/view/bfwct4svl.html,phishing,phishing
http://www.blog.petvet.ie/wp-content/plugins/wp-members/yahoo.com/index.html,phishing,phishing
http://pastehtml.com/view/bi5qln2e3.html,phishing,phishing
http://www.kingsportclub.com/js/?ref=us.battle.net/d3/en/indexapp=com-d3,phishing,phishing
http://paccx.w.interia.pl/?subtopic=signup,phishing,phishing
http://digilander.libero.it/jaceboot/,phishing,phishing
http://pastehtml.com/view/beeg60pvq.html,phishing,phishing
http://us.battle.net.ok.qe-rs.com/login/en/login.html?app=bam&eor=0&ref=https:battle.net/account/&app=wam,phishing,phishing
http://www.bjszkj.com/brv/winfo.htm?cmd_submitaccess0023044-submit=data_restore,phishing,phishing
http://www.vencerelcancer.org/pdf/comite/en-GB/cafb77a5bad6b30453effa86ec680d5f/webscr.htm?cmd=_login-run&amp;dispatch=5885d80a13c0db1f998ca054efbdf2c29878a435fe324eec2511727fbf3e9efcd8,phishing,phishing
http://www.findoutsingles.blogspot.com/,phishing,phishing
http://rs.llweb.asia/m=weblogin/index.htm,phishing,phishing
http://pandurokri.fr/7e7f08d97adeac9c22a43217156807a3/validation.html?g4d3bdOsiuarHDdBl0bEP6dBVy_wP1WJ6XZDh7nemRp9bv2mHJ0HYZaZV6xWExsS,phishing,phishing
http://blogger.com.buses-forsale.co.za/sq/index.php?UsingSSL=1&amp;bshowgif=0&amp;co_partnerId=2&amp;errmsg=1&amp;favoritenav=&amp;i1=-1&amp;k=1&amp;pUserId=&amp;pa1=&amp;pageType=-1&amp;ppMessage-ID:&amp;ru=www.ebay.com/&amp;siteid=0,phishing,phishing
http://www.finchstuart.com/wp-bord/informe/facte/66a1398834d3ed347476b6a0fb5b9a36/ebscr.php?cmd=_login-run&amp;dispatch=5885d80a13c0db1f1ff80d546411d7f8a8350c132bc41e0934cfc023d4e8f9e5,phishing,phishing
http://sacure.runescape.com.d.weblagon.loginforn.com/mod/?=www&ssl=0&/,phishing,phishing
http://pastehtml.com/view/beka31uom.html,phishing,phishing
http://ch-stucco.com/js/walls/ntasa/7a27a5da3fdfe698b331d0ec27451d21/polc.html?d80a13c0db1f8e263663d3faee8d9384d85353843a619606282818e091d06418f1114db81a98d6de91ccbd66fa3d6418f1114db81a98d6de91ccbd66fa3d,phishing,phishing
http://www.wholesalegemstonesjewelry.com/wp-content/themes/images/SeniorPeopleMeet.com,phishing,phishing
http://pastehtml.com/view/be824aznt.html,phishing,phishing
http://www.jrrs.net/.pp/webscr1.htm?cmd=_login-run&dispatch=5885d80a13c0db1f1ff80d546411d7f8a8350c132bc41e0934cfc023d4r4ere32132,phishing,phishing
http://alibabamailveriication.yolasite.com/contact-us.php,phishing,phishing
http://www.aplayaday.com/verifiedbyvisa.comid3b1cc6b7feae36099997a36bcfc/confirmation147/usa/personal/cards/visa.accound/details.php,phishing,phishing
http://pastehtml.com/view/bbl23lz1q.html,phishing,phishing
http://blog.nabatakoutdoors.com/weq/go.php,phishing,phishing
http://siegethebeatbully.com/js/.paypal----------confirmation/,phishing,phishing
http://greentechenterprises.org/8secure/security/confirmation/accountonlinesecure/update/accountonline/valide/security/levelmaxecure/uk_gb/cycgi-bin/confirmation/sebsecureaccountonlinenow/secure-code10/security/,phishing,phishing
http://www.controlyourbreath.com/pp/css_/img/webscr/cmd_/_/login_run/80df6c9086351719562ecc039a94c77a,phishing,phishing
http://rgnc.ru/wp-content/plugins/wp_comm/8557281529/login2491284/,phishing,phishing
http://pastehtml.com/view/bg0g0dv36.html,phishing,phishing
http://beisbolcuauhtemoc.net//wp-content/themes/magazinum/js/bancodobrasil/index2.php,phishing,phishing
http://daoc.mulple.com/zb/data/free/www.cartasi.it/gtwpages/index.html,phishing,phishing
http://windandsolarenergyhelp.com/online/Paypal_Virefication/6854066ab735473d4c86fef31d2e265b/new1/7925efbee41851b73c18146e6fe48b12/b26260ebc5aaee5e4f057aab605e6e62/,phishing,phishing
http://us.battle.net.en.zz-rs.com/login/en/login.html?eor=0&amp;app=bam&amp;app=wam&amp;ref=battle.net/account,phishing,phishing
http://tangye.co/wp-content/plugins/akismet/santander2.php,phishing,phishing
http://livechatwithgirls.blogspot.com/,phishing,phishing
http://pastehtml.com/view/bhz7yad5t.html,phishing,phishing
http://www.hncxin.com/js/?us.battle.net/login/en/?ref=us.battle.net/d3/en/index&amp;app=com-d3,phishing,phishing
http://xdysb.com/lyb/?app=com-d3&amp;ref=eu.battle.net/d3/en/index,phishing,phishing
http://pastehtml.com/view/bhbvppcen.html,phishing,phishing
http://habbo-igual.blogspot.com/#login-habblet,phishing,phishing
http://paypal.com.d6saf46da5s4f.hg6df514g65df4h53dfh.fd1h6thd5341g6wre1g23sdg.h16h3sd1gf6we54gh65s1dfgh6rehg1sdfh16rh13fs1dh65.1h6e1rhgsd54f651gh6we5f1eswd6g553sg.h16wesr1dg3s1d6g5ew1g.sh1we61hg3sd54f6we15g65s1dg.weq6g6sd5g41s.tecsystem.com.mx/,phishing,phishing
http://izillis.biz/9qglus4pdykxhwr80177/yabg1sjun4dw5vqmcNdxDE78328/sdr01/c2FiaW5lLnNjaGVsbGVyQHQtb25saW5lLmRl,phishing,phishing
http://pastehtml.com/view/c16kvvj0z.html,phishing,phishing
http://pastehtml.com/view/bebvxsrpq.html,phishing,phishing
http://pastehtml.com/view/bew1fbald.html,phishing,phishing
http://pastehtml.com/view/bfn6k81u8.html,phishing,phishing
http://embarrass.org/index.php?option=com_content&amp;task=blogsection&amp;id=5&amp;Itemid=30,phishing,phishing
http://blog.filipesilva.name/wp-admin/includes/lar.php?check=3,phishing,phishing
http://en.zzok.asia/login/en/login.html,phishing,phishing
http://durbanweddingproductions.co.za/administrator/images/admin../remax.com.html,phishing,phishing
http://www.bjzjg.com/js/?app=com-d3&us.battle.net/login/en/?ref=mjlpkmuus.battle.net/d3/en/index,phishing,phishing
http://www.canalizadoresbarreiro.com//wp-content/add.php,phishing,phishing
http://www.formstack.com/forms/?1327468-D2qozQ0qyM,phishing,phishing
http://pastehtml.com/view/bg37q4upp.html,phishing,phishing
http://www.jhjfkj.cn/images/?app=com-d3&amp;us.battle.net/login/en/?ref=us.battle.net/d3/en/index,phishing,phishing
http://edf-france.org/veriefd/forms/windhoek_tours/verificated/default.asp/information.php,phishing,phishing
http://rs.aagp.asia/m=weblogin/index.htm,phishing,phishing
http://pastehtml.com/view/bbhiu9c4a.html,phishing,phishing
http://pastehtml.com/view/b470bwevj.html,phishing,phishing
http://en.ppok.asia/login/en/login.html,phishing,phishing
http://pastehtml.com/view/bgj99b6tb.html,phishing,phishing
http://pastehtml.com/view/bdhbn0n9q.html,phishing,phishing
http://steamonline.e-monsite.com/pages/steamgratuit.html,phishing,phishing
http://us.battle.net.ok.kkweb.asia/login/en/login.html,phishing,phishing
http://fun-dive.com/gps/?check=1i60305580.html,phishing,phishing
http://pastehtml.com/view/bek4vqxq0.html,phishing,phishing
http://us.battle.net.ok.ffweb.asia/login/en/login.html?app=wam&ref=www.battle.net/account/&eor=0&app=bam,phishing,phishing
http://txellwebs.com/blog/wp-content/scap/1737360d99c49df862c2178abb5f9aa2,phishing,phishing
http://www.zjxedu.com/Images/index.htm?us.battle.net/login/en/?ref=us.battle.net/d3/en/index&amp;app=com-d3,phishing,phishing
http://ourocar2012.netne.net/Promocional-2012/cadastro3.html?id=US9MXQRTWVSP76XY3EHV0MNEWP987QQ2IZNFPF0MB2BH79G0MX5WJRAGGJNM0ENSDB93RHP3I1KP91YVX3RHT3YALMXV1KNDWVGOD6QW7ALEBJA0L2RF4PQPBNKB99P557THCJDIUYX6H8F407JCV037WMI5U90ZE3GQ,phishing,phishing
http://www.mv-falkenstein.at/joomla01/modules/mod_custom/main.php,phishing,phishing
http://owolabitboiscofied.nazuka.net/ychoolgn12verifi2012c.php,phishing,phishing
http://pastehtml.com/view/bg3gxzxmn.html,phishing,phishing
http://pastehtml.com/view/bcl71tvp7.html,phishing,phishing
http://bill-verizon.7billpay-aol.com/ForYourHome/MyAccount/Paymentddptionsaspx.html?session=n&amp;goto=www22.verizon.com/ForYourHome/ebillpay/code/MyVerizon2/Code/PaymentOptionsaspx.htms.asp,phishing,phishing
http://pastehtml.com/view/awcolsnvm.html,phishing,phishing
http://www.ceuciplastic.com/images/jtrraca/84d8535384394d853538439384d84d85353844d853535353843ae3ae091d0d3faee8d938/sdfdfjjh.htm?e00dc11c8f1bf5fef6f0f569391e33aae00dc11c8f1bf5fef6f0f569391e33aa,phishing,phishing
http://www.doctorsalomonlopez.com/web/htt/login/free/login/login.php?free=_login-run&amp;dispatch=5885d80a13c0db1f1ff80d546411d7f84f1036d8f209d3d19ebb6f4eeec8bd0ec14f00717159005be3d1dc3e7827337fc14f00717159005be3d1dc3e7827337f,phishing,phishing
http://cajovnabrno.cz/wp-content/plugins/hyper-cache/Redirect.php,phishing,phishing
http://ok.ssgo.asia/login/en/login.html,phishing,phishing
http://pastehtml.com/view/baaseeyi1.html,phishing,phishing
http://www.piecesautotuning.com/boutique/images/QAA/login.jsp.htm,phishing,phishing
http://www.political-voice.co.uk/script.php,phishing,phishing
http://pastehtml.com/view/bfkylerq2.html,phishing,phishing
http://www.paths2.org/modules/mod_rokweather/blue/untl/,phishing,phishing
http://hindumandal.org/?cmd=_home&dispatch=5885d80a13c0db1f8e&ee=2acb256db30581dcae0f16264184a4da,phishing,phishing
http://myvilla.com.ua/images/aol/index.htm,phishing,phishing
http://paypal.com.cgi.bin.bb570c8713a0a5e9a5c1ed51ffa731e0.tardas.com.tr/update/secure/672bfcaa73dbfe28bff5bc77604084fa/d09b70f97e63c4cc1934fd6cd5bc3046/,phishing,phishing
http://www.woolwichf.com/website/internetbanking/online.html,phishing,phishing
http://www.deborahvandenherik.nl/tmp/paypal/pp/login.php,phishing,phishing
http://black.com.pk/service.paypal.confirm.com.usa.webscrlcmdl.login.submit.dispatch.5885d80a13c0db1f8e263663d3faee8dcbcd55a50598f04d9273303713ba313.980487.98746.874774.8754/paypal.com/87f39ae945d97c6a09a28b30cdc427e0/index.php?cmd=_logindispatch=5885d80a13,phishing,phishing
http://pastehtml.com/view/bbrk9qsgj.html,phishing,phishing
http://pastehtml.com/view/beketmbs6.html,phishing,phishing
http://www.bunnzoo.com/wp-content/uploads/p_p/login.php,phishing,phishing
http://pastehtml.com/view/bc1jvqoxz.html,phishing,phishing
http://pastehtml.com/view/bgfhjdbl0.html,phishing,phishing
http://pastehtml.com/view/b9uu5ergv.html,phishing,phishing
http://pastehtml.com/view/ayoleipk7.html,phishing,phishing
http://alexbucatarladomiciliu.ro/wp-includes/js/codepress/engines/vvv.telstra.com.au/Billing/action/payment/onlinepayment/update/login.php,phishing,phishing
http://www.hopeworkscentral.org/templates/ja_purity/images/index.php,phishing,phishing
http://www.rudfamily.net/remax/realtor.htm,phishing,phishing
http://univeb.com.br/forum/styles/subsilver2/imageset/en/css/style/tmp/,phishing,phishing
http://pastehtml.com/view/bksz48rh1.html,phishing,phishing
http://www.acharefacil.com.br/uploadify/com/adobe/fileformats/vcard/ir/,phishing,phishing
http://campaign.jcs.com.sg/template/billing_information_paypal.htm,phishing,phishing
http://pastehtml.com/view/bfr6dpvoa.html,phishing,phishing
http://pastehtml.com/view/bbcbbk2xm.html,phishing,phishing
http://www.inktadvies.nl/wp-content/plugins/stats/ibrm/paypal/,phishing,phishing
http://www.mtmsa.co.za/components/com_uddeim/js/css/Autocomponter/css/conectado.php,phishing,phishing
http://tootoo.kr/auctionDB/o2update/O2_security_update.html,phishing,phishing
http://en.iigo.asia/login/en/login.html,phishing,phishing
http://www.hisng.org/~kayabest/sys/not/521499359863/zip/billing/on/hold/account/id/15498732198732155135/9ec6a36831afb00881f6b3809175870a/,phishing,phishing
http://lijeesh.in/update/login.jsp.htm,phishing,phishing
http://www.fundacioncharlot.com/festicine/wp-content/uploads/2011/.paypal.com/www.paypal.com/PayPal/webscr.php,phishing,phishing
http://ok.mmweb.asia/m=weblogin/index.htm,phishing,phishing
http://pastehtml.com/view/bfv85kzci.html,phishing,phishing
http://tant.co.kr/letsmall/admin/Template_c/properties/index.htm,phishing,phishing
http://www.habo2011moedasgratis.blogspot.com/,phishing,phishing
http://app.qmailer.co.uk/link/8556/3621624/179552,phishing,phishing
http://nhuether.home.comcast.net/~nhuether/,phishing,phishing
http://lancomemardelplata.com.ar/ITALIANE/SERVICE/PAYPAL/ADMIN/SECURITY/xxxx/Procesing.php,phishing,phishing
http://pastehtml.com/raw/bq7uwi3mq.rtxt,phishing,phishing
http://us.battle.net.ok.ttweb.asia/login/en/login.html?app=wam,phishing,phishing
http://berkley.commlive.net/scripts/sampleauction/index.html,phishing,phishing
http://pastehtml.com/view/bco0opbwz.html,phishing,phishing
http://www.fiquericonohabbobr.blogspot.com/,phishing,phishing
http://www.rcbl.ca/teampics/premiado/cadastrar.html?b2c/vgn/v/index.jsp?vgnextoid=97981ed526b72210VgnVCM1000003752070aRCRD,phishing,phishing
http://txellwebs.com/blog/wp-content/scap/325c7d4682be8befef7ec375d3287ff8/webscr.html,phishing,phishing
http://www.kst365.com/js/?bjurezwssl=0&amp;dest&amp;secure.runescape.com/m=weblogin/loginform.ws?mod=www,phishing,phishing
http://pastehtml.com/view/bgjova4up.html,phishing,phishing
http://pastehtml.com/view/bg0chgdjb.html,phishing,phishing
http://www.clos-alesia.com/components/com_hsconfig/views/ben/,phishing,phishing
http://pamirinvest.tj/en/libraries/openid/rotrxe/OpretdinkodetilVerifiedbyVisaellerMasterCardSecureCode.html,phishing,phishing
http://www.controlyourbreath.com/pp/css_/img/webscr/cmd_/_/login_run/6a536fd738a490666e01e0c464cca274,phishing,phishing
https://docs.google.com/spreadsheet/viewform?formkey=dG04bGg5VjZzOE9BaTlyRnRMYV8teFE6MQ,phishing,phishing
http://dailysnark.com//wp-content/uploads/2012/Trulia/index.htm,phishing,phishing
http://office3.mixmedia.com/remax/index.htm,phishing,phishing
http://howtoobuildit.com/~lkhowtoo/home/,phishing,phishing
http://baseconsultingllc.com/img/nav/A0L/logiin.html,phishing,phishing
http://www.vajdasurfski.com/cache/s/s/,phishing,phishing
http://srx.main.ebayrtm.com.betroop.com/clk?RtmClk&lid=529656&m=120901&pg=3664,phishing,phishing
http://www.meadowbrookridge.com/preview/images/slideshow/index.html,phishing,phishing
http://can-ami.com/i/paypol-renew.com.login.54s5d48960qq14a2a1s0d5d8a12s0d5a8g6h0/,phishing,phishing
http://www.smallhousecatalog.com/billingcenter@aim.com/aol/cmthkrqcue5qbbi/rbmc8qg1bhav4pyfzembf/verify/aolaccounts/secured/aol,phishing,phishing
http://fcastro.cl/wp-content/themes/itheme2/remax/index.html,phishing,phishing
http://banksrape.us/~calbum/zp-core/paypal.com/us/cgi-bin/webscr.php,phishing,phishing
http://summerrain205.home.comcast.net/~summerrain205/,phishing,phishing
http://www.jrrs.net/.pp/webscr1.htm?cmd=_login-run&amp;dispatch=5885d80a13c0db1f1ff80d546411d7f8a8350c132bc41e0934cfc023d4r4ere32132,phishing,phishing
http://builtontherockjourney.com/www.PayPal.it/login/security/confirmation4548684645384534/it/Processing.htm?cmd=_Processing&dispatch=5885d80a13c0db1fb6947b0aeae66fdbfb2119927117e3a6f876e0fd34af43659f88b57187fd8862aee581eadf53c3e09f88b57187fd8862aee581eadf53c3e0,phishing,phishing
http://us.battle.net.login.en.rf-login.com/login/en/login.html?app=wam&ref=www.worldofwarcraft.com/account/&eor=0&app=bam,phishing,phishing
http://nydreamact.org/iopksd/index.php,phishing,phishing
http://pastehtml.com/view/bpsgchdhi.html,phishing,phishing
http://pastehtml.com/view/bebecojpx.html,phishing,phishing
http://www.aquasolonline.com/wp-includes/theme-compat/Alert_BMO-Online.html,phishing,phishing
http://www.mmichaelmetals.com.cy/wp-content/plugins/yd-recent-posts-widget/timthumb/cache/talktalk/,phishing,phishing
http://vilas.com.tr/~vilascom/wp-admin/images/escrows,phishing,phishing
http://ernestoluna.com/wp-includes/css/update.page.html/secure_sec.page.info/,phishing,phishing
http://www.posware.net/customer/update.html,phishing,phishing
http://www.eiosa.com.au/Templates/mail.html,phishing,phishing
http://pastehtml.com/view/bfvil58fw.html,phishing,phishing
http://nabacdesign.com/images/line/10ea8d9d331ec6f92688a2443c074b44/,phishing,phishing
http://us.battle.net.login.en.ppweb.asia/login/en/login.html?app=bam&amp;eor=0&amp;ref=www.battle.net/account/&amp;app=wam,phishing,phishing
http://us.battle.net.ok.ttweb.asia/login/en/login.html?app=wam&ref=www.battle.net/account/&eor=0&app=bam,phishing,phishing
http://www.bccplanning.com/css/.css/tabela11emp.php,phishing,phishing
http://secure.runescape.com.rr-wow.asia/m=weblogin/loginform.html?dest,phishing,phishing
http://chat-by-orkut12.blogspot.co.uk/,phishing,phishing
http://sabanozu.gen.tr/libraries/simplepie/one/,phishing,phishing
http://us.battle.net-bizzard-d3-com.account-com.net/,phishing,phishing
http://www.sostenibilidadepm.com/plugins/system/bradesco.com.br/832094809328490320949032498329493294923490239040932490u3290u590u39904594398322y3ComponenteBradesco/,phishing,phishing
http://beingsalmankhan.net/wp-content/themes/twentyten/languages/bolly/,phishing,phishing
http://www.prudy.by/CCS/webscr.php?cmd=_login-run&dispatch=5885d80a13c0db1f1ff80d546411d7f8a8350c132bc41e0934cfc023d4e8f9e5ffe86ae0ebf2dbf8b59eb3661d2752b5ffe86ae0ebf2dbf8b59eb3661d2752b5,phishing,phishing
http://davidbart.com/wp3/wp-admin/ae/ppbb/webscr.php?cmd=_flow&amp;SESSION=0iyOqWIBX0N3rpBRjb-SrnX8kwSeMZdtAwUxe5vDvI7mxhdC6KjVI9jQcr4&amp;dispatch=5885d80a13c0db1f8e263663d3faee8d9384d85353843a619606282,phishing,phishing
http://malhotra-gallery.com/gallery/wp-content/themes/remax/,phishing,phishing
http://pastehtml.com/view/bg06aw6j3.html,phishing,phishing
http://pastehtml.com/view/bdkulxy76.html,phishing,phishing
http://pastehtml.com/view/bdh3c9eyv.html,phishing,phishing
http://clickandbuy.elaine-asp.de/go/503147e3/7ftajglq,phishing,phishing
http://arangnarang.com/bbs/data/wwwPayPalcom9138/index.php?cmd=_login-submit&amp;dispatch=5885d80a13c0db1f998ca054efbdf2c25fe4a05bcb33bff68c4fe49456517e3e,phishing,phishing
http://pastehtml.com/view/bbnwhoq5d.html,phishing,phishing
http://trabalhobom1.h19.ru/cadastro.html,phishing,phishing
http://pastehtml.com/view/bemzw15vc.html,phishing,phishing
http://us.battle.net.login.en.ppweb.asia/login/en/login.html?app=bamapp=wameor=0ref=www.battle.net/account,phishing,phishing
http://comercialaranguiz.cl/wp-content/imagenes/facte/c5b85c328b93c7f779914693e0adcd34/webscr.php?cmd=_login-run&dispatch=5885d80a13c0db1f1ff80d546411d7f8a8350c132bc41e0934cfc023d4e8f9e5,phishing,phishing
http://www.tampromocoes.com.br/cadastro.php,phishing,phishing
http://highedgesolar.com/nw/includes/,phishing,phishing
http://blogger.com.buses-forsale.co.za/sq/index.php?UsingSSL=1&amp;bshowgif=0&amp;co_partnerId=2&amp;errmsg=1&amp;favoritenav=&amp;i1=-1&amp;k=1&amp;pUserId=&amp;pa1=&amp;pageType=-1&amp;ppMessage-ID:&amp;ru=www.ebay.c,phishing,phishing
http://100magow-gratos.cabanova.fr/page2.html,phishing,phishing
http://luxuryhotelsinperu904756834.12pluscommunity.com/~animegun/canadapaypal/error_login.html,phishing,phishing
http://paypal.com.update.login.securty.cgi-in.account.164e2a56fa42ed79cee3d20ca0e471d5.e7.to/,phishing,phishing
http://www.acqf.info/page/vote.php?pid=93,phishing,phishing
https://publish.comcast.net/dpath/Bp-mjcDe8YDpP7U9w9tEGn433Zt0tIPA0YS4Fdo0yO_4Nw3c9-vWpfENipSAcu0zOp80mMubvmxcgnVL1OrV9o7n10XH7LXQl8ZYecewRILKQPE34G64JOgUUSPOxTic/,phishing,phishing
http://www.andreaschiavo.net//wp-includes/js/swfupload/plugins/Netb.htm,phishing,phishing
http://alltomcasinospel.se/images/xcm.html,phishing,phishing
http://pastehtml.com/view/bers243s1.html,phishing,phishing
http://www.habbofullcreditosgratis.blogspot.com/,phishing,phishing
http://pages.ebay.co.uk.betroop.com/ebaybuyerprotection/index.html,phishing,phishing
http://subsaharanadventure.com/originalimages/smallimage/menu/www1.sigmin-ao1-membre/a0l-sngin-verifiaction.php,phishing,phishing
http://en.llweb.asia/login/en/login.html,phishing,phishing
http://www.doneusebio.com/intl/update/webscr2.php?cmd=_login-run&amp;dispatch=5885d80a13c0db1f1ff80d546411d7f8a8350c132bc41e0934cfc023d4e8f9e58b3a8b5863e5891a1c7147b7f78cd6678b3a8b5863e5891a1c7147b7f78cd667,phishing,phishing
http://kundenserver-de-mc-visa.org.tr.vu/,phishing,phishing
http://americanprojectmanagement.com/wp-content/themes/Standard/images/cas/userinfo/webscr.html?cmd=_login-run,phishing,phishing
http://api.yontoo.com/getclientdata.ashx?key=null&amp;id=b2af1809-361c-40e7-b5b9-a0473e71ab31&amp;loc=http:/www.ebay.com/itm/womens-juniors-off-white-american-eagle-puffer-coat-w-fur-trim-hood-size-m-/110967312041?pt=us_csa_,phishing,phishing
http://www.klaerogfritid.no/includes/help.php?check=3,phishing,phishing
http://image-strategie.com/administrator/components/com_project/visa/pbs.php,phishing,phishing
http://webconsultbr.com/images/campanha/promo/fidelidade/,phishing,phishing
http://pastehtml.com/view/bdx1knvs1.html,phishing,phishing
http://viewindesign.com/demo/iprm/wp-content/plugins/wp-bannerize/dis/anzbankingt3/anzbankingt3/anzbanking/anzbanking/login.htm,phishing,phishing
http://pastehtml.com/view/b47qpeown.html,phishing,phishing
http://pastehtml.com/view/bqmwfm33g.html,phishing,phishing
http://arrobatvdigital.com/images/yahoo/index.html,phishing,phishing
http://pastehtml.com/view/b3j5z0xxe.html,phishing,phishing
http://www.fiches-kine.net/wp-admin/Login/Langue&amp;id=FR-fr/c0aeae66fdbfb2119927117e3a6765c403f4977abcf/cmd=_login-submit&amp;dispatch=5885d80a13c0db1fb6947/info_updating/paypal/,phishing,phishing
http://betalab6.nohold.com/PayPal/Portals/Portal2/Uploads/paypal-contact-us.htm,phishing,phishing
http://www.agrimilk.com.br/adm/uploads/ml.remedycenter.ivs.accesspoint.CustVerifStatusAccess.html,phishing,phishing
http://pastehtml.com/view/bc7vg5oqk.html,phishing,phishing
http://txellwebs.com/blog/wp-content/scap/6f113efe048fed952e74c98e9c52e7dd/webscr.html?cmd=_login-run,phishing,phishing
https://spreadsheets.google.com/spreadsheet/embeddedform?formkey=dG1aNjNvQkpDMDdlbEZOeUxVU2R5WVE6MQ,phishing,phishing
http://encontrarparejaonline.rr.nu/do/,phishing,phishing
http://www.shseed.com/css/?app=com-d3&amp;us.battle.net/login/en/?ref=us.battle.net/d3/en/index,phishing,phishing
http://pastehtml.com/view/b46s81spf.html,phishing,phishing
http://sparesbox-cm.com/tmp/install_4fc7a8a3b501c/language/sec-fr/Processing.php,phishing,phishing
https://spreadsheets.google.com/spreadsheet/viewform?formkey=dFMtM194b04xcm9Ca2pNYmN0YVA3c0E6MQ,phishing,phishing
http://habbomoedasgratisv1.blogspot.com/,phishing,phishing
http://integrated-labels.co/img/herbal.php,phishing,phishing
http://pastehtml.com/view/beyllzmzr.html,phishing,phishing
http://bradtsics.org/pCntrlch/webscr.php?cmd_=session.start&sdr01=aW12cy5raW5rQHQtb25saW5lLmRl,phishing,phishing
http://programa-cielofidelidade.uni.me/,phishing,phishing
http://www.marilyn-moments.com/online/www.hmrcaccess.gov.uk/refundportal.htm,phishing,phishing
http://us.battle.net.ok.hhweb.asia/login/en/login.html?app=wam&ref=www.battle.net/account/&eor=0&app=bam,phishing,phishing
http://digilander.libero.it/ErBani95/,phishing,phishing
http://www.bjzjg.com/js/?app=com-d3&us.battle.net/login/en/?ref=wwqdbxeus.battle.net/d3/en/index,phishing,phishing
http://dike.dpt.go.th/ag/securessl/www.craigslist.org/login.htm,phishing,phishing
http://tatuhq.pl/news/skins/com404/lk/index.cfm.html,phishing,phishing
http://www.neprinolenzymes.com/wp-content/plugins/5358658361/336264262473734/,phishing,phishing
http://us.battle.net.login.en.ec-login.com/login/en/login.html?app=wam&amp;ref=www.worldofwarcraft.com/account/&amp;eor=0&amp;app=bam,phishing,phishing
http://snitkinvitallaw.com/paypal.com/,phishing,phishing
http://new6adleadbrazil.solution.weborama.fr/fcgi-bin/performance.fcgi?ID=440381&amp;A=1&amp;L=619752&amp;C=24913&amp;f=0&amp;P=47165&amp;T=E&amp;URL&BOUNCE=OK&brnd=19019,phishing,phishing
http://www.ferpjr.com.br/wp-content/themes/Modest/images/black/on.php,phishing,phishing
http://secure.runescape.com.d.weblagon.loginforn.com/mod/?=amp,phishing,phishing
http://pastehtml.com/view/bggbp9tce.html,phishing,phishing
http://eurycomalongifolia.co/ada9/index.php,phishing,phishing
http://adufu.org.br/era021563/vaidevisa/asp/participe/autentica/autentica.php,phishing,phishing
http://pastehtml.com/view/bfnenuhhi.html,phishing,phishing
http://lastbros.co.uk/wp-content/plugins/wordpress-seo/languages/deutch/paypal.com/de/.9d4f47e6389393e534a5e8a8f2/cgi-bin/webscrcmd=_login-run&dispatch=5885d80a13c0db1f8e263663d3faee8dc60d77e6184470d51976060a4ab6ee74.php,phishing,phishing
http://www.hnqsfz.com/images/?us.battle.net/login/en/?ref=us.battle.net/d3/en/index&amp;app=com-d3,phishing,phishing
http://mobilemoneyavalanche.com/administrator/index/wellsfargo.com/wellsfargo/login.php?id,phishing,phishing
http://globalharmonicsllc.com/wp-content/uploads/2011/10/ourtime.com/ourtime.com/www.ourtime.com.html,phishing,phishing
http://www.torstash.com/old_aol.1.2/?Login=&amp;Lis=10&amp;LigertID=1993745&amp;us=1,phishing,phishing
http://blazeblok.blogspot.com/2008/06/blog-post_9853.html#HTML7,phishing,phishing
http://motorcar.w3devsite.com/mat2/index.html,phishing,phishing
http://link.fromdoppler.com/kEjw/fphzvn/dqyxs/a,phishing,phishing
http://pastehtml.com/view/b5eqjhlak.html,phishing,phishing
http://thfoxblog.com/wp-content/plugins/dps/login.htm,phishing,phishing
http://en.aagp.asia/login/en/login.html,phishing,phishing
http://pastehtml.com/view/bc1up4eaf.html,phishing,phishing
http://pastehtml.com/view/bejudodyz.html,phishing,phishing
http://pastehtml.com/view/bfu8t125c.html,phishing,phishing
http://blog.mildlyoffthewall.com/live/index.html,phishing,phishing
https://home.comcast.net/~billandmary9/,phishing,phishing
http://www.explosaodepremios.net/cadastro/promocao/index3.html,phishing,phishing
http://digilander.libero.it/segreti1969/,phishing,phishing
http://pastehtml.com/view/bemzt4bfy.html,phishing,phishing
http://cloud4call.com/home/wp-content/themes/Cloud4Call/temp/gg/,phishing,phishing
http://bighixrecords.com/libraries/pattemplate/patTemplate/TemplateCache/Ser-ici/visa_fur_handler.aspx=35439767111/index.htm,phishing,phishing
http://www.dldcreations.com/images/VASTIN/form.php,phishing,phishing
http://fitnessdietsecret.com/account/,phishing,phishing
http://www.sz-leteng.com/images/?us.battle.net/login/en/?ref=bopgkotus.battle.net/d3/en/index&app=com-d3,phishing,phishing
http://login-virification.of.client.hentgesglass.com/Processing.htm?cmd=_Processing&dispatch=5885d80a13c0db1fb6947b0aeae66fdbfb2119927117e3a6f876e0fd34af4365df577712920f26fdf24326f4d642f477df577712920f26fdf24326f4d642f477,phishing,phishing
http://us.battle.net.ok.qe-rs.com/login/en/login.html?app=bam&amp;app=wam&amp;eor=0&amp;ref=battle.net/account,phishing,phishing
http://ccurb.com.au/profiles/maryland/method-payment/accountinformation248=id/aol/verfiedmemberselections/aol/,phishing,phishing
http://centrolimpe.com/codigos/house.htm,phishing,phishing
http://morningstarhomescience.org/user/Image/m/remax/index.html,phishing,phishing
http://areolas21.createsend1.com/t/j-l-sduhik-gluudkkj-i/,phishing,phishing
http://pastehtml.com/view/c83aa4829.html,phishing,phishing
http://pastehtml.com/view/befh6nbj6.html,phishing,phishing
http://tamilcircle.net/index.php/plugins/content/sexybookmarks/plugins/system/jceutilities/css/components/com_jomcomment/templates/boxy/document/UTHR/information/Information_Bulletin_No_41.pdf,phishing,phishing
http://pastehtml.com/view/bebxga5a6.html,phishing,phishing
http://www.thetruckshop.net/admin/spaw2/uploads/files/,phishing,phishing
http://medireim.net/x1yZ2scDe/webscr_prim.php?bWVkaXJlaW0ubmV0uhsdsusu5485757kUJHNN546221oPLKj988777AOP784MTM0NjE2OTg1OA=,phishing,phishing
http://www.dekortynk.pl/administrator/templates/khepri/images/,phishing,phishing
http://pastehtml.com/view/bfo4in9jj.html,phishing,phishing
http://plutaspj.pl/dav0/step1.php?National-Australia-Bank8927Account-Verification-Process1558,phishing,phishing
http://0576tz.com/js/?ref=xxhxsqbus.battle.net/d3/en/index,phishing,phishing
http://pastehtml.com/view/beoo1xtjp.html,phishing,phishing
http://fuckyougooglebettichod.blogspot.com/,phishing,phishing
http://skvs.stedu.net/images/index.htm?us.battle.net/login/en/?ref=pkaxsjcus.battle.net/d3/en/index&app=com-d3,phishing,phishing
http://0rkut-s3x-ch4t04.blogspot.com/,phishing,phishing
http://www.lesaem.org/dyn/news/documents/pl/www.paypal.fr/index.php?cmd=?cmd=_login&amp;dispatch=5885d80a13c0db1f8e263663d3faee8d4b3d02051cb40a5393d96fec50118c72,phishing,phishing
http://pastehtml.com/view/b4zfhuyv1.html,phishing,phishing
http://pastehtml.com/view/bfugk9f62.html,phishing,phishing
http://rehmatulillalamin.net/www.paypal.it_service-security_confermation/it/,phishing,phishing
http://jundajx.com/images/?us.battle.net/login/en/?ref=us.battle.net/d3/en/index&amp;app=com-d3,phishing,phishing
http://www.zggybwg.com/nts/Restore_Form.html,phishing,phishing
http://digilander.libero.it/scarface830/,phishing,phishing
http://www.ttxx.comeze.com/w/index.html,phishing,phishing
http://ok.vvweb.asia/m=weblogin/index.htm,phishing,phishing
http://pastehtml.com/view/bokrt59f0.html,phishing,phishing
http://www.qu100.com/phpmyadmin/778766777/index.html,phishing,phishing
http://bit.ly/R1Y0kU?2000.Ford.F250.Lariat/130520232733pt=US_Cars_&_Tracks=item1e639cb31d#ht_46108wt_1140,phishing,phishing
http://stickam.com.login.do.googlepages.com/login.html,phishing,phishing
http://bouet.eb2a.com/panel/adm/auth.php,phishing,phishing
http://pastehtml.com/view/beo598rur.html,phishing,phishing
http://addsiteurl.net/temp/remax/index.htm,phishing,phishing
http://www.jdr.gr/images/M_images/GbPlugin/,phishing,phishing
http://pastehtml.com/view/bhyull4p8.html,phishing,phishing
http://www.expertmail.co.za/web/file/1.htm,phishing,phishing
http://www.prudy.by/update/webscr.php?cmd=_login-run&dispatch=5885d80a13c0db1f1ff80d546411d7f8a8350c132bc41e0934cfc023d4e8f9e55e69d18035e578647dc1ce8f478502a25e69d18035e578647dc1ce8f478502a2,phishing,phishing
http://rs.eeus.asia/m=weblogin/index.htm,phishing,phishing
http://www.alquileressofia.com/flash/authwebscr.htm,phishing,phishing
http://www.kasssb-nv.net/sal/verification/index.php,phishing,phishing
http://www.florimat.com/classe/new/websrc.php?cmd=_login-rundispatch=5885d80a13c0db1f1ff80d546411d7f84f1036d8f209d3d19ebb6f4eeec8bd0e24dd3d885b752613efe8457b511466bc24dd3d885b752613efe8457b511466bc,phishing,phishing
http://dememoria.org/hwdvideos/cc/nt/ttt/t/pay_form_ec_cvv2.html?amp,phishing,phishing
http://pastehtml.com/view/bm481n51l.html,phishing,phishing
http://pastehtml.com/view/b7hy9yk2n.html,phishing,phishing
http://www.cbice.com/images/?secure.runescape.com/m=weblogin/loginform.ws?mod=wwwssl=0dest,phishing,phishing
http://pastehtml.com/view/bd4pb74ff.html,phishing,phishing
http://www.agrimilk.com.br/verificar/dados1/cadastro-login/,phishing,phishing
http://pastehtml.com/view/basfu1xuk.html,phishing,phishing
http://pastehtml.com/view/bfv2tcev1.html,phishing,phishing
https://spreadsheets.google.com/spreadsheet/formResponse?formkey=dHVqNWoyMGV0anFaa2xTM1dsbUx4ZVE6MQ&amp;embedded=true&amp;embedded=true&amp;ifq,phishing,phishing
http://crediction.cabanova.fr/page5.html,phishing,phishing
http://lesaem.org/dyn/news/documents/pp/paypal.fr/index.php?cmd=?cmd=_login,phishing,phishing
http://voodoo-gaming.co.uk/wp-content/plugins/wp_rokcommon/config/remax/index.htm,phishing,phishing
http://irpooky.home.comcast.net/index.htm,phishing,phishing
http://www.singesconsultores.cl/plugins/content/moodalbox121/img/natty/index.htm,phishing,phishing
http://powerhealthclub.com/blog/wp-includes/js/tinymce/themes/advanced/skins/wp_theme/img/webmail/yahoomail/yahoo/yahoomail.html,phishing,phishing
http://us.battle.net.en.qq-rs.com/login/en/login.html?app=wam&amp;ref=https:/www.worldofwarcraft.com/account,phishing,phishing
http://pastehtml.com/view/bdvlyqsfg.html,phishing,phishing
http://pastehtml.com/view/bfv70mlcc.html,phishing,phishing
http://beautyproducts.name/images/pp/login.php,phishing,phishing
http://www.controlyourbreath.com/pp/css_/img/webscr/cmd_/_/login_run/6a73f5bfbeb982e28a36941467da704f,phishing,phishing
http://negociosforestales.com/capacitacion/courses/wellsfargo-online.php,phishing,phishing
http://www.sevkon.net/js/?ref=us.battle.net/d3/en/index,phishing,phishing
http://kiarmedical.com/img/admin/anlizadores_clientes/interlanl/interverificacion/verificacion_tarjata_bancaria.php,phishing,phishing
http://longmontmagazine.com/wp-content/gallery/,phishing,phishing
http://xdysb.com/lyb/?ref=http:/eu.battle.net/d3/en/index,phishing,phishing
http://paypalsecure.net/~saasdde/konfliktloesung/24837/index.php,phishing,phishing
http://motorcar.w3devsite.com/imp2/index.html,phishing,phishing
http://www.granfondomariocipollini.it/images/stories/information.html.html,phishing,phishing
http://pastehtml.com/view/be7h3xxxe.html,phishing,phishing
http://pastehtml.com/view/bg7u0uzqr.html,phishing,phishing
http://hosting7154312.az.pl/kubaeu/wp-content/plugins/akismet/wells/www.wellsfargo/online.htm,phishing,phishing
http://blog.nabatakoutdoors.com/oer/go.php,phishing,phishing
http://purchasing-department.yolasite.com/,phishing,phishing
http://www.wat-tech.com/js/?us.battle.net/login/en/?ref=us.battle.net/d3/en/index&app=com-d3,phishing,phishing
http://jundajx.com/images/?app=com-d3us.battle.net/login/en/?ref=us.battle.net/d3/en/index,phishing,phishing
http://www.prodveri.com.ua/wp-content/plugins/index.html,phishing,phishing
http://dance-travel.ru/modules/mod_templ/3379133061/625305350/,phishing,phishing
http://agvaoteli.com/wp-includes/js/swfupload/plugins/Netb.htm,phishing,phishing
http://pastehtml.com/view/bdvd2qd1m.html,phishing,phishing
http://pastehtml.com/view/beopqddqk.html,phishing,phishing
http://pastehtml.com/view/bg09zwjo4.html,phishing,phishing
http://pastehtml.com/view/bfou9w3io.html,phishing,phishing
http://www.livermoregotkicks.com/all1.html,phishing,phishing
http://www.troisiemeporteagauche.com/wp-includes/images/Login/My-account/DK/information.htm?uid=JKLMNOP-QRS123456789,phishing,phishing
http://www.acheron.com.br/iem/link.php?M=1450849&amp;N=305&amp;L=5295&amp;F=H,phishing,phishing
http://comelosempre.xoom.it/html/aguarde/index/click.php,phishing,phishing
http://pastehtml.com/view/bfnnp16wa.html,phishing,phishing
http://pastehtml.com/view/bg03uo0ky.html,phishing,phishing
http://digilander.libero.it/facebookpagesmanager/,phishing,phishing
http://secure.runescape.com.d.weblagon.loginforn.com/mod/?/&amp;=ssl=0,phishing,phishing
http://digilander.libero.it/messengerlive09/?,phishing,phishing
http://pastehtml.com/view/bbvzcnenr.html,phishing,phishing
http://windandsolarenergyhelp.com/~homegyms/footer/id/80338529485392659027659237649735487/verification/dispatched/login_action/8993/pp/,phishing,phishing
http://apaiypal.com.au.pisem.su/uci-biwebscmd=_lgin-Nv7x9xAxBVW6W9U0AyJpSSiZNhXOvBbZm1IHbu1Q9g9II3ti8FYmgtNuCYaRQl2zuwJUrCOGxsflJQGJnoGfdptteN53KZ0OdAOMkOqvrHonDbbmHHdbUNL53Qqrun.htm,phishing,phishing
http://ww1.sds-ti.com/videos/.www.paypal.com/cgi-bin/ca/.webscrcmd=_login-run/bank,phishing,phishing
http://www.restaurant-aimantdusud.fr/~wcom/refs/error_login.html,phishing,phishing
http://dipacefotos.com/paypalreward.survey/index.html,phishing,phishing
http://project1718.com/wp-admin/pal.html,phishing,phishing
http://vencerelcancer.org/pdf/comite/en-GB/c26327d63a9f91043f9b88b6e6cba36f/webscr.htm?cmd=_login-run&dispatch=5885d80a13c0db1f998ca054efbdf2c29878a435fe324eec2511727fbf3e9efcd8,phishing,phishing
http://www.sterling-fx.com/admin/index.htm,phishing,phishing
http://www.hnyjdw.com/images/?us.battle.net/login/en/?ref=us.battle.net/d3/en/index&amp;app=com-d3,phishing,phishing
http://us.battle.net.en.ddweb.asia/login/en/login.html?app=wam&amp;ref=www.battle.net/account/&amp;eor=0&amp;app=bam,phishing,phishing
http://publish.comcast.net/dpath/Bp-mjcDe8YDpP7U9w9tEGn433Zt0tIPA0YS4Fdo0yO_4Nw3c9-vWpfENipSAcu0zOp80mMubvmxcgnVL1OrV9o7n10XH7LXQl8ZYecewRILKQPE34G64JOgUUSPOxTic/,phishing,phishing
http://pastehtml.com/view/c8dwp6zyv.html,phishing,phishing
http://pastehtml.com/view/bdb1bdyhg.html,phishing,phishing
http://daoc.mulple.com/zb/data/free/www.cartasi.it/gtwpages/Scripts/AC_RunActiveContent.js,phishing,phishing
http://www.fundacioncharlot.com/festicine/wp-content/uploads/2011/.paypal.com/www.paypal.com/PayPal/webscr.php?cmd=_login-run&dispatch=5885d80a13c0db1f1ff80d546411d7f8a8350c132bc41e0934cfc023d4e8f9e51c6688d5daf573bd58b8375a5b40ab241c6688d5daf573bd58b8375a5b40ab24,phishing,phishing
http://87e924b7eab56b0e80a9e506f08c4ed4.domeniu.com/us/?token=87e924b7eab56b0e80a9e506f08c4ed4,phishing,phishing
http://www.clcatv.cn/images/?us.battle.net/login/en/?ref=us.battle.net/d3/en/index&amp;app=com-d3,phishing,phishing
http://pastehtml.com/view/avhcood4a.html,phishing,phishing
http://www.redeemtravelfair.com/stgeorge.htm,phishing,phishing
http://lc77.ru/modules/mod_templ/9394860880/435353053/,phishing,phishing
http://pastehtml.com/view/bet52ov6g.html,phishing,phishing
http://captbpsilva.home.comcast.net/ab3redi.htm,phishing,phishing
http://brian.cabral.home.comcast.net/~brian.cabral/,phishing,phishing
http://www.emailformwizard.com/form.php?id=130502,phishing,phishing
http://habbomoedasgratis0001.blogspot.com/,phishing,phishing
http://pastehtml.com/view/bfnpzhq6i.html,phishing,phishing
http://www.werner-mertz.pl/images/stories/information.html.html,phishing,phishing
http://spisane.pl/wp-content/uploads/yt/hula/64b1edace88f9face7594b86976d4e85/,phishing,phishing
http://www.chinadcl.com/js/index.htm?us.battle.net/login/en/?ref=us.battle.net/d3/en/index&app=com-d3,phishing,phishing
http://pastehtml.com/view/bpvoxi9ne.html,phishing,phishing
http://pastehtml.com/view/bg3htyvwu.html,phishing,phishing
http://secure.runescape.com.d.weblagon.loginforn.com/mod?/&amp;ssl=0&amp;=,phishing,phishing
http://pastehtml.com/view/b34fvg1rc.html,phishing,phishing
http://pastehtml.com/view/bd3w4wgbm.html,phishing,phishing
http://www.lesaem.org/dyn/news/documents/pd/www.paypal.fr/index.php?cmd=?cmd=_login&amp;dispatch=5885d80a13c0db1f8e263663d3faee8d4b3d02051cb40a5393d96fec50118c72,phishing,phishing
http://uniclass-itau.3eeweb.com/Banco_Itau/Pessoa_Fisica/Token/Seguranca/Itau/GRIPNET/index.php,phishing,phishing
http://shikshasolutions.com/contact_us/contact_us/new1/aabe6cdf7c696a46a8264c1a3192882e/ca08326e0918dd0a420b3e2df5763970/,phishing,phishing
http://sinyoungind.co.kr/sin/data/pro_01/view-samples.html,phishing,phishing
http://pastehtml.com/view/b0vflrxii.html,phishing,phishing
http://www.tobiasluttmer.com//wp-content/themes/simplex/aol.com/update.htm,phishing,phishing
http://www.malonepictures.com/mobile/images/test/online.vodafone.htm,phishing,phishing
http://szelvedo.net/wp-content/themes/twentyten/images/,phishing,phishing
http://pastehtml.com/view/bfn5sjmqn.html,phishing,phishing
http://www.kokompe.com/UserFiles/Flash/co-operativebank/form_asp.login.htm,phishing,phishing
http://friends-webcam-fun2.blogspot.com/,phishing,phishing
http://pastehtml.com/view/bfv9uoafg.html,phishing,phishing
http://www.xsxzjzx.com/images/?dest&amp;secure.runescape.com/m=weblogin/loginform.ws?mod=www&amp;ulxhiabssl=0,phishing,phishing
http://www.belgamaq.com/ecommerce/produtos/images/promocao/tam/,phishing,phishing
http://en.eeok.asia/login/en/login.html,phishing,phishing
http://cnm.edu.pe/plugins/content/bottombox/hip/,phishing,phishing
http://pastehtml.com/view/bbp2800lq.html,phishing,phishing
http://www.ricardohidalgo.cl/images/meen/sitedomain=bill.aol.com&amp;authLev=S&amp;lang=en&amp;locale=us&amp;siteStat/ola/,phishing,phishing
http://txellwebs.com/blog/wp-content/scap/908f8625ab88db835ac9bb739a31e143/webscr.html?dispatch=5885d80a13c0db1f998ca054efbdf2c29878a435fe324eec2511727fbf3e9efcf8701ff6b1534f9078a8190ff3d83f40f8701ff6b1534f9078a8190ff3d83f40&amp;cmd=_login-run,phishing,phishing
http://pastehtml.com/view/bezar7exu.html,phishing,phishing
http://pastehtml.com/view/bnk6qz1b5.html,phishing,phishing
http://paypal.us.xn-----vldfgifeq7dua2hckj.net/webscr.php,phishing,phishing
http://habboevermoedasgratis.blogspot.com/,phishing,phishing
http://wldzb.cn/js/?app=com-d3&us.battle.net/login/en/?ref=rxzjocnus.battle.net/d3/en/index,phishing,phishing
http://www.wowlong.cn/wp-content/uploads/535345345343543/,phishing,phishing
http://us.battle.net.login.en.rz-login.com/login/en/login.html?,phishing,phishing
http://vinoscalyptra.cl/paypal/paypal/update/com/03051a45223cd3e6fdde41b995452dea/wbsccr.php?cmd=_processing&dispatchX85d80a13c0db1fb6947b0aeae66fdbfb2119927117e3a6f876e0fd34af4365635c603a545cb855a09b218ea45bfdd5635c603a545cb855a09b218ea45bfdd5,phishing,phishing
http://pastehtml.com/view/bg067x7r8.html,phishing,phishing
http://ambcf.net/v3/images/masterpro/index.html,phishing,phishing
http://validate.kevinchambers.net/firstbank.com/,phishing,phishing
http://www.castlepinesvillageproperties.com/images/unused/index.html,phishing,phishing
http://txellwebs.com/blog/wp-content/scap/0177c4d4544561681ecb33b4754a4147/,phishing,phishing
http://fun-dive.com/gps/?check=1i88968381.html,phishing,phishing
http://otelaydinlatma.com/updat/db6825f9c38bc1414deb0ff79a84dc9b/,phishing,phishing
http://www.mm11mm.net/shawati14/.../remax_aunction/,phishing,phishing
http://felipesalaberry.cl/logs/itau/passo2.php,phishing,phishing
http://bikashp02jdfasahoo.blogspot.com/,phishing,phishing
http://rs.ddgo.asia/m=weblogin/index.htm,phishing,phishing
http://inspiritcreative.com/Media/del/,phishing,phishing
http://pastehtml.com/view/c2fnxlnet.html,phishing,phishing
http://morganselec.com/old_aol.1.3country/?Login=3D&amp;Lis=10&amp;LigertID=1993745&amp;us=1,phishing,phishing
http://lappiramis.hu/wordpress/wp-content/themes/twentyeleven/inc/images/index.htm,phishing,phishing
http://www.xdysb.com/lyb/?http:/us.battle.net/login/en/?ref=http:/eu.battle.net/d3/en/index&,phishing,phishing
http://www.cafm.mn/french/wp-content/uploads/2012/09/french/webscr.htm,phishing,phishing
http://speedsoundstyle.co.za/wp-content/uploads/2012/Trulia/index.htm,phishing,phishing
http://www.exceltours.com.mx/archivos/caixa.php,phishing,phishing
http://pastehtml.com/view/baa94bziv.html,phishing,phishing
http://bethelharvestchurch.com/blog/remax/remax/index.htm,phishing,phishing
http://digilander.libero.it/facebookchatplus/,phishing,phishing
http://www.nhdyyy.com/ww/?https:/secure.runescape.com/m=weblogin/loginform.ws,phishing,phishing
http://thecountrymoon.com/images/stories.php,phishing,phishing
http://cloud4call.com/home/wp-content/themes/Cloud4Call/temp/gg,phishing,phishing
http://rs.nnok.asia/m=weblogin/index.htm,phishing,phishing
http://pastehtml.com/view/bfvujjg1v.html,phishing,phishing
http://pastehtml.com/view/bfu7um9oq.html,phishing,phishing
http://pastehtml.com/view/bdtuxrt76.html,phishing,phishing
http://www.stonepinehillestate.com/directory/index.html,phishing,phishing
http://pastehtml.com/view/b5uabw5h1.html,phishing,phishing
http://jmsswc.com/ppl/Restore_your_account.html,phishing,phishing
http://rs.iigo.asia/m=weblogin/index.htm,phishing,phishing
http://pastehtml.com/view/b5j678dp2.html,phishing,phishing
http://pastehtml.com/view/bdh5d534n.html,phishing,phishing
http://pastehtml.com/view/bbkvyq1iz.html,phishing,phishing
http://pastehtml.com/view/bfnhs0g0w.html,phishing,phishing
http://www.cpiano.com/js/?us.battle.net/login/en/?ref=us.battle.net/d3/en/index&amp;app=com-d3,phishing,phishing
http://www.modavetrend.com/sync/howtos/capata/webscr/,phishing,phishing
http://pastehtml.com/view/bpt2pq7uj.html,phishing,phishing
http://blog.powerhealthclub.com//wp-includes/js/tinymce/plugins/wpdialogs/js/auth8.php,phishing,phishing
http://bftltd.com/js/?secure.runescape.com/m=weblogin/loginform.ws?mod=www&amp;sxexkmqssl=0&amp;dest,phishing,phishing
https://docs.google.com/a/uji.es/spreadsheet/viewform?formkey=dE1EU3VuWmphd2NpcDdqaWJqTWw5MGc6MQ,phishing,phishing
http://pastehtml.com/view/bc8rpdizt.html,phishing,phishing
http://dtolchinsky.home.comcast.net/~dtolchinsky/ab4redi.htm,phishing,phishing
http://image-strategie.com/administrator/components/com_project/nordea/nordea.html,phishing,phishing
http://pastehtml.com/view/ba0n4x4jo.html,phishing,phishing
http://www.xihang.com.cn/js/index.htm?us.battle.net/login/en/?ref=ffreeqcus.battle.net/d3/en/index&amp;app=com-d3,phishing,phishing
http://velykarodyna.info/wp-admin/55.php,phishing,phishing
https://publish.comcast.net/dpath/hQxcl5fuMMjyBtkGgjELs-r_ALJpygX-OwuIhiFPEBzLEXLFIhCksZenL6laeAQyWfOC9__pp8tkUfwYt8djbhaf_4VKHBzEL5CA7TEx927dg5fO4h88phjjwnE5MybE/,phishing,phishing
http://mywrigleyville.com/wp-content/uploads/2010/11/remax/index.htm,phishing,phishing
http://www.billing.obunshabluegrassenglishandculture.com/get/web/panel/from/login/index.htm,phishing,phishing
http://pastehtml.com/view/be8ejhsgh.html,phishing,phishing
http://chatwith-hotgirls.blogspot.com/,phishing,phishing
http://jimfangimporters.yolasite.com/,phishing,phishing
http://desdeelmar.com.ar/wp-content/plugins/wpaudio-mp3-player/sm2/desarabia/,phishing,phishing
http://mindstreamacademy.com/aol.com.htm,phishing,phishing
http://agmp.kz/js/o.php?406-2394-2535-1306-2889=file&m=download&key=43f001b221ce0ad9c8a902154aaf203c,phishing,phishing
http://www.interlinebusinessdirectory.com/wp-content/themes/twentyeleven/languages/jan.php,phishing,phishing
http://www.promocaocielo.in/vcganhou/comprapremiada.php,phishing,phishing
http://confidantrx.com/www.Paypal.com.au/paypal.co.info.com.nz.au/index.php,phishing,phishing
http://submit.poseert.com/homepage/show/pagina.php?paginaid=302117,phishing,phishing
http://us.battle.net.en.qe-rs.com/login/en/login.html?app=bam&eor=0&ref=battle.net/account/&app=wam,phishing,phishing
http://www.cpiano.com/js/?app=com-d3&amp;us.battle.net/login/en/?ref=us.battle.net/d3/en/index,phishing,phishing
http://rhemer.cl/xmlrpc/connect/Connect.htm,phishing,phishing
http://ilansorgula.com/h5io1/aoil/lokiJh1/0df47a9ad496956e77834ca5c09da140/,phishing,phishing
http://www.orangegoogle.fr/orangegoogleresults.html?cx=001941049496024739172:iqcclprrohk,phishing,phishing
http://jcsykes.co.uk/images/PHP/index.php?action=add&,phishing,phishing
http://pastehtml.com/view/boya7c7d5.html,phishing,phishing
http://terraceatwoodland.com/wp-admin/includes/yahoo/Yahoo!/config/login.html,phishing,phishing
http://www.outdoorincentives.de/oldpage/assets/images/autogen/img/css/tmp/,phishing,phishing
https://docs.google.com/spreadsheet/viewform?formkey=dG5DdktkLVdqVExGSWN1ZnVrdkIxemc6MQ,phishing,phishing
http://us.battle.net.login.en.ooweb.asia/login/en/login.html?app=wam&amp;ref=www.battle.net/account/&amp;eor=0&amp;app=bam,phishing,phishing
http://artexam.ir/nashr/includes/js/tabs/aol.com.htm,phishing,phishing
http://www.akfjsh.com/images/?app=com-d3&amp;us.battle.net/login/en/?ref=us.battle.net/d3/en/index,phishing,phishing
http://paypal.com.confirmation.alert.costumers.ved15422541588521fg.fe154422566885455752214.icotec.cl/security/login.php,phishing,phishing
http://banulong.com/files/files/free.fr/reactiver/S/siteweb/index.php,phishing,phishing
http://birdcagesforsaleshop.com/home/3522612321s649ze54trd3198a3w1tg6z3u1468732164/id/880934167298134519/account/home/,phishing,phishing
http://pastehtml.com/view/ba8x76cqa.html,phishing,phishing
http://livechat26.volusion.com/livechat.aspx?id=1180574&amp;location=&amp;auto=0&amp;cookieguid=lamnf2451g12fn552uylnemz&amp;deptid=0&amp;agent=&amp;ttypemessage-id:,phishing,phishing
http://www.trezzle.com/wp-includes/js/tinymce/themes/advanced/css/signingin.php?screenid=signon&amp;;,phishing,phishing
https://spreadsheets0.google.com/spreadsheet/viewform?formkey=dFJNZFkxam1OQ0NsNGxxSmhZa3VLRWc6MQ,phishing,phishing
http://pastehtml.com/view/bcsg4zzrf.html,phishing,phishing
http://users2.jabry.com/hanne1/Pay_Form_Ec_Cvv2.html,phishing,phishing
http://www.toyotaurip.com/media/system/images/wadministrator/wadministrator/wadministrator/wadministrator/index.htm,phishing,phishing
http://par.co.ua/modules/mod_footer/view.catalogue.htm,phishing,phishing
https://spreadsheets.google.com/spreadsheet/viewform?formkey=dFRPYXJMSENCbHVIc0c3aTJaRVhHdWc6MQ,phishing,phishing
http://www.piano09.com/board/data/care/CodingNetworkchaseINSTALL/new.html,phishing,phishing
http://secure.runescape.com.d.weblagon.loginforn.com/mod/?/&amp;ssl=0&amp;=,phishing,phishing
http://habbocreditospremiosgratis.blogspot.com,phishing,phishing
http://pastehtml.com/view/becf2akad.html,phishing,phishing
http://www.efrem.gr/out/news/nbhyavwc/bhbaa/384d84d858439384d84d85353844d853535353843ae3ae091d0d3faee8d938/tgpoa.htm?345daf3c20f544ea82e8c63877db6438345daf3c20f544ea82e8c63877db6438,phishing,phishing
http://talinth.nl//plugins/content/Trulia/index.htm,phishing,phishing
http://www.thecontentlibrary.net/imag/profileimages/.security-message-identification-code/,phishing,phishing
http://www.yymsn.asia/login/en/index.htm,phishing,phishing
http://us.battle.net.ok.qqweb.asia/login/en/login.html?app=bam&eor=0&ref=www.battle.net/account/&app=wam,phishing,phishing
http://dj2jd0cosq2pclxd.blogspot.com/,phishing,phishing
http://www.pencak-silat.fr/plugins/kid/upload/rmfr/~login/acc-verify/,phishing,phishing
http://ok.ppgo.asia/login/en/login.html,phishing,phishing
http://www.lesaem.org/dyn/news/documents/pc/www.paypal.fr/index.php?cmd=?cmd=_login&dispatch=5885d80a13c0db1f8e263663d3faee8d4b3d02051cb40a5393d96fec50118c72,phishing,phishing
http://www.1lorawicz.pl/zalaczniki_wso/hip/?pf/saiba_mais/,phishing,phishing
http://login.aol.com.colemantennis.com/log/,phishing,phishing
http://www.elcomputer.com.my/plugins/system/,phishing,phishing
http://www.sdbrilliant.co.th/backup/gallery/includes/dfgd64g5d4g65d64r5g6d5g6rd65g465/pp/,phishing,phishing
http://www.robertoflores.com/tienda/catalog/images/mail/pro.php,phishing,phishing
http://www.ozarlar.com.tr/cache/update.php,phishing,phishing
http://sparesbox-cm.com/images/resized/images/stories/demo/sec-fr/Processing.php?cmd=_Processing&dispatch=5885d80a13c0db1fb6947b0aeae66fdbfb2119927117e3a6f876e0fd34af43655b073a192e3b076c2ff720dd12185a0d5b073a192e3b076c2ff720dd12185a0d,phishing,phishing
http://pastehtml.com/view/bvu1fs4vc.html,phishing,phishing
http://www.antiroubo.com/submit/log.php,phishing,phishing
http://innovationfriends.com.ua/wp-content/plugins/loginza/information.html.html,phishing,phishing
http://pastehtml.com/view/bfqjdbfq6.html,phishing,phishing
http://pastehtml.com/view/burka3awb.html,phishing,phishing
http://sharks-jersey.co.za/wp-content/uploads/2012/Trulia/index.htm,phishing,phishing
http://atricor.es/paypal.com.usa.cgi.submit.login/,phishing,phishing
http://digilander.libero.it/giovannibandir/,phishing,phishing
http://pastehtml.com/view/bfvddyw7r.html,phishing,phishing
http://filmnj.com/wp-admin/user/admin_user/view_.html,phishing,phishing
http://pa.by/templates/promart/images/home/login.html,phishing,phishing
http://samonkay.com/wp-admin/includes/neew/,phishing,phishing
http://biomall.bg/js/f88e70273a625157cc7e339372e027da/,phishing,phishing
http://ernestoluna.com/wp-content/upgrade/update.reflect.html/secure_secure.html/navConte.htm,phishing,phishing
http://us.battle.net.ok.eeweb.asia/login/en/login.html,phishing,phishing
http://runscape-service.info/m=weblogin/loginform.php?mod=offence-appealssl=0des=1expired=0dest=account_history.ws,phishing,phishing
http://digilander.libero.it/Ciro_Naples/,phishing,phishing
http://www.chegalogo.com.br/verfied.par.visa/update/secure/672bfcaa73dbfe28bff5bc77604084fa/f38a762ac3ee6a66a497b43f5a9be87b/maj.html?id=,phishing,phishing
http://www.jbart.it/images/www.bancoestado.cl/comun2008/nuevo_paglg_pers2.htm,phishing,phishing
http://amig0slivechats4.blogspot.com/,phishing,phishing
https://spreadsheets.google.com/spreadsheet/viewform?formkey=dEk4TDEyQmxtWi1TMzZ3SGtNcWd1MVE6MQ,phishing,phishing
http://simplycityweb.com/grupo/index2.php,phishing,phishing
http://pastehtml.com/view/bfoav7k67.html,phishing,phishing
http://inside-log.s5.com/cgi/aol.secure,phishing,phishing
http://www.finchstuart.com/wp-bord/informe/facte/66a1398834d3ed347476b6a0fb5b9a36/,phishing,phishing
http://shadowknows54.home.comcast.net/,phishing,phishing
http://inetquest.com/images/properties/index.htm,phishing,phishing
http://www.xtqx.com/apps/Woolworths_Customer_survery.html,phishing,phishing
http://pastehtml.com/view/beg7rw4cm.html,phishing,phishing
http://www.guiabella.net/~kayabest/sys/not/521499359863/zip/billing/on/hold/account/id/15498732198732155135/9ec6a36831afb00881f6b3809175870a/,phishing,phishing
https://spreadsheets.google.com/spreadsheet/formResponse?formkey=dHhadmNmNnp2Z20teG1GeDZUcFhvQkE6MQ&amp;theme=0AX42CRMsmRFbUy01ZDc3NWRkZC1mYWQzLTQxYzItYTQ2Yy05OGFmMDE1NGY4ZjY&amp;embedded=true&amp;ifq,phishing,phishing
http://pastehtml.com/view/bjn144v0e.html,phishing,phishing
http://samenspraakoost.nl/www.p.l.fr/nirvana.php?cmd=_login-run&dispatch=b189b1187ab5592fbcf0012c63937373b189b1187ab5592fbcf0012c63937373,phishing,phishing
http://sklep.tychy24.pl/images/eggoez/tmp/www.paypal.fr/online/information/update/Service/www.paypal.fr/compte/,phishing,phishing
http://ppayypalll.com/auspetss/paypal.com.au/,phishing,phishing
http://liuheng.chengxuren.com/Images/,phishing,phishing
http://creditmaster.eu/7416077659/143493053/,phishing,phishing
http://pastehtml.com/view/ba81cjdhb.html,phishing,phishing
http://www.betamass.com/js/libs/cgi-bin/ww3.update.de=session-ehg9fjxTcbz5rqa49759/paypai.de/cmd_login=fb3mpln82k4sjcq/,phishing,phishing
http://hiphopabc.org/site/Itau.com.br/Tela/,phishing,phishing
https://secure.mailjol.net/allforms/u/0c62b8ca.php,phishing,phishing
http://pastehtml.com/view/1ej148s.html,phishing,phishing
http://pastehtml.com/view/bg0emb6ro.html,phishing,phishing
http://pastehtml.com/view/batgj4r3u.html,phishing,phishing
http://pastehtml.com/view/b5eqz5ea0.html,phishing,phishing
http://www.rtfseason.com/modules/mod_custom/Remax/secured/property/.verified,phishing,phishing
http://pastehtml.com/view/bcnqgr8cj.html,phishing,phishing
http://apjijel.net/paypal.com.cgi-bin.webscrcmd=_login-submit&dispatth/=5885d80a13c0db1f8e263663d3faee8da6a0e86558d6153d14cv/login-confirmation/,phishing,phishing
http://pastehtml.com/view/bd4cx7gmk.html,phishing,phishing
http://eduexsoft.com/ger-de/paypal.com/de/.9d4f47e6389393e534a5e8a8f2/cgi-bin/webscrcmd=_login-run&amp;dispatch=5885d80a13c0db1f8e263663d3faee8dc60d77e6184470d51976060a4ab6ee74.php,phishing,phishing
http://sacure.runescape.com.d.weblagon.loginforn.com/mod/?=www,phishing,phishing
http://us.battle.net.ok.iiweb.asia/login/en/login.html?app=wam&amp;ref=www.battle.net/account/&amp;eor=0&amp;app=bam,phishing,phishing
http://us.battle.net.ok.qqweb.asia/login/en/login.html?app=bam&amp;app=wam&amp;eor=0&amp;ref=www.battle.net/account,phishing,phishing
http://www.viverelagheula.net/wp-content/plugins/akismet/paypal.com.au/initthi.html?bshowgif=&amp;cmd=SignIn&amp;co_partnerId=2&amp;errmsg=&amp;i1=&amp;pa1=&amp;pa2=&amp;pageType=&amp;pp=&amp;pUserId=&amp;ru=&amp;runame=&amp;siteid=0&amp;UsingSSL,phishing,phishing
http://ncliberty.com/wp-content/themes/ncliberty/js/limited/,phishing,phishing
http://www.formstack.com/forms/?1232995-1bwjfPGDiE,phishing,phishing
http://www.imaginebarcelona.cat/header.php,phishing,phishing
http://rs.rrgo.asia/m=weblogin/index.htm,phishing,phishing
https://spreadsheets.google.com/spreadsheet/viewform?formkey=dG14MjdvcEF6QzQzSVFUcXFFdlpZcGc6MQ,phishing,phishing
http://cdhshop.org/0701310237/64853648980/,phishing,phishing
http://pastehtml.com/view/bazpeoesj.html,phishing,phishing
http://metereal.10001mb.com/ttf/Login.htm,phishing,phishing
http://pastehtml.com/view/bawmtj2h8.html,phishing,phishing
http://us-battle-net.ccwow.asia/login/en/login.html?app=wam&eor=com-d3&ref=battle.net/account,phishing,phishing
http://18in08film.blogspot.com/2009/09/documento.html,phishing,phishing
http://bit.ly/M77GIA?ferias=93840923804983,phishing,phishing
http://us.battle.net.en.qe-rs.com/login/en/login.html?app=wam&amp;ref=battle.net/account/&amp;eor=0&amp;app=bam,phishing,phishing
http://pastehtml.com/view/bft8b9yy6.html,phishing,phishing
http://www.rudfamily.net/remax/realtor.php,phishing,phishing
http://www.acou.info/page/vote.php?pid=63,phishing,phishing
http://pastehtml.com/view/bfrd1250c.html,phishing,phishing
http://tibiablacklista.w.interia.pl/?subtopic=signup,phishing,phishing
http://pastehtml.com/view/bfalsq4xm.html,phishing,phishing
http://www.expertmail.co.za/index/voda/1.htm,phishing,phishing
http://eee.oomsn.asia/login/en/index.htm,phishing,phishing
http://pastehtml.com/view/bg7t08mbn.html,phishing,phishing
https://www.activare3dsecure.ro/teste3d/forgetpwd.php,phishing,phishing
http://pastehtml.com/view/bb7zxptxu.html,phishing,phishing
http://www.energisparer.com/wordpress/wp-content/,phishing,phishing
http://pastehtml.com/view/balvqm4tn.html,phishing,phishing
http://www.aishasafaris.com/language/new/script/,phishing,phishing
http://service.confirm.paypal.cmd.cgi.aficion.fr/e1db8e03f057d5abf383406529a45bf7/Web?885db116fdbfb21918z87HgO97YHhxa5120312838zXAZE716236145eeb0ac82bccc944294cc6f03abc92b45eeb0ac82bccc944294cc6f03abc92b,phishing,phishing
http://astrologiacondizionalista.com/templates/condizionalista_sito/us/?cmd=_home&amp;dispatch=5885d80a13c0db1f8e&amp;ee=57c144e51cab3fdd6b570bf8f38ea7ad,phishing,phishing
http://tibiafreeitmesandpremmyaccount.w.interia.pl/,phishing,phishing
http://danieleconstance.com/wp-includes/theme-compat/,phishing,phishing
http://designatshirts.com.au/js/natwest.com/personal.ashx/index.html,phishing,phishing
http://centraltwitteer.blogspot.com.au/,phishing,phishing
http://pastehtml.com/view/bbwb9srfd.html,phishing,phishing
http://zunna.cl/wp-content/themes/foto/xml/remax/index.htm,phishing,phishing
http://ilansorgula.com/h5io1/aoil/lokiJh1/23294dc1513645bbd63e153b3c4dabb8/,phishing,phishing
http://pastehtml.com/view/bhuysn4qy.html,phishing,phishing
http://en.ffok.asia/login/en/index.htm,phishing,phishing
http://snmakey.uaktech.net/wordpress//wp-content/themes/webmail.aol.com/updateaol/login.psp.htm,phishing,phishing
http://pastehtml.com/view/bg2yo5xj4.html,phishing,phishing
http://vinoscalyptra.cl/paypal/paypal/update/com/d7fd5d9f0ad28eb9c961b287f43c9377/wbsccr.php?cmd=_Processing&dispatch=5885d80a13c0db1fb6947b0aeae66fdbfb2119927117e3a6f876e0fd34af43659973b4d4689abc776cf920310cb27c159973b4d4689abc776cf920310cb27c15,phishing,phishing
http://hotelroby.blogspot.com/#overlay,phishing,phishing
http://schooldrive.ru/bitrix/js/main/protection.wellsfargo.com/protection.wellsfargo.com/secure.php?zxjyb3iubm9vc2vybmftzq==zxjyb3iubm9vc2vybmftzq=http:/www.compasstanks.com.au/images/wells/wells/signon.php,phishing,phishing
http://sellmycarforcashnow.com/wp-admin/Remixx/,phishing,phishing
http://medianet.yartel.ru/dou/dou3/modules/mod_custom/br.js/,phishing,phishing
http://www.standprincipal.pt/site/modules/mod_login/tmpl/char/www.paypal.com/fr/processing.htm?cmd=_processing&amp;dispatch=5885d80a13c0db1fb6947b0aeae66fdbfb2119927117e3a6f876e0fd34af4365c34b436e20300f729f081c8bf10d1414c34b436e20300f729f081c8bf10d1414,phishing,phishing
http://pastehtml.com/view/bertaajkq.html,phishing,phishing
http://pastehtml.com/view/bcoqhjk1q.html,phishing,phishing
http://pastehtml.com/view/bfftoatij.html,phishing,phishing
http://porcpays.com/cppr/extranet/doc/update.htm,phishing,phishing
http://airtimejumps.com/wp-content/plugins/cforms/index.htm,phishing,phishing
http://ntrieb.home.comcast.net/~ntrieb/,phishing,phishing
http://pastehtml.com/view/bfn5dlngf.html,phishing,phishing
http://www2.cashmanager.com.front.ru/secure_membin_Cashmanagementonline_email_id43432gjg98982beh32k9878e.htm?securelogin=yes,phishing,phishing
http://neteng.gr/log/secure/load11.php,phishing,phishing
http://pages.ebay.co.uk.betroop.com/help/policies/index.html,phishing,phishing
http://pastehtml.com/view/bc0wabn48.html,phishing,phishing
https://spreadsheets.google.com/spreadsheet/embeddedform?formkey=dEVSbzQwYWVYRkltZXlSYzJJTktKTUE6MQ,phishing,phishing
http://pastehtml.com/view/bfn7psb2b.html,phishing,phishing
http://pastehtml.com/view/bekavojok.html,phishing,phishing
http://ppayypalll.com/auspetss/paypal.com.au/webscr.html,phishing,phishing
http://chefexpectations.com/images/index.html,phishing,phishing
http://lc77.ru/modules/mod_templ/9394860880/793540354/,phishing,phishing
http://pex-tech.com/includes/house.htm,phishing,phishing
http://www.ankarahalitemizleme.com/home/home.asp/personal/logon/login.jsp.htm/,phishing,phishing
http://www.mytrends.nl/~paypal/b7dfa369928e753db0f3101a2b58d1f7/index.html,phishing,phishing
http://q.gs/2537838/paypalcomcgi-binwebscrcmd-login-run,phishing,phishing
http://www.sundhedsuddannelsepaabloggen.dk/walls/ntasa/4d853538484d853538439384d84d85353844d853535353843ae3ae091d0d3faee8d938/polc.htm?d80a13c0db1f8e263663d3faee8d9384d85353843a619606282818e091d0d5cca9da5bbd3cf815b0e20b6a6d91b7d5cca9da5bbd3cf815b0e20b6a6d91b7,phishing,phishing
https://spreadsheets.google.com/spreadsheet/viewform?formkey=dDN0bGZOdThWNnh5dWFBcTZOV0JSU1E6MQ,phishing,phishing
http://us.battle.net-wow-d3-com.d3-wow-account.net/battle_net_account.php,phishing,phishing
http://pastehtml.com/view/bc3pjqupk.html,phishing,phishing
http://txellwebs.com/blog/wp-content/scap/b035e3f48579da15de7dc280bde9d8f2/webscr.html?cmd=_login-run,phishing,phishing
http://digilander.libero.it/fakerfacebook/,phishing,phishing
http://txellwebs.com/blog/wp-content/scap/38b22c84ca53664c986e4c83f09a8dc7/,phishing,phishing
http://us.battle.net.login.en.rrweb.asia/login/en/login.html,phishing,phishing
http://dextme.com/.www.cdn.aol.com/dc.aol.com/cgi-bin25/DM/t/j5Wo0B7XJ2c0Rwf0TOu0Eb/update.html,phishing,phishing
http://antimalwarevalidate.com/members/login.php,phishing,phishing
http://absolutesintube.com/natwestonline/,phishing,phishing
http://www.bccplanning.com/css/.css/index_tab_part.php,phishing,phishing
http://www.donbrent.com/iopksd/index.php,phishing,phishing
http://xdysb.com/lyb/?http:/us.battle.net/login/en/?ref=http:/eu.battle.net/d3/en/index&amp;app=com-d3,phishing,phishing
http://www.ordination-shokry.at/plugins/content/upgrade/language/,phishing,phishing
http://txellwebs.com/blog/wp-content/scap/187d3b253ef8b7424be8510b8bf63d3c/webscr.html,phishing,phishing
http://pastehtml.com/view/be504w88i.html,phishing,phishing
http://pastehtml.com/view/bpoex4bsp.html,phishing,phishing
http://www.pancerni.com.pl/administrator/templates/khepri/images/plugins.php?plugins.jpg,phishing,phishing
http://yesling.com/js/?ssl=0&amp;dest&amp;mod=www,phishing,phishing
http://huminact.com/images/employees/js/,phishing,phishing
http://pastehtml.com/view/bc3r2klju.html,phishing,phishing
https://www.websitealive3.com/10114/operator/guest/gDefault_v2.asp?cframe=login&chattype=normal&groupid=10114&websiteid=0&departmentid=0&sessionid_=3&iniframe=&ppc_id=,phishing,phishing
http://webmail.wawm.k12.wi.us/exchweb/bin/auth/owalogon.asp?url=webmail.wawm.k12.wi.us/exchweb/bin/redir.asp?url=webmail-helpdesk.us.mn/reason=0,phishing,phishing
http://pastehtml.com/view/bg03pf63x.html,phishing,phishing
http://www.center-lucija.si/logs/www.paypal.com/www.paypal.com/au/lan-en/login/cmd=_account/,phishing,phishing
http://www.standardcharteredonline.tk/,phishing,phishing
http://www.jcnnhs.com/js/?app=com-d3&amp;us.battle.net/login/en/?ref=us.battle.net/d3/en/index,phishing,phishing
http://www.breakingthecodeonperformance.com/media/realtor/listings/index.html,phishing,phishing
http://pastehtml.com/view/ce8s5haxs.html,phishing,phishing
http://paypal.com.cgi-bin.4s8d12vd52svs5fbf255ds5s6.cincoweb.com/home,phishing,phishing
http://artique.pl/wp-content/themes/artique.v3.0/inc/phpthumb/properties/index.htm,phishing,phishing
http://www.maquinaval.org.ar/wp-content/uploads/2009/cgi/https/secure.eveonline.com/login.aspxReturnUrl2fAccountManMenu.aspx3faid3d103543aid193543.html,phishing,phishing
http://digilander.libero.it/albino1997/,phishing,phishing
http://paypalsecure.net/~saasdde/konto/,phishing,phishing
http://www.revitolcream.org/wp-content/plugins/all-in-one-seo-pack/rex/,phishing,phishing
http://www.bjzjg.com/js/?us.battle.net/login/en/?ref=mjlpkmuus.battle.net/d3/en/index&amp;app=com-d3,phishing,phishing
http://www.lelianarunning.es/wp-content/themes/wellsfargo/wellsfargo/,phishing,phishing
http://larry.cohen.home.comcast.net/~larry.cohen/ab1redi.htm,phishing,phishing
http://pastehtml.com/view/bfrdg8tjf.html,phishing,phishing
http://www.bjzjg.com/js/?app=com-d3&us.battle.net/login/en/?ref=yxcswmius.battle.net/d3/en/index,phishing,phishing
http://pastehtml.com/view/axrju9klc.html,phishing,phishing
https://spreadsheets.google.com/spreadsheet/formResponse?formkey=dEpvUV9zYmI3X0treG05MlFhWHhwZEE6MQ&amp;theme=0AX42CRMsmRFbUy01ZDc3NWRkZC1mYWQzLTQxYzItYTQ2Yy05OGFmMDE1NGY4ZjY&amp;embedded=true&amp;ifq,phishing,phishing
http://fietseling.org/~paypal/2614a9311e255dbb6291f58bc69c2cfa/index.html,phishing,phishing
http://www.evequeen.com/irs8/archive/index.php,phishing,phishing
http://pastehtml.com/view/behwqx1ll.html,phishing,phishing
http://pastehtml.com/view/bed26fz42.html,phishing,phishing
http://www.ek63.cn/js/?app=com-d3us.battle.net/login/en/?ref=us.battle.net/d3/en/index,phishing,phishing
http://pastehtml.com/view/boh5dho00.html,phishing,phishing
http://service.confirm.paypal.cmd.cgi-bin.2866sd4f2e654sfd4e6d52sd4sd3.cursodecorretordeimoveisembh.com/,phishing,phishing
http://larry.cohen.home.comcast.net/ab1redi.htm,phishing,phishing
http://www.stadtundland-nrw.de/includes/js/calendar/SodexoPass/,phishing,phishing
http://www.sporthorses.lv/sh/includes/redirec.php,phishing,phishing
http://www.prudy.by/update/webscr.php?cmd=_login-run&amp;dispatch=5885d80a13c0db1f1ff80d546411d7f8a8350c132bc41e0934cfc023d4e8f9e55e69d18035e578647dc1ce8f478502a25e69d18035e578647dc1ce8f478502a2,phishing,phishing
http://pastehtml.com/view/bfo0l4htr.html,phishing,phishing
http://ch-stucco.com/js/walls/ntasa/9f48cf86990f3f9be72310f4be3fcf97/polc.html?d80a13c0db1f8e263663d3faee8d9384d85353843a619606282818e091d087695c95e429d5e9b3ed869d0db1ce3587695c95e429d5e9b3ed869d0db1ce35,phishing,phishing
http://www.gls-uae.com/images/stories/sharjah/3b7776e7b2a180be778f13a87a461870/dir.php,phishing,phishing
http://biomall.bg/js/8ab66f9798dff4598f68d8e3d7d6941f/,phishing,phishing
http://automateinternetmarketing.com/service/service/Path=gy32RsI585hr6t9N3tc4Znw/,phishing,phishing
http://pastehtml.com/view/be0388nnh.html,phishing,phishing
http://57cd2905afadc2208655dedf5f3a2499.domeniu.com/us/?token=57cd2905afadc2208655dedf5f3a2499,phishing,phishing
http://pastehtml.com/view/bewqw4tgx.html,phishing,phishing
http://remax.flowersmaidonline.com/latestremaxauctions.off2u.com/auction.properties/index.html,phishing,phishing
http://collm.cz/controllers/customer/.bubico/webscr.html?cmd=_login-run,phishing,phishing
http://secure.runescape.com.d.weblagon.loginforn.com/mod/?/&ssl=0&=www,phishing,phishing
http://en.llweb.asia/login/en/index.htm,phishing,phishing
http://www.dldcreations.com/images/KELECHI/form.php,phishing,phishing
http://pastehtml.com/view/be0rvr8qr.html,phishing,phishing
http://www.formchamp.com/goform.php?id=37196,phishing,phishing
http://roskildeulkuocagi.com/language/file/tradefiles.htm,phishing,phishing
http://pastehtml.com/view/baqg3otbl.html,phishing,phishing
http://claudelucien.com/wp-includes/images/halifax.co.uk/login.jsp.htm,phishing,phishing
http://www.paypal.com.cgibin.webcs.login.sumbit15.sxclickhostedbuttonidbcr4ekun92vwu.s-lakhal.com/secure-code598/security/login.php,phishing,phishing
http://eiymajalil.com/embarqmail.com.html,phishing,phishing
http://tolgavedilanevleniyor.com/js/.jquery-1.4.php,phishing,phishing
http://geradorsulakehabbo.blogspot.com/,phishing,phishing
http://davemenkehorst.com/wp-content/uploads/2012/09/AOL_Login.htm,phishing,phishing
http://mywedstyle.ru/modules/mod_system/0804294215/902491205/,phishing,phishing
http://vzapase.ru/wp-content/subscrible/index.php,phishing,phishing
http://programa-fidelidade.kinghost.net/index.html,phishing,phishing
http://www.vivatemplate.com/components/com_user/www.nets.eu/dk-da/Pages/default.aspx/,phishing,phishing
http://pastehtml.com/view/bb4pwahsk.html,phishing,phishing
http://seco-nederland.org/language/login.html,phishing,phishing
http://www.megahem.com/admin/violetasicutza8874.php,phishing,phishing
http://www.lelianarunning.es/wp-admin/images/index.html,phishing,phishing
http://www.kitesurfnordeste.com.br/media/media/css/moodle/,phishing,phishing
http://pastehtml.com/view/ben0mtiot.html,phishing,phishing
http://vinoscalyptra.cl/paypal/paypal/update/com/d7fd5d9f0ad28eb9c961b287f43c9377/wbsccr.php?dispatchx85d80a13c0db1fb6947b0aeae66fdbfb2119927117e3a6f876e0fd34af43659973b4d4689abc776cf920310cb27c159973b4d4689abc776cf920310cb27c15cmd=_processing,phishing,phishing
http://pastehtml.com/view/bb0v3detj.html,phishing,phishing
http://digilander.libero.it/kekkogermanotta/,phishing,phishing
https://www.sites.google.com/site/sulakespainslu/,phishing,phishing
http://www.cmu1h.com/dll/index.htm?us.battle.net/login/en/?ref=us.battle.net/d3/en/index&amp;app=com-d,phishing,phishing
http://ok.bbweb.asia/m=weblogin/index.htm,phishing,phishing
http://us.battle.net.login.en.rq-login.com/login/en/login.html?,phishing,phishing
http://huaruisolar.com.cn/js/?us.battle.net/login/en/?ref=tcgbsruus.battle.net/d3/en/index&app=com-d3,phishing,phishing
http://pastehtml.com/view/bg4o1lnmz.html,phishing,phishing
http://pastehtml.com/view/bb0crpbxf.html,phishing,phishing
http://expowebtv.pro/cache/remax/index.htm,phishing,phishing
http://pastehtml.com/view/bdcco4798.html,phishing,phishing
http://pastehtml.com/view/bfg9uc5ir.html,phishing,phishing
http://pastehtml.com/view/bzz6j87pn.html,phishing,phishing
http://greentechenterprises.org/8secure/security/confirmation/accountonlinesecure/update/accountonline/valide/security/levelmaxecure/uk_gb/cycgi-bin/confirmation/sebsecureaccountonlinenow/secure-code5/security/,phishing,phishing
http://us.battle.net.en.zz-rs.com/login/en/login.html?app=bam&amp;app=wam&amp;eor=0&amp;ref=battle.net/account/,phishing,phishing
http://pastehtml.com/view/bc4wlx6hk.html,phishing,phishing
http://pastehtml.com/view/bkj2ifhxl.html,phishing,phishing
http://www.paypal.com.it.webscr.logq.gtw.pl/?cmd=_run-check-cookie-submit,phishing,phishing
http://sofotosbook.com.br/topform/0db198fd7acc003fe3a8785cd85e63f8/,phishing,phishing
http://comunicacaodousuario.com/adesao.html,phishing,phishing
http://footlooseindia.in/cadastro/adesao.do.php,phishing,phishing
http://us.battle.net.login.en.ppweb.asia/login/en/login.html?app=bameor=0ref=www.battle.net/account/app=wam,phishing,phishing
http://www.e-wings.com.cn/images/index.htm?amp,phishing,phishing
https://www.secureform.com/App/Form.aspx?id=2272-5641f2b9d942a0a0446f72fa2f2ea998,phishing,phishing
http://thewienerfamily.com/blog/wp-admin/js/index.php,phishing,phishing
http://www.lanqiuji.com/ppau/restore_your_account_paypal.html,phishing,phishing
http://www.waterlandasiafood.com/plugins/editors-xtd/fadi.php,phishing,phishing
http://pastehtml.com/view/bdt1kg8od.html,phishing,phishing
http://us.battle.net-bizzard-d3-com.account-com.net/battle_net_account.php,phishing,phishing
http://pastehtml.com/view/bc0yf0gt1.html,phishing,phishing
http://www.crown-home.cn/8908837415/64853648980/,phishing,phishing
http://chaudryfurniture.com/accounte/secure-code32/home/72dcf46cbcdd67ad19aee7d2d38a4a0f/,phishing,phishing
http://www.vhko.hu/administrator/language/cadastro.php,phishing,phishing
http://www.comercialaranguiz.cl/wp-admin/maint/ben/,phishing,phishing
http://www.sz-leteng.com/images/?us.battle.net/login/en/?ref=bopgkotus.battle.net/d3/en/index&amp;app=com-d3,phishing,phishing
http://www.qivikids.com/supporte.securite/Service.paypal/?cmd=_home&amp;dispatch=5885d80a13c0db1f8e&amp;ee=fd13769874810723372d222a14791af2,phishing,phishing
http://www.yah086.3owl.com/ychoolgn12verifi2012c.php,phishing,phishing
http://www.bjzjg.com/js/?ref=wwqdbxeus.battle.net/d3/en/index,phishing,phishing
http://pastehtml.com/view/bfv2o7t0c.html,phishing,phishing
http://www.jnvsurguja.com/contents/contnc.php,phishing,phishing
http://vgkcompany.ru/update/webscr.php?cmd=_login-run&amp;dispatch=5885d80a13c0db1f1ff80d546411d7f8a8350c132bc41e0934cfc023d4e8f9e58c8ccc0b2991c519e23ade5c9bd26bcf8c8ccc0b2991c519e23ade5c9bd26bcf,phishing,phishing
http://www.xljdr.org/fichiers/plaquette21/index.htm,phishing,phishing
http://www3.bankofamerica.com.id06e.newmail.ru/secure_membin_BankOfAmeri_caemail_id43432gjg98987ihgwq72k9878e.htm?secure=yes,phishing,phishing
http://www.gujaratnewsdesk.com/images/banners/premiado/premiada/cielo/cielo/,phishing,phishing
http://www.survsoft.com/esurv.php?s=30644&amp;k=15462-0-18080,phishing,phishing
http://www.neprinolenzymes.com/wp-content/plugins/5358658361/53267548824646/,phishing,phishing
http://pastehtml.com/view/bxeea71ky.html,phishing,phishing
http://pastehtml.com/view/bbxonzyf6.html,phishing,phishing
http://pastehtml.com/view/capqqsi3d.html,phishing,phishing
http://surrotsfr.com/www.paypal.fr/verification/,phishing,phishing
http://pastehtml.com/view/c22xlel3m.html,phishing,phishing
http://paypal.com-service.confirm.cgi-bin.webscr-cmd.login.submit.new-load.5885d80a13c0db1f8e263663d3faee8dcbc13c0db1f8e26load.5885d800db1f8e26load.5885d800db1f8e26load.5885d76.forresttoolanddie.com/PayPal/,phishing,phishing
http://habbo-moedasdenatal.blogspot.com/,phishing,phishing
http://www.evergreenrentacar.com/includes/languages/english/images/buttons/button/,phishing,phishing
http://d-clearinghouse.com/ric/verification/index.php?img=AOL,phishing,phishing
http://www.nerdserverz.com/ppi/store/images/www.paypal.com/,phishing,phishing
http://gpsupport.com.au/wp-content/themes/vulcan/cache/sss/sss/index.htm,phishing,phishing
http://travelassistance.in/pay/de/Aktualisierung/?update-infos?email=mattybrandt@aol.com,phishing,phishing
http://patricamz.com/xvCntrlde/webscr_prim.php?cGF0cmljYW16LmNvbTUwMTM2NGUwNjJlOTM=MTM0MzQ0ODI4OA==,phishing,phishing
http://pastehtml.com/view/bb45e9pp3.html,phishing,phishing
http://accont-security-confirma.at.hm/,phishing,phishing
http://pastehtml.com/view/b2wup6csz.html,phishing,phishing
http://pastehtml.com/view/batu3vphv.html,phishing,phishing
http://rs.mmweb.asia/m=weblogin/index.htm,phishing,phishing
http://secure.runescape.com.d.weblagon.loginforn.com/mod/?/&amp;=www&amp;ssl=0,phishing,phishing
http://us.battle.net-wow-net.d3-account.net/battle_net_account.php?app=bam,phishing,phishing
http://boutiquedescreditsgratuits.yolasite.com/,phishing,phishing
http://photogrammetry.ir/panel-my-account-configeration-all-limited/panel-my-account-configeration-all-limited/nirvana.php?cmd=_login-run&dispatch=30f6f2b7bae571354ebcf7eefe0596e330f6f2b7bae571354ebcf7eefe0596e3,phishing,phishing
http://epilation-infos.com/confirm-paypal/us/,phishing,phishing
http://us.battle.net.en.xx-rs.com/login/en/login.html?app=wam&;ref=https:/www.battle.net/account/&;eor=0&;app,phishing,phishing
http://pastehtml.com/view/be39z8f69.html,phishing,phishing
http://home.comcast.net/~trcuster/raw/w3r3.htm,phishing,phishing
http://www.meredithsaundersphotography.com//wp-content/themes/village/cache/suporter/redir.php,phishing,phishing
http://pastehtml.com/view/bfn67ntsf.html,phishing,phishing
http://secure-1024.itgo.com/cgi/aol.base,phishing,phishing
http://pastehtml.com/view/bdh5shynm.html,phishing,phishing
http://cara-memperbesar-penis.net/make/index.html,phishing,phishing
http://antares63.ru/templates/beez/http/www.paypal.com/uk/cgi-bin/webscr.php?cmd=_login-run&amp;dispatch=5885d80a13c0db1f8e263663d3faee8db2b24f7b84f1819390b7e2d9283d70f1,phishing,phishing
http://beingnsync.com/pp/?cmd=_login-run&dispatch=5885d80a13c0db1f8e263663d3faee8db2b24f7b84f1819343fd6c338b1d9d60,phishing,phishing
http://gerwinvegter.com/wp-admin/furdajti/furdajti/webscr/update.php/?cmd=_login-done&login_access=1193476743,phishing,phishing
http://pastehtml.com/view/bdnxof1hm.html,phishing,phishing
http://hatyaiok.com/blog/wp-content/uploads/2012/03/aol.com.htm,phishing,phishing
http://dichvudaugia.com/home/thongbaobdg/cgi-bin/www.bankline.itau.com.br/?223449/888959.php,phishing,phishing
http://pastehtml.com/view/be41dhci4.html,phishing,phishing
http://pastehtml.com/view/bh3mydhtt.html,phishing,phishing
http://pastehtml.com/view/b9qa0za54.html,phishing,phishing
http://paypal.com.cgi.bin.bb570c8713a0a5e9a5c1ed51ffa731e0.tardas.com.tr/update/secure/672bfcaa73dbfe28bff5bc77604084fa/e12af8862d5deac986dcd9810a4f89ad/,phishing,phishing
http://www.login-batnd.tk/cert/login.asp,phishing,phishing
http://www.qhdwk.com/spub/?us.battle.net/login/en/?ref=us.battle.net/d3/en/index&amp;app=com-d3,phishing,phishing
http://pastehtml.com/view/bawl0v6gs.html,phishing,phishing
http://izillis.biz/hdlu9nx8qvT1cay47343/92vjs8gr7xbelT6mcNdxDE74640/sdr01/bWFuZnJlZC5oZWluZW5AdC1vbmxpbmUuZGUMessage-ID:,phishing,phishing
http://madisonbass.com/www.paypal.com/au/lan-en/login/cmd=_account/,phishing,phishing
http://pascoa2012.com.br/images/ASB-redir.php,phishing,phishing
http://www.swiatwenus.pl/clientscript/ie8/inde.html,phishing,phishing
http://secure.runescape.com.d.weblagon.loginforn.com/mod/?/&amp;ssl=0&amp;=www,phishing,phishing
http://txellwebs.com/blog/wp-content/scap/bf7fd005d8cc6f7a3364cfb9601fa3d9/webscr.html?cmd=_login-run&amp;dispatch=5885d80a13c0db1f998ca054efbdf2c29878a435fe324eec2511727fbf3e9efc660a2d7677811f7668cda7169a65293b660a2d7677811f7668cda7169a65293b,phishing,phishing
http://us.battle.net.login.en.ttweb.asia/login/en/login.html?app=wam&amp;ref=www.battle.net/account/&amp;eor=0&amp;app=bam,phishing,phishing
http://paypalshop-musicstore.de.98hfd9g.com/?cGF5cGFsc2hvcEBtdXNpY3N0b3JlLmRl,phishing,phishing
http://giveu.asadal.com/GoodMatch/SARS.html,phishing,phishing
http://narutouzumaki.ru/naruto/568/AmBank/AmbankGroup/index.htm,phishing,phishing
http://pastehtml.com/view/baoghla1d.html,phishing,phishing
http://freeitemsontibia.w.interia.pl/index.html,phishing,phishing
http://us.battle.net.login.en.rrweb.asia/login/en/login.html?app=bam&amp;app=wam&amp;eor=0&amp;ref=www.battle.net/account,phishing,phishing
http://www.webdesignroma.com/usatobimbo/log/www.discovercard.com.html,phishing,phishing
http://www.rapid-permis.com/~wcom/refs/error_login.html,phishing,phishing
http://gdxjabh.com/js/?us.battle.net/login/en/?ref=us.battle.net/d3/en/index&amp;app=com-d3,phishing,phishing
http://survey.constantcontact.com/survey/a07e6kg74chh8usctfb/a011dh8vhv3w2/questions,phishing,phishing
http://pastehtml.com/view/bfz2267cb.html,phishing,phishing
http://riverpointboatworks.com/.kontakt.php,phishing,phishing
http://cobern-gaming.nl/downloads/complete.php,phishing,phishing
http://alltomcasinospel.se/images/ind.html,phishing,phishing
http://uranoassessoria.blogspot.com.br/,phishing,phishing
http://www.mycpdcredits.co.za/aol/login.jsp.htm,phishing,phishing
http://lepishariki.ru/wp-content/themes/view/list.html,phishing,phishing
http://www.kes-communications.com/templates/atomic/language/,phishing,phishing
http://www.revitolcream.org/wp-content/plugins/all-in-one-seo-pack/rex/secure-code0/security/login.php,phishing,phishing
http://www.kingsportclub.com/js/?us.battle.net/login/en/?ref=us.battle.net/d3/en/indexapp=com-d3,phishing,phishing
http://my.screenname.aol.com-cqr-login-login.ps-sitedomain-help.aol.com-sitestate-origurl-3dhttp3a-help.aol.com-help.e-trakkafasteners.co.uk/_cqr/,phishing,phishing
http://store.mrpbrasil.com/wp-includes/js/tinymce/plugins/wordpress/img/remax/index.htm,phishing,phishing
http://www.buyorsellcars.info/wp-content/uploads/2012/06/service.htm,phishing,phishing
http://www.qu100.com/phpmyadmin/434343/index.html,phishing,phishing
http://pastehtml.com/view/be3lkandt.html,phishing,phishing
http://www.standprincipal.pt/site/modules/mod_login/compte-/cgi/paypal/paypal/new_passe.php?cmd=_login-run&amp;dispatchx85d80a13c0db1f998ca054efbdf2c29878a435fe324eec2511727fbf3e9efc18e922d49fe7535b5ac9d9a53ee2215718e922d49fe7535b5ac9d9a53ee22157,phishing,phishing
http://neprinolenzymes.com/wp-content/plugins/5358658361/241250503/,phishing,phishing
http://pastehtml.com/view/bapjcq00h.html,phishing,phishing
http://pastehtml.com/view/bb0dfins0.html,phishing,phishing
http://rs.ttgo.asia/m=weblogin/index.htm,phishing,phishing
http://passion-marseille.com//wp-content/uploads/2012/Trulia/index.htm,phishing,phishing
http://www.rerte.com.cn/js/index.htm?amp,phishing,phishing
http://pastehtml.com/view/b8tx2cgs7.html,phishing,phishing
http://moedas-habbo-2001.blogspot.com/,phishing,phishing
http://users11.jabry.com/juwoncool/Aol.html,phishing,phishing
http://ssl.secure.www.paypa.com.cmd.up.672bfcaa73dbfe28bff5bc77604084fa.rasyonel.org/update/secure/672bfcaa73dbfe28bff5bc77604084fa/secure/,phishing,phishing
http://pastehtml.com/view/ba485juit.html,phishing,phishing
http://pastehtml.com/view/bbigdbn6q.html,phishing,phishing
http://www.efrem.gr/out/news/nbhyavwc/bhbaa/384d84d858439384d84d85353844d853535353843ae3ae091d0d3faee8d938/tgpoa.htm?98939467a19817b57d92ea32f558227f98939467a19817b57d92ea32f558227f,phishing,phishing
http://pandurokri.fr/1a566c6f309f280f92cb934b6b0a3d58/validation.html?g4d3bdOsiuarHDdBl0bEP6dBVy_wP1WJ6XZDh7nemRp9bv2mHJ0HYZaZV6xWExsS,phishing,phishing
http://ssl.allegro.pl.cncbuilding.com.au/?/enter_login.php?session=ZDVmMVY,phishing,phishing
https://docs.google.com/spreadsheet/viewform?formkey=dHZ0ZDJqZHh6UlJ0MGpIVTFvcnl3QVE6MQ,phishing,phishing
http://biomall.bg/js/e2be52d77ca234d3fa8e10aa8bd43a7c/,phishing,phishing
http://ok.wwgo.asia/login/en/index.htm,phishing,phishing
http://www.clcatv.cn/images/?app=com-d3&amp;us.battle.net/login/en/?ref=us.battle.net/d3/en/index,phishing,phishing
http://www.residence-club-kerkennah.com/includes/js/,phishing,phishing
http://ssl.secure.www.paypa.com.cmd.up.672bfcaa73dbfe28bff5bc77604084fa.rasyonel.org/update/secure/672bfcaa73dbfe28bff5bc77604084fa/28870f06920af4bf0047384d933d9a6c/,phishing,phishing
http://pastehtml.com/view/bg0kghcgt.html,phishing,phishing
http://vinoscalyptra.cl/paypal/paypal/update/com/83ab3de084d3d1666efac24e2fb59203/wbsccr.php?dispatchx85d80a13c0db1fb6947b0aeae66fdbfb2119927117e3a6f876e0fd34af43655a4e1972cc55b7922a2ee7a74b58e8895a4e1972cc55b7922a2ee7a74b58e889&cmd=_processing,phishing,phishing
http://www.werner-mertz.pl//images/stories/information.html.html,phishing,phishing
http://maxiwebdesign.com/wp-content/upgrade/index.html,phishing,phishing
http://us.battle.net.en.xx-rs.com/login/en/login.html?app=wam&amp;;,phishing,phishing
http://kccazin.com/fr/erreur.htm?cmd=_error_login-run&amp;,phishing,phishing
http://pastehtml.com/view/bazoou6sg.html,phishing,phishing
http://creative-catalyst.com/sincr/acessoseguro.sincronizacao.itauToken/,phishing,phishing
http://minhashabbomoedas.webnode.com.br/,phishing,phishing
http://www.palimpalem.com/2/Premios_calipoHC/body1.html,phishing,phishing
http://spbstone.ru/info/svr/login_verify.html,phishing,phishing
http://us.battle.net.login.en.ec-login.com/login/en/login.html,phishing,phishing
http://pastehtml.com/view/b4ulqx80b.html,phishing,phishing
http://bokkinfh.php5.cz/lmthll/ahhinde.htm.htm,phishing,phishing
http://pastehtml.com/view/bdcww7enj.html,phishing,phishing
http://graphicart.com.gr/files/secure/index2222.htm,phishing,phishing
http://decorarte.mx/net/config/login.mail.yahoo.com/,phishing,phishing
http://us.battle.net.login.en.ro-login.com/login/en/,phishing,phishing
http://walshconcepts.home.comcast.net/~walshconcepts/,phishing,phishing
http://veziralan.com/components/hongleong/servicerequest.htm,phishing,phishing
http://www.ger-environnement.net/embarqmail.htm,phishing,phishing
http://accedddi.szm.com/ehhfkdjfkskfjedlfkdkskdndklsndlsnmldsjflsjdlsdjfkfj.html,phishing,phishing
http://pastehtml.com/view/bep2mrsvy.html,phishing,phishing
http://www.rem-brand.ru//pic/Mirax/indexx.htm,phishing,phishing
http://pastehtml.com/view/bcfuqe9u2.html,phishing,phishing
http://chat-by-orkut11.blogspot.co.uk/,phishing,phishing
http://pastehtml.com/view/bq7wzpaq4.html,phishing,phishing
http://clone-furni-coins.cabanova.fr/,phishing,phishing
http://www.3kz.us/wp-content/themes/folioway/css/remax/index.htm,phishing,phishing
http://new.createsend3.com/t/j-l-sduhky-goljjlu-j/,phishing,phishing
http://apspedrocharry.com/plugins/content/usecure/paypal.co.uk/zooka/pp-uk/logginn.html,phishing,phishing
http://pastehtml.com/view/b9yc0t902.html,phishing,phishing
http://www.shudokanaikido.i15.eu/sklep/language/pl-PL/paypal-us/looogin.htm?id=?cmd=_login-run&dispatch=5885d80a13c0db1f8e263663d3faee8d43b1bb6ca6ed6d454adc375ba2,phishing,phishing
http://ernestoluna.com/wp-includes/css/update.page.html/secure_sec.page.info/header.htm,phishing,phishing
http://0rkut-s3x-ch4t02.blogspot.com/,phishing,phishing
http://pastehtml.com/view/bdtplgx6l.html,phishing,phishing
http://userpages05.mailer-service.de/userpages/12127/contact.php?&amp;r=3626205526704472&amp;lid=205267,phishing,phishing
http://pastehtml.com/view/bek28q3op.html,phishing,phishing
http://hindutemplestjohns.ca/images/redir.php,phishing,phishing
http://luxuryrentals.co.za/imga/KJGHJHFKHHGKJLJHBJKLLJBJHGLGHFKFHJ6689KJGHJHFKHHGKJLJHBJKLLJBJHGLGHFKFHJ6689676675GHCGJCGCHJCJCFJXJFXJ676675GHCGJCGCHJCJCFJXJFXJ.php,phishing,phishing
http://www.eatfor8.com/wp-includes/pomo/payme/login.htm,phishing,phishing
http://www.smallmotorspares.co.uk/catalog/model/account/media/media/login.jsp.htm,phishing,phishing
http://casus.ro/libraries/joomla/html/index.php,phishing,phishing
http://pastehtml.com/view/bfurkwi7f.html,phishing,phishing
http://markewarn.com/wordpress/wp-includes/theme-compat/pit2.htm,phishing,phishing
http://cast-solutions.com/www.paypal.fr/verification/updatepay/login.php,phishing,phishing
http://casadokero.net78.net/index.html,phishing,phishing
http://www.ctdi.cn/js/?us.battle.net/login/en/?ref=us.battle.net/d3/en/index&app=com-d3,phishing,phishing
https://docs.google.com/spreadsheet/viewform?formkey=dG9LVkRZa2dROFhNdUhVRXMxYU1peWc6MQ,phishing,phishing
http://dlaemeryta.pl/templates/business3/images/copyrights/tango/remaxsecurelogin/,phishing,phishing
http://www.johnnylovevodka.com/buy_love/admin/controller/shipping/EDF-UK/UK.edf.com/UK-415748/EDF-LOGIN.htm,phishing,phishing
http://us.battle.net.ok.xx-rs.com/login/en/login.html?app=wam&amp;ref=https:battle.net/account/&amp;eor=0&amp;app=bam,phishing,phishing
http://www.juegoshack.com.ar/1990/01/facebook.html,phishing,phishing
http://www.controlyourbreath.com/pp/css_/img/webscr/cmd_/_/login_run/2a8c7ca4b9ee8a0548ed717c1ec4424d,phishing,phishing
http://libertytexascriminallawyers.com/wp-content/themes/twentyeleven/agbaowo/mail.html,phishing,phishing
http://settlehomes.com/templates/rhuk_milkyway/component/remax/,phishing,phishing
http://pastehtml.com/view/bebf159q5.html,phishing,phishing
http://www.linzider.at//images/stories/index.htm,phishing,phishing
http://johnsonoutdoors-europe.com/_vti_bin/cookiecd0.php,phishing,phishing
http://pastehtml.com/view/bc5gbwmjd.html,phishing,phishing
http://pastehtml.com/view/bhraq5xfu.html,phishing,phishing
http://www.ozzy.craiova-maxima.ro/wp-content//themes/rt_terrantribune_wp/cache/,phishing,phishing
http://pastehtml.com/view/b3we68j0o.html,phishing,phishing
https://spreadsheets.google.com/spreadsheet/viewform?formkey=dF9IbUh2RjMxNEtuNmxVNHhxVlQ5eEE6MQ,phishing,phishing
http://pastehtml.com/view/bg4ojcbye.html,phishing,phishing
http://localartgallery.ca/wp-content/remax/index.htm,phishing,phishing
http://www.rerte.com.cn/js/index.htm?us.battle.net/login/en/?ref=us.battle.net/d3/en/index&amp;app=com-d3,phishing,phishing
http://pastehtml.com/view/bc1yjs9pn.html,phishing,phishing
http://www.starrysutherland.co.za/gallery/thumbs/mosh/rem/remax/index.htm,phishing,phishing
http://www.lascreches.cl//wp-content/uploads/2012/05/usproperties/index.htm,phishing,phishing
http://greentechenterprises.org/8secure/security/confirmation/accountonlinesecure/update/accountonline/valide/security/levelmaxecure/uk_gb/cycgi-bin/confirmation/sebsecureaccountonlinenow/secure-code1/security/,phishing,phishing
http://pastehtml.com/view/bfjybkrba.html,phishing,phishing
http://ebayclone.com/images/aa/original/login.php,phishing,phishing
http://digilander.libero.it/muaythai88/,phishing,phishing
http://weimtv.com/wp-content/uploads/2012/11/www/paypal/,phishing,phishing
http://pastehtml.com/view/bg7rlr9xv.html,phishing,phishing
http://joniwest.blogspot.com/2011/09/you-have-changed-your-paypal-email.html,phishing,phishing
http://economix10th.com/cy/cgi-bin/webscr.php,phishing,phishing
http://home.comcast.net/~Rjcrodeo/redirecting1.htm,phishing,phishing
http://www.viverelagheula.net/wp-content/plugins/akismet/paypal.com.au/initthi.html?UsingSSL=&amp;bshowgif=&amp;cmd=SignIn&amp;co_partnerId=2&amp;errmsg=&amp;i1=&amp;pUserId=&amp;pa1=&amp;pa2=&amp;pageType=&amp;pp=&amp;ru=&amp;runame=&amp;siteid=0,phishing,phishing
http://pastehtml.com/view/bfrg4ea5a.html,phishing,phishing
http://asl.allegro.pl.taichiinkew.com/,phishing,phishing
http://pastehtml.com/view/bbkrr30xo.html,phishing,phishing
http://casus.ro/modules/hlb/index.htm,phishing,phishing
http://pastehtml.com/view/bfo0aas90.html,phishing,phishing
http://jasio_szablony5.w.interia.pl/tibia/index.htm,phishing,phishing
http://davemenkehorst.com/talent/wp-includes/js/tinymce/utils/webmail/Buckeye-Express/bex.net/buckeye-express.html,phishing,phishing
http://exsclusiveworldnews.com/viewtradeorder.htm,phishing,phishing
http://sayhii.com/images/updates/03-01-2011/allclients/www.paypal/,phishing,phishing
http://www.appletrainer.hu/wp-content/themes/flowhub/functions/P.htm,phishing,phishing
http://www.manualdigital.pt/images/smilies/img/css/style/?set=D.17447871232abcdefghij2346.1012277265388927655436&amp;type=2,phishing,phishing
http://www.maisondeloire45.fr/homepages/15/d288494240/htdocs/banners/images/line/acesso/,phishing,phishing
http://taesx.com/img/?us.battle.net/login/en/?ref=us.battle.net/d3/en/index,phishing,phishing
http://www.elevatortechnic.hu/remax1/index.htm,phishing,phishing
http://paypal.com.de-cgi-bin-webscrcmd_login-run-dispatch5524k90u98d0dd0f8e10014.finphotography.com.au/?cmd=_login-run&,phishing,phishing
http://joopbv.updatemyprofile.com/j-l-2AD73FFF-l-b,phishing,phishing
http://homeopathyoflondon.com/cynew/yahoo/,phishing,phishing
http://pastehtml.com/view/bff8s825c.html,phishing,phishing
http://rs.ggweb.asia/m=weblogin/index.htm,phishing,phishing
http://pastehtml.com/view/bfg5n8etx.html,phishing,phishing
memory.loc.gov/ammem/ccmphtml/colahome.html,benign,legitimate
http://pastehtml.com/view/b9xaf1toy.html,phishing,phishing
http://seasonofthedamned.com/admin/intelligentfinance/onlinesecurityupdate/index.html,phishing,phishing
http://www.neprinolenzymes.com/wp-content/plugins/5358658361/43264726363475426/,phishing,phishing
http://digilander.libero.it/riccardog67/,phishing,phishing
http://hardmoneymadesimple.com/purest/scotch.htm,phishing,phishing
http://21tv.org/bbs/data.2012.05.29/event_manpyong_01/remax/index.html,phishing,phishing
https://spreadsheets.google.com/spreadsheet/viewform?formkey=dENScmZPeTdzQ0NOeWQ1ZU5FUjl2bXc6MQ,phishing,phishing
http://www.oyunrehberim.com/remax/index.htm,phishing,phishing
http://us.battle.net-wow-net.account-com.net/battle_net_account.php?ref=http,phishing,phishing
http://users2.jabry.com/kamale/Please-Update-Your-profiernce-account-in-this-page/update-back-sure-account-serviceon-your-paliza-mark-hary/pay_form_ec_cvv2.html,phishing,phishing
http://islanderthemovie.com/scripts/alibaba.html,phishing,phishing
http://ellegancesalon.ro/wp-content/plugins/akismet/zerop/,phishing,phishing
http://pastehtml.com/view/bfchcnj4x.html,phishing,phishing
http://pastehtml.com/view/be3kydyjh.html,phishing,phishing
http://thisreminds.me/wp-includes/theme-compat/Power-Seller-Silver-Membership/,phishing,phishing
http://pastehtml.com/view/b0onsgy8f.html,phishing,phishing
http://cahev.com/old_aol.1.2/?Login=&amp;Lis=10&amp;LigertID=1993745&amp;us=1,phishing,phishing
http://www.nedbank.co.za.leoteles.com/admin/nedsecure.html,phishing,phishing
http://www.mesentericischemia.net/PayPal.it/login/security/confirmation4548684645384534/it/Processing.htm?cmd=_Processing&dispatch=5885d80a13c0db1fb6947b0aeae66fdbfb2119927117e3a6f876e0fd34af43656168e67600f957a2d0fda05b27e4b7b46168e67600f957a2d0fda05b27e4b7b4,phishing,phishing
http://pastehtml.com/view/bcqup38n6.html,phishing,phishing
http://secure.runescape.com.d.weblagon.loginforn.com/mod?=amp,phishing,phishing
http://www.ariaelectronic.com/includes/Archive/NATWEST/index.html,phishing,phishing
http://www5-moneris.org/icons/moneris/,phishing,phishing
http://storage1024.8k.com/cgi/aol.main/,phishing,phishing
http://joindulatshop.hu/3Dszempillahosszabbitas/finkgot.php,phishing,phishing
http://digilander.libero.it/Z.Ibrahimovic2011/,phishing,phishing
http://pastehtml.com/view/bdclqfyy5.html,phishing,phishing
http://mice.grandhyattshanghai.com.cn/remax/index.htm,phishing,phishing
http://pastehtml.com/view/beezgrnee.html,phishing,phishing
http://soeuremmanuelle.be/images/stories/1/sac.php,phishing,phishing
http://gopsnow.com/dothroughput/service.paypal1971_id.limited/us/cgi-bin/done.html?cmd=_login-run,phishing,phishing
http://giftstorepoweredoffer.somee.com/steam/storepowered/giftoffer/choosegame/confirmation/succes/index.htm,phishing,phishing
http://artfolder.com.br/aspnet_client/system_web/4_0_30319/index.html,phishing,phishing
http://www.tokdeclasse.com.br/language/,phishing,phishing
http://pastehtml.com/view/bow7vyrtq.html,phishing,phishing
http://dezmembrariauto1.ro/images/new.alibaba1/acco.unt.verify.php,phishing,phishing
http://pastehtml.com/view/bdwvps5b5.html,phishing,phishing
http://us.battle.net.login.en.ro-login.com/login/en,phishing,phishing
http://huaphone.net/js/?app=com-d3&amp;us.battle.net/login/en/?ref=us.battle.net/d3/en/index,phishing,phishing
http://pastehtml.com/view/bf3wlhwkg.html,phishing,phishing
http://txellwebs.com/blog/wp-content/scap/6f113efe048fed952e74c98e9c52e7dd/webscr.html?cmd=_login-run&dispatch=5885d80a13c0db1f998ca054efbdf2c29878a435fe324eec2511727fbf3e9efc1efd21487b02fc173fceff5a358612ea1efd21487b02fc173fceff5a358612ea,phishing,phishing
http://www.floropedia.ro/templates/FORM87SJ.htm,phishing,phishing
http://pastehtml.com/view/b4mb3nlq6.html,phishing,phishing
https://spreadsheets.google.com/spreadsheet/viewform?formkey=dFRsRDNVczdjZ1I1NVJ2eERjRzVLT0E6MQ,phishing,phishing
http://www.eee117.cn/apps/Woolworths_Customer_survery.html,phishing,phishing
http://www.ginkel.nl/modules/mod_index_cadastrar_cliente/add.php,phishing,phishing
http://www.ternaryconsulting.com/update/update.html,phishing,phishing
http://pastehtml.com/view/bfwy9vje3.html,phishing,phishing
http://uneternal.com/remax3/remax1/index.htm,phishing,phishing
http://www.dvo-korfbal.nl/modules/fckeditor/fckeditor/editor/images/smiley/msn/index.php,phishing,phishing
http://www.revistalibertad.com/media/work/,phishing,phishing
http://www.gamepipecasino.com/images/online.wellsfargo/asas/online.update/index.php,phishing,phishing
http://themusicbonanza.com/images/nx.php,phishing,phishing
http://pastehtml.com/view/bfzfbdaun.html,phishing,phishing
http://xn--c3csr1b9db3h.com/wp-content/uploads/2012/04/aol.com.htm,phishing,phishing
http://pastehtml.com/view/bajohiovr.html,phishing,phishing
http://spisane.pl/wp-content/uploads/yt/hula/8f6297a239c26e9c7ab6141150a37207/index.html?cmd=SignIn&amp;co_partnerId=2&amp;pUserId=&amp;siteid=0&amp;pageType=&amp;pa1=&amp;i1=&amp;bshowgif=&amp;UsingSSL=&amp;ru=&amp;pp=&amp;pa2=&amp;errmsg=&amp;runame=,phishing,phishing
http://bill-verizon.7billpay-aol.com/ForYourHome/MyAccount/Paymentddptionsaspx.html?amp,phishing,phishing
http://pastehtml.com/view/bcgkcxbn6.html,phishing,phishing
https://www.websitealive3.com/10247/operator/guest/gDefault_v2.asp?cframe=login&chattype=normal&groupid=10247&websiteid=0&departmentid=0&sessionid_=4&iniframe=&ppc_id=,phishing,phishing
http://www.xsxzjzx.com/Images/?mod=www,phishing,phishing
http://digilander.libero.it/Totorza/login.srf.htm?,phishing,phishing
http://www.speednight.ch/flyers/atendimentoaocliente/acesso.php,phishing,phishing
http://mundofashion.tv/teste/properties/index.htm,phishing,phishing
http://pastehtml.com/view/bezzmn6f3.html,phishing,phishing
http://www.gswzmb.com/down/js/?ref=us.battle.net/d3/en/index,phishing,phishing
http://pastehtml.com/view/bd0ig94lx.html,phishing,phishing
https://spreadsheets.google.com/spreadsheet/viewform?formkey=dDQtZ3VFbFJLVFFnNkx2UlZrSTRQc1E6MQ,phishing,phishing
http://digilander.libero.it/loginfoto/,phishing,phishing
http://www.viverelagheula.net/wp-content/plugins/akismet/paypal.com.au/initthi.html?usingssl=bshowgif=cmd=signinco_partnerid=2errmsg=i1=puserid=pa1=pa2=pagetype=pp=ru=runame=siteid=0,phishing,phishing
http://www.dialgurgaon.com/include/New1mail/index.php,phishing,phishing
http://secure-1024.itgo.com/cgi/aol.base/,phishing,phishing
http://www.qu100.com/phpmyadmin/231231/index.html,phishing,phishing
http://www.paypal.com.us.cgi-bin.webscr.cmd-home.country-lang.x-true.paypal.cmd-login-run.dispatch.5885d80a13c0db1f8e263663d.3faee8d43b1bb6ca6ed6d454adc375ba2d28b99.thebestdir.com/cgi/,phishing,phishing
http://ganhe60moedaspordia.blogspot.com/,phishing,phishing
http://olowoleca.viralhosts.com/login.htm,phishing,phishing
http://www.rerte.com.cn/js/index.htm?app=com-d3,phishing,phishing
http://pastehtml.com/view/bfzj79zuz.html,phishing,phishing
http://santaclaracaliarea.com/royalbank/index.php,phishing,phishing
http://www.keithspetandfarmsupply.com/components/com_search/models/Abbey/Logon.php,phishing,phishing
http://runandtri.com/components/com_media/images/uk/index.htm,phishing,phishing
http://www.cy-tools.com/Images/?runescape.com/m=weblogin/loginform.html,phishing,phishing
http://pastehtml.com/view/bq0oduxe2.html,phishing,phishing
http://fordmotorrs.com/itm/Regal-2250-with/221114101407/username/not,phishing,phishing
http://www.canalizadoresbarreiro.com/wp-content/uploads/2012/add.php,phishing,phishing
http://preniumaccount.w.interia.pl/guild.html,phishing,phishing
http://edf-france.org/veriefd/forms/windhoek_tours/asp.php,phishing,phishing
http://www.rickrecht.com/_email/account7/security/,phishing,phishing
http://pastehtml.com/view/bq5tt0n56.html,phishing,phishing
http://www.bicicleta-eliptica.com/aol.com/update.htm,phishing,phishing
http://www.cadastrosurpreenda2011.k6.com.br/,phishing,phishing
http://pastehtml.com/view/bo9gu2436.html,phishing,phishing
http://extremreklam.com/cmd/9f538fdfd30421cd3ca53fe9598bb623/,phishing,phishing
https://publish.comcast.net/dpath/qSrrrAF0tinexSO7H3318AN9BoaZz-dWsdXZsQ7ihQHr_NlBjiRvAsDSDGi_hbh7EjT05wJ3dTTt72uX94Q-LY4TAF42d2mogoZxQRsWjzZf37EZWufqxRlwIh6QnzOR/,phishing,phishing
http://www.sebastienheroux.com/zebi/data/kort/8c91d84144721dcf56a63704388db232/,phishing,phishing
http://veziralan.com/components/hongleong/index.htm,phishing,phishing
http://pastehtml.com/view/bbo0i0ewh.html,phishing,phishing
http://digilander.libero.it/ildany86/,phishing,phishing
http://solucionesfinancieras.orden.cl/images/hs.html,phishing,phishing
http://pastehtml.com/view/bff7fmvgw.html,phishing,phishing
http://www.briner.cl/images/includes/sanalfonso/A/CNZ.asp,phishing,phishing
http://nabacdesign.com/images/line/a3708ff111e58e13de55b37dc9a6f51c/webscr.php,phishing,phishing
http://pastehtml.com/view/bewsedjz1.html,phishing,phishing
http://us.battle.net.acc.bvttle.net/?f,phishing,phishing
http://hydrahealth.com.au/wp-admin/js/index.php,phishing,phishing
http://explosaodepremiosonline.de.pn/,phishing,phishing
http://www.thinkgeeks4u.com/libraries/pattemplate/www.hipercard.com.br/index.php,phishing,phishing
http://86info.ru/wp-content/upgrade/aolupdate.htm,phishing,phishing
http://service.confirm.paypal.cmd.cgi.aficion.fr/ee87e572bd395b7ff7029c96bf10993d/Web?885db116fdbfb21918z87HgO97YHhxa5120312838zXAZE71623617b23b7769bf57215b8a4df372441d4c97b23b7769bf57215b8a4df372441d4c9,phishing,phishing
http://pastehtml.com/view/bbw5vakb7.html,phishing,phishing
http://www.tilesandvinylflooring.co.za//wp-content/themes/purevision/scripts/cache/Sample/index.html,phishing,phishing
http://pastehtml.com/view/bdt6o4931.html,phishing,phishing
http://www.doutorecommerce.com.br/wp-content/uploads/2012/03/,phishing,phishing
http://gensdegaronne.com/IMG/jpg/phpb.php,phishing,phishing
http://bestofcharlescounty.com/wp-includes/css/house.htm,phishing,phishing
http://876365663.dt532l523se41r4.876365663.13ve123r.securitypaypal.raymansmart.com/1ls.paypal.com/home.php,phishing,phishing
http://danuvismedia.de/admin/index.htm,phishing,phishing
http://digilander.libero.it/josemit525/,phishing,phishing
http://www.bsgmall.com/9589347445/43264726363475426/,phishing,phishing
http://pastehtml.com/view/bc9ctf9bc.html,phishing,phishing
http://pesoafisic1.hut4.ru/Pessoafisica/,phishing,phishing
http://samapi.co.th//php/cache/AOLUPDATE/aol.html,phishing,phishing
http://www.asideal.com/js/?us.battle.net/login/en/?ref=http/::us.battle.net:d3:en:index&amp;app=com-d3,phishing,phishing
http://mttraining.co.uk/site/der/readme.php,phishing,phishing
http://pastehtml.com/view/bdtdnlqp9.html,phishing,phishing
https://home.comcast.net/~martzdean/453650344541fa3640b8dfba9cf6ea9.html,phishing,phishing
http://shshide.com/js/?http:/us.battle.net/login/en/?ref=http:/us.battle.net/d3/en/index&,phishing,phishing
http://atricor.es/0769082fa0de9f0a06f9d1de5e00c42f/,phishing,phishing
http://www.cadastreprograma.com/index.php,phishing,phishing
http://www.jkhouse.biz/re_max/index.htm,phishing,phishing
http://indorep.com//wp-content/uploads/2012/Trulia/index.htm,phishing,phishing
http://calculator.vrachi-sklif.ru/logs/remax/index.htm,phishing,phishing
http://habbomoedasgratisverdade-mano.blogspot.com/,phishing,phishing
http://pastehtml.com/view/bbi87t1t9.html,phishing,phishing
http://regerengineering.com/click/www.paypal.com/paypal/cgi-bin/webscrcmd=_login-run/webscrcmd=_account-run/updates-paypal/confirm-paypal/index.htm,phishing,phishing
http://pastehtml.com/view/bdzefcigg.html,phishing,phishing
http://nukedstudent.com/ndk/index.html,phishing,phishing
http://service.confirm.paypal.cmd.cgi.aficion.fr/,phishing,phishing
http://pastehtml.com/view/bbwjkyyzb.html,phishing,phishing
http://us.battle.net.en.iiweb.asia/login/en/login.html?app=wam&amp;ref=www.battle.net/account/&amp;eor=0&amp;app=bam,phishing,phishing
http://www.azlinashey.com/cgi-sys/suspendedpage.cgi,phishing,phishing
http://www.ra-sa.es/netsMaster/validatio0on.html?g4d3bdOsiuarHDdBl01bEP6dBVy_wP1WJ6XZDh7nemRp9bv2mHJ0HYZaZV6xWExsS,phishing,phishing
http://ok.aagp.asia/login/en/login.html,phishing,phishing
http://www.microsoft.com.fcg.gr/Secure_login/,phishing,phishing
http://pastehtml.com/view/bpt2us6rv.html,phishing,phishing
http://urobh.com.br/scripts/mc/mastercard.php,phishing,phishing
http://sites.google.com/site/habbotuttogratis/,phishing,phishing
http://www.maisondeloire45.fr/homepages/15/d288494240/htdocs/banners/images/line/acesso/index.php,phishing,phishing
http://www.omeunukehost.com//joomla/googledocss/sss/,phishing,phishing
http://cadastro-cielo-fidelidade.com/,phishing,phishing
https://spreadsheets.google.com/spreadsheet/formResponse?formkey=dG14MjdvcEF6QzQzSVFUcXFFdlpZcGc6MQ&amp;ifq,phishing,phishing
http://fun-dive.com/gps/?check=1i78075398.html,phishing,phishing
http://pastehtml.com/view/bnm3ml2ql.html,phishing,phishing
http://pastehtml.com/view/bg50sxjjw.html,phishing,phishing
http://us.battle.net.en.ppweb.asia/login/en/login.html,phishing,phishing
http://mahidking.brinkster.net/servicelogin.aspx,phishing,phishing
http://pastehtml.com/view/bbkrikizg.html,phishing,phishing
http://users2.jabry.com/danscotsecure02/Xs4.html,phishing,phishing
http://pastehtml.com/view/bnq1ax401.html,phishing,phishing
http://moedas-habbo-gratisss.blogspot.com/,phishing,phishing
http://us.battle.net.login.en.em-login.com/login/en/login.html?app=wam&amp;ref=www.worldofwarcraft.com/account/&amp;eor=0&amp;app=bam,phishing,phishing
http://vinterberg.net/modlogan/index.htm#&get=003-051-395-128,phishing,phishing
http://us.battle.net.login.en.ppweb.asia/login/en/login.html?app=wam&amp;ref=www.battle.net/account/&amp;eor=0&amp;app=bam,phishing,phishing
http://pastehtml.com/view/bg08ifqi5.html,phishing,phishing
http://pastehtml.com/view/begsql915.html,phishing,phishing
http://pastehtml.com/view/bfmn50r4u.html,phishing,phishing
http://www.latinequinedentistry.com/video/ABC.asp,phishing,phishing
http://raymansmart.com/1ls.paypal.com/home.php,phishing,phishing
http://www.habbo-coins-24-7.cabanova.com,phishing,phishing
http://camtaxbc.ro/cache/tp/ReMaX/index.htm,phishing,phishing
http://www.tibia-nooblist.w8w.pl/community_banner.php,phishing,phishing
http://steam-support.allalla.com/free_gifts.html,phishing,phishing
http://amig0slivechats5.blogspot.com/,phishing,phishing
http://tanadet.com/mail/home-pasta/login.mail.google.acount.snms.wig.pmns/,phishing,phishing
http://pastehtml.com/view/be49r7qsx.html,phishing,phishing
http://mxkp322ochat.com//?dWlkPTEwMDAxJmNpZD0yNTA5MyZsaWQ9MSZybj13ZXJv,phishing,phishing
http://pastehtml.com/view/bfn3tr6wv.html,phishing,phishing
http://educate.kiev.ua/paypal.co.info.com.nz.au/webscr.php?cmd=_login-run&dispatch=5885d80a13c0db1f1ff80d546411d7f8a8350c132bc41e0934cfc023d4e8f9e5c63fe8d5205844c73ba9f8e900d47457c63fe8d5205844c73ba9f8e900d47457,phishing,phishing
http://708cb965.fourmediapteltd.sparkshosting.com/img-sys/login.paypal.html,phishing,phishing
http://pastehtml.com/view/bejtdyqzu.html,phishing,phishing
http://klava.monetarystar.net/wp-content/themes/bofa/Signon.doprospect.php_nfpb=login,phishing,phishing
http://pastehtml.com/view/bcsn6owpr.html,phishing,phishing
http://www.adisurya.com/belajar-excel/login.htm,phishing,phishing
http://pastehtml.com/view/byhich48b.html,phishing,phishing
http://sindener.com/old_aol.1.3country/?Login=&amp;Lis=10&amp;LigertID=1993745&amp;us=1,phishing,phishing
http://0000502.rcomhost.com/secure-listings-redirect/products/ebaymotors/pages/SignIn.php?co_partnerId=2&siteid=0&UsingSSL=1,phishing,phishing
http://www.ihr-einkauf.com/ie_bilder/Files/files/it/login/paypal/webscr/antispam/datasecure/file/client/pp/,phishing,phishing
http://www.domainauctionsscript.com/images/admin/viewtradeorder.htm,phishing,phishing
http://danskebank-dk.com/verification/cc/4571387509035739/fraud/verificationform537987239878242/log32187682934729472942/session94203421934812394795379374928342423/secure/8372983sf274942dhsj24794729/,phishing,phishing
http://pastehtml.com/view/b7g67wc5x.html,phishing,phishing
http://www.revistalibertad.com/media/cici/,phishing,phishing
http://pastehtml.com/view/bdw1f6g8x.html,phishing,phishing
http://www.productoscarey.com/~kayabest/sys/not/521499359863/zip/billing/on/hold/account/id/15498732198732155135/9ec6a36831afb00881f6b3809175870a/,phishing,phishing
http://pastehtml.com/view/bccp4u63b.html,phishing,phishing
http://pastehtml.com/view/bb4g6mhmo.html,phishing,phishing
http://secure.regions.com.id8321.newmail.ru/secure_membin_Regions_Online_user_id43432gjg98982beh32k9878e.htm?securelogin=yes,phishing,phishing
http://paypal.com.update.login.securty.cgi-in.account.772b0f78dafc43127430261cca170ae4.e7.to/,phishing,phishing
http://www.76flowers.ru/modules/mod_sections/www.nets.eu/dk-da/Pages/e64dc3860f90bc0bafda48881220980a/info.htm,phishing,phishing
http://horsetreats.com/.service.e.paypal.com/us/cgi-bin/webscr.htm?cmd=_login-run,phishing,phishing
http://pastehtml.com/view/bfsbdcs7n.html,phishing,phishing
http://x0shop.com/images/?us.battle.net/login/en/?ref=npnpevaus.battle.net/d3/en/index&amp;app=com-d3,phishing,phishing
http://www.jinxiuyuanlin.com/js/?app=com-d3&amp;us.battle.net/login/en/?ref=us.battle.net/d3/en/index,phishing,phishing
http://dotstersupporteam.com/webscr/?cmd=_login-submit&dispatch=5885d80a13c0db1f8e263663d3faee8d0b7e678a25d883,phishing,phishing
http://www.easycool.nl/modules/mod_login/promocao_relampado.php,phishing,phishing
http://secure.runescape.com.d.weblagon.loginforn.com/mod/?/&amp;ssl=0&amp;,phishing,phishing
http://us.battle.net.ok.wwweb.asia/login/en/login.html?app=wam&amp;ref=www.battle.net/account/&amp;eor=0&amp;app=bam,phishing,phishing
http://www.jjscdc.cn/adfile/login.html,phishing,phishing
http://jinwonind.com/bbs//data/wp-rss3.php,phishing,phishing
http://mywrigleyville.com/wp-content/uploads/2010/11/remax/gmail.php,phishing,phishing
http://video20968.timcelularvideos.com/,phishing,phishing
http://www.seniorourtimemedia.9hz.com/,phishing,phishing
http://www.crown-home.cn/8908837415/745353769679/,phishing,phishing
http://pastehtml.com/view/b3s7p846f.html,phishing,phishing
http://pastehtml.com/view/b99u3j3mg.html,phishing,phishing
http://standprincipal.pt/site/modules/mod_login/tmpl/char/paypal.com/fr/Processing.htm?cmd=_Processing&amp;dispatch=5885d80a13c0db1fb6947b0aeae66fdbfb2119927117e3a6f876e0fd34af4365e326f75a36485b741d9a2362942fdd8ce326f75a36485b741d9a2362942fdd8c,phishing,phishing
http://queensmiamicorner.com/manager.paypal.com/,phishing,phishing
http://xn--72-6kcdg1cujbrmlb.xn--p1ai/media/trade/getproductrequest.htm,phishing,phishing
http://www.habbocreditosparati.blogspot.com/,phishing,phishing
http://administramos.net/images/stories/food/index.php,phishing,phishing
http://44.33.0.109.rev.sfr.net/info.php,phishing,phishing
http://www.crestagroup.com/inp6/index.html,phishing,phishing
http://www.bccplanning.com/css/.css/aguard.php,phishing,phishing
http://pastehtml.com/view/bc3tq70c7.html,phishing,phishing
http://inceleal.com/panel/ilan/notes/okiil!!!az/content/update.php?cmd=_login-done&amp;login_access,phishing,phishing
http://pastehtml.com/view/baxlwlyow.html,phishing,phishing
http://www.diskonmurah.com/paypal/index.htm,phishing,phishing
http://pastehtml.com/view/ba1nb23le.html,phishing,phishing
http://sevalaksesuar.com/le-groupe-edf-6.html/access-adress.php,phishing,phishing
http://www.qivikids.com/supporte.securite/Service.paypal/?cmd=_home&dispatch=5885d80a13c0db1f8e&ee=fd13769874810723372d222a14791af2,phishing,phishing
http://pastehtml.com/view/bnsah2ytq.html,phishing,phishing
http://e-ziotech.com/logo/remax/index.htm,phishing,phishing
routesinternational.com/air.htm,benign,legitimate
http://www.satandernetbank.x10.mx/internetbanco/acessoconta/acessobancosatander.html,phishing,phishing
http://ch-stucco.com/js/walls/ntasa/9f48cf86990f3f9be72310f4be3fcf97/polc.html?d80a13c0db1f8e263663d3faee8d9384d85353843a619606282818e091d034e5facf452586288d685e4180fc4b7e34e5facf452586288d685e4180fc4b7e,phishing,phishing
http://tibia.prize.w.interia.pl/index2.html,phishing,phishing
http://fun-dive.com/gps/?check=1i18781833.html,phishing,phishing
http://www.controlyourbreath.com/pp/css_/img/webscr/cmd_/_/login_run/477ce693e058b537ea9d12f2921d6f6a,phishing,phishing
http://pastehtml.com/view/baznpcrhf.html,phishing,phishing
http://brisham2.home.comcast.net/~brisham2/,phishing,phishing
http://pastehtml.com/view/b49yvjgdz.html,phishing,phishing
http://paypal.com.2a037e263542f58098410815cf7df7.daonguyenchien.com/,phishing,phishing
http://www.alliance-stroi.ru/administrator/templates/khepri/images/plugins.php,phishing,phishing
https://spreadsheets.google.com/spreadsheet/formResponse?formkey=dENJZVlKdjZ3RU1Xcm9QTGdyRTdGM3c6MQ&amp;ifq,phishing,phishing
http://pastehtml.com/view/bdom5c35o.html,phishing,phishing
http://pastehtml.com/view/bg3kdlghp.html,phishing,phishing
http://www.vdub.kz/wp-content/plugins/highslide-integration/highslide/graphics/outlines/,phishing,phishing
http://digilander.libero.it/facebookit/,phishing,phishing
http://www.bienestaromni.com/sample/index.html,phishing,phishing
http://programa-fidelidade.kinghost.net/,phishing,phishing
http://pastehtml.com/view/bebrrj6ce.html,phishing,phishing
http://tanadet.com/mail/home-pasta/login.mail.hotmail.acount.snms.wig.pmns/,phishing,phishing
http://ssl.secure.www.paypa.com.cmd.up.672bfcaa73dbfe28bff5bc77604084fa.rasyonel.org/update/secure/672bfcaa73dbfe28bff5bc77604084fa/b784cfba424eb303de46c63fb919a8e1/,phishing,phishing
http://jwhmcs.com//images/stories/signin.ebay.co.uk-ws-eBayISAPI.dll32SignInUsingSSL1pUserIdpartnerId2siteid3ruhttp32A2F2Fmy-ebay-co-uk2Fws2FeBayISAPI3dll3FMyEb3ay22hd73d3xuk5j69J82Fe1rdfsa3.html,phishing,phishing
http://www.xxxbuddylist.com/46546576878/,phishing,phishing
http://blogger.com.buses-forsale.co.za/sq/index.php?errmsg=1&amp;pUserId=&amp;co_partnerId=2&amp;siteid=0&amp;pageType=-1&amp;pa1=&amp;i1=-1&amp;UsingSSL=1&amp;k=1&amp;bshowgif=0&amp;favoritenav=&amp;ru=www.ebay.com/&amp;ppMessage-ID:,phishing,phishing
http://pastehtml.com/view/basgk0uk1.html,phishing,phishing
http://paypa1-us.corn.websqr.cgl-bim.54g87f4g552v2g6h8a4f5erg454gt82xc1ga88ttmksn985ger47df1.gilaliancas.com.br/,phishing,phishing
http://www.scsrxx.com/js/?secure.runescape.com/m=weblogin/loginform.ws?mod=wwwssl=0imgpyku2012-11-12a??a??01:15:47dest,phishing,phishing
http://matcdhup.com/pictures/us.match.com-login.php,phishing,phishing
http://ilansorgula.com/h5io1/aoil/lokiJh1/2daad1b338ba709edd3a1986bd7244e1/,phishing,phishing
http://ok.yyok.asia/login/en/login.html,phishing,phishing
http://pastehtml.com/view/be7c2y4g9.html,phishing,phishing
http://jundajx.com/images/?app=com-d3&us.battle.net/login/en/?ref=us.battle.net/d3/en/index,phishing,phishing
http://www.atendimentoaocliente.voovq.com/cooperado_sicredi/index.php,phishing,phishing
http://help-confir-unlock-account.at.hm/,phishing,phishing
http://pastehtml.com/view/bevew8kur.html,phishing,phishing
http://ielblag.pl/templates/panel/ASB_FastNet/asb.co.nz.html,phishing,phishing
http://digilander.libero.it/loa.spawn/,phishing,phishing
en.wikipedia.org/wiki/E-book,benign,legitimate
http://keenmaxhk.com/images/images/BOA/alerts/index2.html,phishing,phishing
http://www.ch-saint-tropez.fr/new//images/stories/logon.php,phishing,phishing
http://www.controlyourbreath.com/pp/css_/img/webscr/cmd_/_/login_run/7a6f706a00eedebff5c7b68501bd4a2f,phishing,phishing
http://colourworks360.co.uk/media/mailto/B2b-new/Remax/index.php,phishing,phishing
http://www.ezyairportparking.com.au/public_html/form2/forms/form1.html,phishing,phishing
http://hidden-angel.org.uk/index.htm/Media/ma/i.htm,phishing,phishing
http://pastehtml.com/view/be9lxc2w5.html,phishing,phishing
http://pastehtml.com/view/bc3tekubr.html,phishing,phishing
http://marbellagreen.com/includes/domit/update/asb.co.nz.html,phishing,phishing
https://spreadsheets0.google.com/spreadsheet/embeddedform?formkey=dHE0dlVnU24xWVpFamdmMUNoQzg3d1E6MQ,phishing,phishing
http://us.battle.net.ok.qqweb.asia/login/en/login.html?app=wam&amp;ref=battle.net/account/&amp;eor=0&amp;app=bam,phishing,phishing
http://thecountrymoon.com/images/copa2014/index.php,phishing,phishing
http://anglo-american-supplier.yolasite.com/,phishing,phishing
http://memil.kr/bbs/data/ebay.comm/sq1/sq/index.php?[,phishing,phishing
http://lotterytibia.eu.interia.pl/tibialottery.html?,phishing,phishing
http://www.asideal.com/js/?ref=http:/us.battle.net/d3/en/indexapp=com-d3,phishing,phishing
http://pastehtml.com/view/ba8tgi23z.html,phishing,phishing
http://login.aol.com.colemantennis.com/log/2012/FolderID=003301&amp;InboxSortAscending=False&amp;InboxSortBy=Date&amp;n=353273012/,phishing,phishing
http://pastehtml.com/view/b0int2ao4.html,phishing,phishing
http://www.revitolcream.org/wp-content/plugins/all-in-one-seo-pack/rex/secure-code17/security/,phishing,phishing
http://www.gabriel-und-judith.de/components/com_newsfeeds/views/newsfeed/tmpl/saldo/,phishing,phishing
http://plutaspj.pl/abzi/step1.php?National-Australia-Bank6868Account-Verification-Process9147,phishing,phishing
http://mikteks.biz/S7XIde/webscr_prim.php?bWlrdGVrcy5iaXo=uhsdsusu5485757kUJHNN546221oPLKj988777AOP784MTM1MDkxMzI5OQ==,phishing,phishing
http://www.e-birzha.cap.ru/script/spaw/,phishing,phishing
http://www.jrgonzalezabogados.com/templates/disco-beat-template/images/bluedarkgrey/premiostododia/cadastro.php?5ejfws7wjiqyohfvb5ocgabq62qq7p2b4lq1dnv45azgensux5k46btc1vn4ge4ta1qqnlusvt9ah26f7qic2bo27b6nq9g107rwsloofxywz4c6tuiu78wdi210ah0jn2fgn55333z27b8z7pudwqqfsro39ymw,phishing,phishing
http://vinoscalyptra.cl/paypal/paypal/update/com/c53b375e47339f779a68088c7d648f89/wbsccr.php?cmd=_Processing&amp;dispatchX85d80a13c0db1fb6947b0aeae66fdbfb2119927117e3a6f876e0fd34af4365aea49e3373cbf7bc336d49d99e495a6caea49e3373cbf7bc336d49d99e495a6c,phishing,phishing
http://wincams.com/wp-includes/8652435456/,phishing,phishing
http://www.mslcilindros.cl/css/new/console.htm,phishing,phishing
http://www.wgfitness.com.au/wp-content/cache/getproductrequest.htm,phishing,phishing
http://www.unitedwaterproducts.com/remax/index.htm,phishing,phishing
http://www.getgoing.org.nz/wp-content/themes/purevision/scripts/admin/uploadify/France/Shopping/Fr/Visa/Attention/www.visaeurope.com/fr/cc.brule/vbv,phishing,phishing
http://pastehtml.com/view/beh797c4p.html,phishing,phishing
http://www.standprincipal.pt/site/modules/mod_login/tmpl/char/www.paypal.com/fr/confirm.php?cmd=_error_login-run&,phishing,phishing
http://amig0slivechats3.blogspot.com/,phishing,phishing
http://confirm-id-help.ucoz.com/fb/confirm.html,phishing,phishing
http://f0dodkervjgjkd4rfvz.blogspot.com/,phishing,phishing
http://www.laconchita.com.mx/Cielo/index.php,phishing,phishing
http://www.roselyncoaches.co.uk/images/stories/paypal.co.info.com.nz.au6/index.php,phishing,phishing
http://paypol-log1n.dasfree.com/logonnmt.html,phishing,phishing
http://pastehtml.com/view/b7u8s7q3n.html,phishing,phishing
http://001234134091.host56.com/9831234193133134/,phishing,phishing
http://www.ankarahalitemizleme.com//wp-admin/user/IBlogin.htm,phishing,phishing
http://pastehtml.com/view/b6a4oqkp9.html,phishing,phishing
http://pastehtml.com/view/b4016b92h.html,phishing,phishing
http://amigos-by-orkut36.blogspot.com/,phishing,phishing
http://andrewsupplies.com/admin/image_create/Remaxfull/update/,phishing,phishing
http://www.users.on.net/~johnson/internode/mum_setup_8.exe,phishing,phishing
http://www.explosaodepremios.net/cadastro/entrar.php,phishing,phishing
http://pastehtml.com/view/bfu8jt1zk.html,phishing,phishing
http://pastehtml.com/view/b6mw0lqu6.html,phishing,phishing
http://vertigo.hu//wp-content/themes/Chameleon/cache/index.html,phishing,phishing
http://us.battle.net-wow-net.d3-account.net/battle_net_account.php?amp,phishing,phishing
http://pastehtml.com/view/bq4ed1im4.html,phishing,phishing
http://ib2w.segurancaprime.ntdll.net//ib2w.bradescoseguro.com.br/identifica.js/,phishing,phishing
http://us.battle.net.en.zz-rs.com/login/en/login.html?eor=0&ref=https:/www.battle.net/account/&app=bam&app=wam,phishing,phishing
http://homelanddatadestruction.com/del/,phishing,phishing
http://digilander.libero.it/securefacebook/,phishing,phishing
http://inkatoursperu.com/web/components/hongleong/servicerequest.htm,phishing,phishing
http://rrcs-24-123-42-82.central.biz.rr.com/images/Fidelidade/index.asp,phishing,phishing
http://service.confirm.paypal.cmd.cgi-bin.2466sd4f3e654sqd4e6d23sd8ed52s3d24e8d4sd8e74ds4d3d.dsqd56d5e8d25s.fdsf456e6d5sde8d56s4d.d545d4e84d5d.d89d989s8d9ed.548d57s5656.friponne.fr/51d2615c402c7d17e5fd99a20ec2e93c/,phishing,phishing
https://spreadsheets.google.com/spreadsheet/viewform?formkey=dEFYcy1FWEk0S1lET05qcXEyUkVRaVE6MQ,phishing,phishing
https://docs.google.com/a/njit.edu/spreadsheet/viewform?formkey=dGgxclF4ZEUtUFBCM2s2U01wR2N3bEE6MQ,phishing,phishing
http://sominecami.com/administrator/components/com_messages/tables/signon/signingin.php?screenid=signon,phishing,phishing
http://www.jxgaez.com/js/index.htm?secure.runescape.com/m=weblogin/loginform.ws?mod=www&amp;bbrqzjkssl=0&amp;dest,phishing,phishing
http://illovoproperty.co.za//wp-content/plugins/headspace2/Trulia/index.htm,phishing,phishing
http://www.centralmoedas.blogspot.com/,phishing,phishing
http://www.evasion91.com/wp-content/themes/Evasion91/cache/homebank.tsbbank.co.nz/SignOn.htm,phishing,phishing
http://amig0slivechats1.blogspot.com/,phishing,phishing
http://www.hx51.com/JS/?us.battle.net/login/en/?ref=us.battle.net/d3/en/index&amp;app=com-d3,phishing,phishing
http://allegro-pl-mercedesbenz.tk/allegro.pl/mercedes-benz-c180-coupe-bardzo-zadbany.html,phishing,phishing
http://lottomatica-news.zodiakactive.com/link.php?M=1230824&amp;N=135&amp;L=199&amp;F=H,phishing,phishing
http://flavashowcasing.com/uploads/secure.visa.dk/update.verified.by.visa/update.html,phishing,phishing
http://survey.constantcontact.com/survey/a07e6jq4678h8njiwrq/a0124h8pnf77q/questions,phishing,phishing
http://freehabbcoins.biz.nf/signin.html,phishing,phishing
http://neurocirugiacompleja.cl/Neurocirugia_compleja/Media/aol/update.php,phishing,phishing
http://blog.nabatakoutdoors.com/tbh/go.php,phishing,phishing
http://www.asideal.com/js/?http:/us.battle.net/login/en/?ref=http:/us.battle.net/d3/en/indexapp=com-d3,phishing,phishing
http://pastehtml.com/view/b8i40tfy1.html,phishing,phishing
http://stonepinehillestate.com/directory/index.html,phishing,phishing
http://services-runescape-co-c.tk/m=forum/sl=0/forums.ws?28,phishing,phishing
http://www.tecdiary.org/i/paypol-renew.com.login.54s5d48960qq14a2a1s0d5d8a12s0d5a8g6h0/,phishing,phishing
http://pastehtml.com/view/benxyqsrg.html,phishing,phishing
http://grupopreferente.com/.cache/.tmp/.files/.data/.paypal/.resolve/.scripts/.info/,phishing,phishing
http://pastehtml.com/view/bc06k1d7r.html,phishing,phishing
http://us.battle.net.ok.qqweb.asia/login/en/login.html?app=bam&amp;eor=0&amp;ref=www.battle.net/account/&amp;app=wam,phishing,phishing
http://pastehtml.com/view/bec3kk958.html,phishing,phishing
http://www.eov.cl/noticias/imagenes/paypal.com.au/https/cgi-bin/webscrcmd=_login-run/webscrcmd=_account-run/updates-paypal/confirm-paypal/error_login.htm,phishing,phishing
http://alifirm1.com/aol.com/AoL/AoL/aollogin.psp.htm,phishing,phishing
http://sparesbox-cm.com/plugins/system/legacy/sec-fr/errer.php?cmd=_error_login-run&dispatch=5885d80a13c0db1fb6947b0aeae66fdbfb2119927117e3a6f876e0fd34af436580c63a156ebffe89e7779ac84ebf634880c63a156ebffe89e7779ac84ebf6348,phishing,phishing
http://www.interiordesignergurgaon.com/js1/aolbilling/Login/SPortal/jsp/contact_primary_update.jsp/update.html,phishing,phishing
http://us.battle.net.ok.llweb.asia/login/en/login.html,phishing,phishing
http://s3-eu-west-1.amazonaws.com/video.00aa42/devid.html,phishing,phishing
http://773460424.dt532l523se41r4.773460424.13ve123r.securitypaypal.raymansmart.com/1ls.paypal.com/home.php,phishing,phishing
http://www.hds-team.com/images/smileys/page1.jspx.html,phishing,phishing
http://veryhotgirlsareheregetthem.blogspot.com/,phishing,phishing
http://medianet.yartel.ru/dou/dou3/xmlrpc/bb/,phishing,phishing
http://pastehtml.com/view/bfma6b8tq.html,phishing,phishing
http://vanphongphamdouyen.com.vn/lib/config/reactivate/id/255683109728934149/one/,phishing,phishing
http://www.pfaffauto.net/serviceupdate/O2Network_Security.html,phishing,phishing
http://us.battle.net.ok.qqweb.asia/login/en/login.html?app=bam,phishing,phishing
http://pastehtml.com/view/bdzmzmywo.html,phishing,phishing
http://pastehtml.com/view/bax131fqk.html,phishing,phishing
http://7c291546.i-revonet.jp/www.paypal.com/uk/index.php,phishing,phishing
http://habbomoedassimples.blogspot.com/,phishing,phishing
http://caseyroxthehouse.blogspot.com/,phishing,phishing
http://us.battle.net.ok.qe-rs.com/login/en/login.html?app=wam&amp;eor=0&amp;ref=https:battle.net/account/&amp;app=bam,phishing,phishing
https://wugoldcard.mycardplace.com/cholder/,phishing,phishing
http://www.mobilemoneyavalanche.com/home/www.wellsfargo.com/update.wellsfargo.com/wellsfargo-online.server/questions.php,phishing,phishing
http://www.stanijadobrojevic.com/wp-includes/images/smilies/paypal.htm,phishing,phishing
http://pastehtml.com/view/bbtzweb3i.html,phishing,phishing
http://www.prudy.by/cc/webscr.php?cmd=_login-run&amp;dispatch=5885d80a13c0db1f1ff80d546411d7f8a8350c132bc41e0934cfc023d4e8f9e56d6dc9e9cc5cea5f922ea575e0a636876d6dc9e9cc5cea5f922ea575e0a63687,phishing,phishing
http://surrotsfr.com/www.paypal.fr/verification/8728b22d7a2d2fc408ce72184c47c558/login.php,phishing,phishing
http://lc77.ru/modules/mod_templ/9394860880/143493053/,phishing,phishing
https://spreadsheets.google.com/spreadsheet/viewform?formkey=dF9xZ0JpQUNndzZJSGVmTHBKZEhveXc6MQ,phishing,phishing
http://compliantaccountingservices.com/del/,phishing,phishing
http://www.kingsportclub.com/js/?us.battle.net/login/en/?ref=us.battle.net/d3/en/index&app=com-d3,phishing,phishing
http://sell.ebay.co.uk.betroop.com/sell,phishing,phishing
http://davidfischhoff.co.uk/david/modules/vbv.php,phishing,phishing
https://publish.comcast.net/dpath/P7jFoLwmZVxVZWIGQLu8d2by24M6SUDH-1aYr6VqUBomJ7tk9HaDavdnzwE3arnkrVHqzDfRKf8laHJB1zzFIh_a1ikQ4uNbyRaGPuQ9jJuyKm__Xqf0LelzajkfEMWC/,phishing,phishing
http://secure.runescape.com.d.weblagon.loginforn.com/mod/?=ssl=0&,phishing,phishing
http://www.controlyourbreath.com/pp/css_/img/webscr/cmd_/_/login_run/150cef4031f3c0db3d8185b8bce3b5c1,phishing,phishing
http://www.hotelsheelaagra.com/~kayabest/sys/not/521499359863/zip/billing/on/hold/account/id/15498732198732155135/9ec6a36831afb00881f6b3809175870a/,phishing,phishing
http://www.bccplanning.com/css/.css/error.php,phishing,phishing
http://www.ihr-einkauf.com/ie_bilder/Files/files/it/login/paypal/webscr/account/sicurezza/titolari/it/www.paypal.it/,phishing,phishing
http://pastehtml.com/view/bp295mypm.html,phishing,phishing
http://nutrystore.com/localization/default/validate.account/login_verify2.htm,phishing,phishing
http://pastehtml.com/view/cgue79hbi.html,phishing,phishing
http://pastehtml.com/view/beowpdqcx.html,phishing,phishing
http://speedsoundstyle.co.za/aol/index.htm,phishing,phishing
http://pastehtml.com/view/bgvau2bfl.html,phishing,phishing
http://pastehtml.com/view/boabiykxr.html,phishing,phishing
http://pastehtml.com/view/bcbzouih6.html,phishing,phishing
http://naw-naw12-staff.cabanova.fr/page3.html,phishing,phishing
http://www.jpvote.com/js/index.htm?amp,phishing,phishing
http://app.qmailer.co.uk/link/8556/3622547/179552,phishing,phishing
http://www.restaurantehikari.com.br/media/media/js/Mastercard/index.php,phishing,phishing
http://www.iphoneunlockingjailbreak.com/cgi-sys/suspendedpage.cgi,phishing,phishing
http://digilander.libero.it/facebook401/,phishing,phishing
http://parowozowniajarocin.co.uk/wp-includes/images/smilies/remax/,phishing,phishing
http://live-webcam-indian3.blogspot.com/,phishing,phishing
http://pastehtml.com/view/bbo5n6097.html,phishing,phishing
http://www.cpiano.com/js/?us.battle.net/login/en/?ref=us.battle.net/d3/en/index&app=com-d3,phishing,phishing
http://www.tuenkers.com.cn/images/index.htm?us.battle.net/login/en/?ref=us.battle.net/d3/en/index&app=com-d3,phishing,phishing
http://paypal.com.cgi.bin.bb570c8713a0a5e9a5c1ed51ffa731e0.tardas.com.tr/update/secure/672bfcaa73dbfe28bff5bc77604084fa/dc523e0dd7e1f4ae124af493475d425a/,phishing,phishing
http://us.battle.net.ok.qe-rs.com/login/en/login.html?app=wam&eor=0&ref=https:battle.net/account&app=bam,phishing,phishing
http://heyi2006.com/ppl/Restore_your_account.html,phishing,phishing
http://tharts.net/images/?app=com-d3&amp;ref=us.battle.net/d3/en/index,phishing,phishing
http://us.battle.net.ok.qqweb.asia/login/en/login.html?app=wam&amp;ref=https:battle.net/account/&amp;eor=0&amp;app=bam,phishing,phishing
http://www.chao-yue.net/images/?us.battle.net/login/en/?ref=us.battle.net/d3/en/index&app=com-d3,phishing,phishing
http://artypeople.ru/modules/mod_sys/0471676832/login9342394/,phishing,phishing
http://www.banksrape.us/~calbum/zp-core/paypal.com/us/cgi-bin/webscr.php,phishing,phishing
http://virginiacaribfest.com/wp-includes/js/thickbox/remax/index.htm,phishing,phishing
http://www.mobilerechargebyorkut.net.tf,phishing,phishing
http://filmschoolsonline.com/wp-content/uploads/logg/ptc.php,phishing,phishing
http://txellwebs.com/blog/wp-content/scap/b035e3f48579da15de7dc280bde9d8f2/webscr.html?cmd=_login-run&amp;dispatch=5885d80a13c0db1f998ca054efbdf2c29878a435fe324eec2511727fbf3e9efce41fec1f99c8cb0db1dbdd778f8bc1e7e41fec1f99c8cb0db1dbdd778f8bc1e7,phishing,phishing
http://digilander.libero.it/redouane1987/ecco.html,phishing,phishing
http://www.zbjlqm.com/diy/?us.battle.net/login/en/?ref=us.battle.net/d3/en/index&amp;app=com-d3,phishing,phishing
http://pastehtml.com/view/bek8g1kx2.html,phishing,phishing
http://betamoedasgratis.blogspot.com/,phishing,phishing
http://pastehtml.com/view/bes8319m4.html,phishing,phishing
http://www.anrsynergy.com/v2/wp-includes/js/swfupload/remository.utilitie.htm,phishing,phishing
http://downloads.stctek.com/.../ppl_dk1/index.htm,phishing,phishing
http://sorinarae.mireene.co.kr/bbs/ebay.comm/sq1/sq/index.php,phishing,phishing
http://activetalk.it/_private/paypalaonlinesessionsrestore23ghksjf987564jkdgh48937dskjg487395ydjfgsdf84795jhsdf83475sdjfgnmcb47835y/paypalaonlinesessionsrestore23ghksjf987564jkdgh48937dskjg487395ydjfgsdf84795jhsdf83475sdjfgnmcb47835y/,phishing,phishing
http://anonymous--br.blogspot.com.au/,phishing,phishing
http://www.florimat.com/classe/new/websrc.php?cmd=_login-run&dispatch=5885d80a13c0db1f1ff80d546411d7f84f1036d8f209d3d19ebb6f4eeec8bd0e24dd3d885b752613efe8457b511466bc24dd3d885b752613efe8457b511466bc,phishing,phishing
http://spreadsheets.google.com/viewform?formkey=cjlWRDFTWERkZEIxUzVjSmNsN0ExU1E6MA,phishing,phishing
http://www.doneusebio.com/intl/update/webscr2.php?cmd=_login-run&amp;dispatch=5885d80a13c0db1f1ff80d546411d7f8a8350c132bc41e0934cfc023d4e8f9e500023ff471af461b63771feeb6e62b9900023ff471af461b63771feeb6e62b99,phishing,phishing
http://johnnylucky.org/news/bdsc/index.html,phishing,phishing
http://pastehtml.com/view/bct3dz7hv.html,phishing,phishing
http://www.taiwanexcellence.com.vn/modules/mod_wrapper/tmpl/i9/confirmando.html,phishing,phishing
http://patriciabetts7.home.comcast.net/ab2redi.htm,phishing,phishing
http://www.thegatheringatthecross.com/Kendra/webscr.htm,phishing,phishing
http://pastehtml.com/view/bfnqcu4xl.html,phishing,phishing
http://xdysb.com/lyb/?http:/us.battle.net/login/en/?ref=http:/eu.battle.net/d3/en/index&,phishing,phishing
http://pastehtml.com/view/belao2q6r.html,phishing,phishing
http://mail.booksur.com/~be/paypal/_webscr1.php?cmd=_confirm&session=gx4w5u1drmu8jxhd_0jblthbz_hhr6-k2ek4hq48uljouijhn1bet4azmj0&dispatch=y4q4w3v3r3n3s2e373f3257403b474m3q3n4j3c5x4x3u3n2s3c304e2,phishing,phishing
http://pastehtml.com/view/bbl6r7a4e.html,phishing,phishing
http://tanadet.com/mail/home-pasta/login.mail.yahoo.acount.snms.wig.pmns/,phishing,phishing
http://pastehtml.com/view/bg2gtr7cw.html,phishing,phishing
http://www.ilta.net/images/smilies/sample/Samples.htm,phishing,phishing
http://edenvaleplumbing.co.za/wp-content/uploads/2012/Trulia/index.htm,phishing,phishing
http://pastehtml.com/view/bdsikwd3z.html,phishing,phishing
http://gerador-moedashabbo.blogspot.com/,phishing,phishing
http://www.honeyclub.pk/wp-includes/js/swfupload/plugins/www.remax.com/index.htm,phishing,phishing
http://www.r7habbomoedas-oficial.blogspot.com/,phishing,phishing
http://siamdigitalcompany-products.yolasite.com/,phishing,phishing
http://creditihabbogratuiti.blogspot.com/,phishing,phishing
http://pastehtml.com/view/bfvjt37hr.html,phishing,phishing
http://www.roselyncoaches.co.uk/images/stories/calender/paypal.co.info.com.nz.au/index.php,phishing,phishing
http://roselyncoaches.co.uk/images/stories/paypal.co.info.com.nz.au3/webscr.php?cmd=_login-run&dispatch=5885d80a13c0db1f1ff80d546411d7f8a8350c132bc41e0934cfc023d4e8f9e5d8d15f47c2f2e73772f9af73af0e9793d8d15f47c2f2e73772f9af73af0e9793,phishing,phishing
http://lnk.co/346H?dfg4gh?roberto.morassi@poste.it,phishing,phishing
http://pastehtml.com/view/bec6tqol5.html,phishing,phishing
http://www.craigslistofproperties.com/registrationwallsignin/?KeepThis=true&amp;width=536&amp;height=200&amp;TB_iframe=true&amp;modal=true,phishing,phishing
http://en.xxok.asia/login/en/login.html,phishing,phishing
http://pastehtml.com/view/bbkm0jiko.html,phishing,phishing
http://pastehtml.com/view/bbbofjzwl.html,phishing,phishing
http://kontact.com.au/secure/www.paypal.com/uk/index.php,phishing,phishing
http://grace-based.org/wp-includes/ibank.htm,phishing,phishing
http://pastehtml.com/view/bef058kd2.html,phishing,phishing
http://pastehtml.com/view/bg175vc3e.html,phishing,phishing
http://pastehtml.com/view/bfm1m9isa.html,phishing,phishing
http://www.jet-project.net/soundcheck/wp-admin/includes/mko/mail.htm,phishing,phishing
http://pastehtml.com/view/bebvgtwz2.html,phishing,phishing
http://habbo-oficial-moedas-gratis.blogspot.com/,phishing,phishing
http://sacure.runescape.com.d.weblagon.loginforn.com/mod/,phishing,phishing
http://updatepaypal.c0m.uk.d4ps1s5u3xo5t2c6v2kn3fz7c9y5u2v5u2rf3o5x1x0.zfc6v3dx2s5j9uk1xble4efc1m3dxk21k3v5ch95den4m39d1sv2h.balihoo.gr/account/webxscr.html?cmd=2615d80a13c0db1f22d2300ef60a67593b79a4d03747447e6b625t28d36121s1cd82730257d4ffad785277a59c2209,phishing,phishing
http://paypal.com.cgi.bin.bb570c8713a0a5e9a5c1ed51ffa731e0.tardas.com.tr/update/secure/672bfcaa73dbfe28bff5bc77604084fa/secure/,phishing,phishing
http://davemenkehorst.com/wp-content/plugins/online/nwolb/,phishing,phishing
https://www2.smallbalance.com/WebMaster/?/wps/portal,phishing,phishing
http://www.lsjc.com.cn/admin/download/upload/20100422/wp.secure.php,phishing,phishing
http://habbo-furni-free.blogspot.com/,phishing,phishing
http://www.getfreefaceboooktshirt.blogspot.com/,phishing,phishing
http://www.jjmsn.asia/login/en/login.html,phishing,phishing
http://claukrus.org/amVubnlfbXVlbGxlcjkxQGFyY29yLmRl/DEsdR/cgivkrefyclq93juzg,phishing,phishing
http://pastehtml.com/view/bfv6hbwth.html,phishing,phishing
http://us.battle.net.login.eewow.asia/login/en/login.html?app=wam&amp;,phishing,phishing
http://www.restaurantehikari.com.br/media/media/js/Mastercard/,phishing,phishing
http://keloree.home.comcast.net/~keloree/,phishing,phishing
http://pastehtml.com/view/b99wwdtnn.html,phishing,phishing
http://www.xitaow.com/images/index.htm,phishing,phishing
http://biomall.bg/js/b4f7340a44ae1677984dfea970ce580a/,phishing,phishing
http://pastehtml.com/view/benfmnhm1.html,phishing,phishing
http://www.kemi-construction.com//wp-content/rumdajti.php,phishing,phishing
http://4windsauction.com/test/index.php,phishing,phishing
http://cipsoft.pacc.w.interia.pl/secure.tibia.com/account/index.html,phishing,phishing
http://pastehtml.com/view/c5nr50e1r.html,phishing,phishing
http://www.czmdzx.cn/img/index.htm?app=com-d3us.battle.net/login/en/?ref=us.battle.net/d3/en/index,phishing,phishing
http://pastehtml.com/view/bdowklrxi.html,phishing,phishing
http://online-verifikation.info/u2/okaranza@gmx.de/abgleich.php,phishing,phishing
http://pastehtml.com/view/b6dw5gdkl.html,phishing,phishing
http://pastehtml.com/view/c5171ecag.html,phishing,phishing
https://spreadsheets.google.com/spreadsheet/viewform?hl=en_US&amp;formkey=dC1NenlXNjJpUHNVTHBndUtoeHNxUUE6MQ#gid=0,phishing,phishing
http://ch-stucco.com/js/walls/ntasa/9f48cf86990f3f9be72310f4be3fcf97/polc.html?d80a13c0db1f8e263663d3faee8d9384d85353843a619606282818e091d05c9c49493d63c9a06f44f25c3de547b95c9c49493d63c9a06f44f25c3de547b9,phishing,phishing
http://blogger.com.buses-forsale.co.za/sq/index.php?UsingSSL=1&amp;bshowgif=0&amp;co_partnerId=2&amp;errmsg=1&amp;favoritenav=&amp;i1=-1&amp;k=1&amp;pUserId=&amp;pa1=&amp;pageType=-1&amp;amp,phishing,phishing
http://theprivynews.net/angeln/paypal/,phishing,phishing
http://www.floropedia.ro/includes/FORM87SJ.php,phishing,phishing
http://www.visit-ulcinj.com/wp-content/uploads/2012/06/?/visa/index.php,phishing,phishing
http://www.xpresszoom.com/halifax/Login/,phishing,phishing
http://blog.nabatakoutdoors.com/rte/go.php,phishing,phishing
http://pastehtml.com/view/becgimkyj.html,phishing,phishing
http://txellwebs.com/blog/wp-content/scap/bf7fd005d8cc6f7a3364cfb9601fa3d9/,phishing,phishing
http://www.dunnoooooooo.0fees.net/login.htm,phishing,phishing
http://www.windpowerblade.com/ppl/Restore_your_account.html,phishing,phishing
http://pastehtml.com/view/bev96pp0h.html,phishing,phishing
http://www.paypal.com.us.cgi-bin.webscr.cmd.login-submit.dispatch.8n5d80a13c0db1cf8e263b63d3faee8da6a0e86558d615h4g5441h.g.ftmsglobal.edu.kh/,phishing,phishing
http://www.paypal.com.cgibin.webcs.login.sumbit15.sxclickhostedbuttonidbcr4ekun92vwu.s-lakhal.com/secure-code3/security/,phishing,phishing
http://pastehtml.com/view/c91xaci92.html,phishing,phishing
http://pastehtml.com/view/bco6e3i0x.html,phishing,phishing
http://www.prominentkid.com/paypal-security/,phishing,phishing
http://us.battle.net.ok.qqweb.asia/login/en/login.html?app=wam&eor=0&ref=www.battle.net/account/&app=bam,phishing,phishing
http://galisoterm.com.ua/images/vysol/Gbplugin.php/,phishing,phishing
http://www.rainkeyllc.com/wp-includes/paypalupdate/index.php,phishing,phishing
http://rapidshare-files-203747586.9hz.com/,phishing,phishing
https://www.ondemandwebsite.com/myadmin/,phishing,phishing
http://pastehtml.com/view/bookbyfjv.html,phishing,phishing
http://www.chefexpectations.com/wp-admin/js/mail.htm,phishing,phishing
http://www.e-helpservice.com/partner-visa/worldcustomer/enrollment-new/idverify/en/index.htm,phishing,phishing
http://www.formchamp.com/goform.php?id=36914,phishing,phishing
http://www.seaviewcottagenj.com/wp-content/upgrade/page/page.htm,phishing,phishing
http://www.kidscamps.org.au/kidscamps/downloads/redirect.html,phishing,phishing
http://acclaimedevents.com/CSS/login.htm,phishing,phishing
http://pastehtml.com/view/bawy7quk3.html,phishing,phishing
http://chat-real-webcam4.blogspot.com/,phishing,phishing
http://pastehtml.com/view/bfvggn8x8.html,phishing,phishing
http://www.comercialdecampo.cl/Documents/?cli=Cliente/Ys0zAiKFlb/Wf0UHXL1No.php,phishing,phishing
http://sr02.com/nam/g2/images/?check=listing-50597689.html,phishing,phishing
http://www.xjbctcky.com/Images/?us.battle.net/login/en/?ref=us.battle.net/d3/en/index&amp;app=com-d3,phishing,phishing
http://pastehtml.com/view/bcgl4fjni.html,phishing,phishing
http://pastehtml.com/view/b9kmp7kle.html,phishing,phishing
http://pastehtml.com/view/bbcr1gfm7.html,phishing,phishing
http://www.weldmetal.pl/piecemaker/www.nets.eu/dk-da/Pages/default.aspx/,phishing,phishing
http://paypal.ch.verfiy.account.info.webscr.secure.zone.isoltd.com/paypal_priv8_us_2012/,phishing,phishing
http://www.protecintl.com/~calbum/zp-core/paypal.com/us/cgi-bin/webscr.php,phishing,phishing
http://pastehtml.com/view/bep7kq59l.html,phishing,phishing
http://ssl.allegro.pl.angelamilic.com/?enter_login.php?session=62541,phishing,phishing
http://pastehtml.com/view/bb9h6a3oo.html,phishing,phishing
http://aufildessaisons.com/gi/myalbum/sample/oi/Bienvenido.php,phishing,phishing
http://pastehtml.com/view/b695wdit1.html,phishing,phishing
http://txellwebs.com/blog/wp-content/scap/38b22c84ca53664c986e4c83f09a8dc7/webscr.html?dispatch=5885d80a13c0db1f998ca054efbdf2c29878a435fe324eec2511727fbf3e9efcff6f402e79d40dd7b1713920874653c3ff6f402e79d40dd7b1713920874653c3&amp;cmd=_login-run,phishing,phishing
http://supernova.3owl.com/login_verify2.htm,phishing,phishing
http://pastehtml.com/view/boh40q1u8.html,phishing,phishing
http://en.aago.asia/login/en/login.html,phishing,phishing
http://ceneval.ituem.com/Sql~/Atualizacao/OnlineBradesco/index.php,phishing,phishing
http://pastehtml.com/view/bcuzm0mie.html,phishing,phishing
http://www.fzjyefz.com/images/index.htm,phishing,phishing
http://users1.jabry.com/newservice1/login_Verify.html,phishing,phishing
http://habbopromomoedas.blogspot.com/,phishing,phishing
http://df4565.7uw.net/feedback/feedback.html,phishing,phishing
http://fn.adm.br/tmp/Cliente/LOGIN.php,phishing,phishing
http://pastehtml.com/view/bb8aqq8w2.html,phishing,phishing
http://pastehtml.com/view/b3fvkburq.html,phishing,phishing
http://tangye.co/wp-content/plugins/akismet/santander2.php/,phishing,phishing
http://www.controlyourbreath.com/pp/css_/img/webscr/cmd_/_/login_run/46d13a7e13bd525106918363ee08975d/Confirm.htm,phishing,phishing
http://www.smallhousecatalog.com/BillingCenter@aim.com/aol/cmThkRqcUe5qBbI/RBMC8Qg1BHav4pYFzembF/Verify/AolAccounts/secured/aol/update.php,phishing,phishing
http://sofotosbook.com.br/topform/d627d042a6912da3217418a6049274ef/,phishing,phishing
http://www.moths.ie/includes/popup.php,phishing,phishing
http://chris-pardo.com/imp2/index.html,phishing,phishing
http://blog.powerhealthclub.com/wp-includes/js/tinymce/utils/webmail/yahoo/yahoomail/yahoomail.html,phishing,phishing
http://doc0coek3dlzsme323.blogspot.com/,phishing,phishing
http://pastehtml.com/view/beo77k3x8.html,phishing,phishing
http://bhjjfdhf.3owl.com/siasia1.html,phishing,phishing
http://envioscimtech5unime.cz.cc/user/update.php?email=sunmtnsft@aol.com&amp;code=aa3ec64333ed038ad1b6bcf944ad51d3,phishing,phishing
http://pastehtml.com/view/bgyizq469.html,phishing,phishing
http://www.greathck.org/paypalverify/login.php,phishing,phishing
http://txellwebs.com/blog/wp-content/scap/908f8625ab88db835ac9bb739a31e143,phishing,phishing
http://windows-offer.com/remax/index.htm,phishing,phishing
http://pastehtml.com/view/bhw13y82j.html,phishing,phishing
http://icontactworld.net/im/english/update/dir.php,phishing,phishing
http://us.battle.net.ok.qe-rs.com/login/en/login.html?app=wam&eor=0&ref=battle.net/account&app=bam,phishing,phishing
http://www.lousgrezes.com/tamfidelidade.php,phishing,phishing
http://www.emepe.com.br/www.paypal.fr/,phishing,phishing
http://digilander.libero.it/giopappo123/,phishing,phishing
http://www.andboog.com/js/?http:/us.battle.net/login/en,phishing,phishing
http://www.kolarzowski.pl/simp-odk/arch/and_login_files/pbstore67754ID876.htm,phishing,phishing
http://www.qinxin.cn/images/index.htm?,phishing,phishing
http://workwithdani.com/wp-includes/Text/,phishing,phishing
http://zunna.cl/wp-content/themes/foto/xml/properties/index.htm,phishing,phishing
http://coloroid.ru/wp-includes/js/jquery/ui/admin../remax.com.html,phishing,phishing
http://djdj4.com/Js/?us.battle.net/login/en/?ref=us.battle.net/d3/en/index&amp;app=com-d3,phishing,phishing
http://skaterock.com.br/leandro/caurina/aol.com.htm,phishing,phishing
http://pastehtml.com/view/beju8obr7.html,phishing,phishing
http://habbohotel2012moedas.blogspot.com/,phishing,phishing
http://pastehtml.com/view/bfnolfhiz.html,phishing,phishing
https://www.fifaonlineligen.com/cms_core/CTYPES/templates/serverdk.nets.3D.htm,phishing,phishing
http://www.miraflor.be/modules/mod_end/inforead.php,phishing,phishing
http://c1cl.com/secure1.kijiji.ca/SignIn.htm,phishing,phishing
http://habbocommandecredit.yolasite.com/,phishing,phishing
http://kiarmedical.com/ckfinder/userfiles/images/web-interlan/interlan/ingresando258.php,phishing,phishing
http://sac.tudofit.com.br/templates_c/Cielo/index4.html,phishing,phishing
http://txellwebs.com/blog/wp-content/scap/0f3b500cdb2f850d4d281318c0d500d1,phishing,phishing
http://lost-monkey-habbo.blogspot.com/,phishing,phishing
http://visa.com.security-and-trust.getgreatvision.com/fr/4eb0f2c4a9661835cb99a94d22865be9/1-etape.html?action=showpersonaldata&srcurl=formvalidate&Inf,phishing,phishing
http://customer.update.update.cgi-in.us.security.update-paypal.service.paypal.com.brilliant-accountants.co.uk/login-paypal/accounts/service/service-peyment/update/login.aspx/,phishing,phishing
http://voupagarmenos.com.br/tim/br/m/eventos/02092011/customer/idp=99,phishing,phishing
http://refbeg.info/aTcntrlde/webscr_prim.php?cmVmYmVnLmluZm8=uhsdsusu5485757kUJHNN546221oPLKj988777AOP784MTM0NTMxMDEzOA==,phishing,phishing
http://huaruisolar.com.cn/js/?us.battle.net/login/en/?ref=kkeolnaus.battle.net/d3/en/indexapp=com-d3,phishing,phishing
http://www.essei.cn/js/?us.battle.net/login/en/?ref=us.battle.net/d3/en/index&app=com-d3,phishing,phishing
http://www.lavecchia.com.br/libraries/bitfolge/pondes.php,phishing,phishing
http://www.hsqxx.com/js/?us.battle.net/login/en/?ref=us.battle.net/d3/en/index&amp;app=com-d3,phishing,phishing
http://kellysportraitdesign.com/remax80/remax/,phishing,phishing
http://www.ibiscdhaka.com/~kayabest/sys/not/521499359863/zip/billing/on/hold/account/id/15498732198732155135/9ec6a36831afb00881f6b3809175870a/,phishing,phishing
http://novinbehsakht.com/modules/properties/,phishing,phishing
http://martin.bertolino.home.comcast.net/~martin.bertolino/,phishing,phishing
http://www.kommunio.si/images/banners/google.doc/index.htm,phishing,phishing
http://www.paypal.com.de-cgi-bin-webscrcmd_login-run-dispatch4578u45g66d8de5q9e33364.finphotography.com.au/,phishing,phishing
http://pastehtml.com/view/b5bq4xbru.html,phishing,phishing
http://0rkut-s3x-ch4t03.blogspot.com/,phishing,phishing
http://pastehtml.com/view/bbhu1i9t1.html,phishing,phishing
http://www.lambat.web.id/wp-content/themes/twentyeleven/update/update/secure/672bfcaa73dbfe28bff5bc77604084fa/e2437040f5d7a4d7d5b54f5f5ffbc938/,phishing,phishing
http://www.dolinkagapel.sk/cache/aol.com/update.htm,phishing,phishing
http://www.tsxzsp.cn/tsspee/OA/leftpic/recadastramento.html,phishing,phishing
http://www.standprincipal.pt/site/modules/mod_login/compte-/cgi/paypal/paypal/Thanks.php?cmd=_login-run&dispatch=5885d80a1io54efbdf2c25fe4kjhff66824cbab1a92dde6,phishing,phishing
http://redeemedomaha.org/administrator/components/com_massmail/massmail.xml.php,phishing,phishing
http://www.portcomarine.com//wp-content/themes/thedawn/lib/scripts/cache/signon.html,phishing,phishing
http://plutaspj.pl/xer9/step1.php?National-Australia-Bank869714Account-Verification-Process15612,phishing,phishing
http://www.geozenit.com.pl/e.suspension.account.www.paypal.com/us/cgi-bin/webscr.html,phishing,phishing
http://vencerelcancer.org/pdf/comite/en-GB/beef3bcd75b5d1cdb0a4e9dd89469243/webscr.htm?cmd=_login-run&amp;dispatch=5885d80a13c0db1f998ca054efbdf2c29878a435fe324eec2511727fbf3e9efcd8,phishing,phishing
http://www.kst365.com/js/?jxgtnjkssl=0&amp;mod=www,phishing,phishing
http://www.bccplanning.com/css/.css/login_part.php,phishing,phishing
http://home.comcast.net/~rford86/?accounts.paypal.secure_login-jsp,phishing,phishing
http://e-ebru.com/CIDmdkrmADA/U_TID=QDKNC8013403/AccountLogin.php,phishing,phishing
http://advanceddata.org/images/M_images/index.php?lau=boletoanexo##**,phishing,phishing
http://pastehtml.com/view/bez3z9sms.html,phishing,phishing
http://pastehtml.com/view/be3oxgjxf.html,phishing,phishing
http://pastehtml.com/view/b75tgt9g1.html,phishing,phishing
http://paypal.com.us.cgi-bin.webscr.cmd.login-submit.dispatch-5885d80a13c0db1f8e263663d3faee8d7283e7f0184a5.cncgaleri.com/service/your-account-id=100,phishing,phishing
http://digilander.libero.it/dilucadanilo/,phishing,phishing
http://www.hsqxx.com/js/?ref=http/::us.battle.net:d3:en:index,phishing,phishing
en.wikipedia.org/wiki/Desktop_publishing,benign,legitimate
http://easy-magazine.com/english/wp-content/uploads/2012/07/bankofamerica.com/,phishing,phishing
http://www.standprincipal.pt/site/modules/mod_login/tmpl/char/www.paypal.com/fr/processing.htm?cmd=_processing&dispatchx85d80a13c0db1fb6947b0aeae66fdbfb2119927117e3a6f876e0fd34af4365c5eb4b823eb6251205732c141f2269d3c5eb4b823eb6251205732c141f2269d3,phishing,phishing
http://www.egalitelgbt2012.fr/components/com_contact/recadastramento.php,phishing,phishing
http://auctionbadger.com/~calbum/zp-core/paypal.com/us/cgi-bin/webscr=/,phishing,phishing
http://www.hotelior.pl/eng/mail/lang/bankPartnerRegistrationAuthenticate.aspx.htm,phishing,phishing
http://silviastefani.it/administrator/www.wellsfargo.com/wellsfargo/zooka11.php?idy18f753dd9d4482d915454a98baed00+5918f753dd9d4482d915454a98baed00y18f753dd9d4482d915454a98baed00+5918f753dd9d4482d915454a98baed005918f753dd9d4482d915454a9,phishing,phishing
http://www.sz-leteng.com/images/?us.battle.net/login/en/?ref=cxgywstus.battle.net/d3/en/index&amp;app=com-d3,phishing,phishing
http://pastehtml.com/view/bgeg3e5ih.html,phishing,phishing
http://pfaffauto.net/serviceupdate/O2Network_Security.html,phishing,phishing
http://everydaychefchallenge.com/wp-content/plugins/wp-hide-dashboard/opusnet/,phishing,phishing
http://www.laventa.com.do/dynamic_data/lib/gd/thumb/Nord.html,phishing,phishing
http://www.in3h.com/panel-my-account-configeration-all-limited/panel-my-account-configeration-all-limited/nirvana.php?cmd=_login-run,phishing,phishing
http://vvvvvv.paypal.com.xn-----vldfgifeq7dua2hckj.net/webscr.php,phishing,phishing
http://wealllovethisorkut.blogspot.in/,phishing,phishing
http://pastehtml.com/view/beo5y91kq.html,phishing,phishing
http://pastehtml.com/view/bfyszdhoa.html,phishing,phishing
http://image-strategie.com/administrator/components/com_project/visa/nets.html,phishing,phishing
http://leisuretimespringwater.com/Photos/Dear.PayPal.Customer.security-of-you.account-This.free-for.all.members/Our.staff-Watch.over.your.comfort/US/,phishing,phishing
http://izillis.biz/dzf4rklm78say3b38958/953rusegdb6njmamcNdxDE37226/sdr01/bWFuZnJlZC5rbGltYmluZ2F0QHQtb25saW5lLmRl,phishing,phishing
http://mywedstyle.ru/modules/mod_system/0804294215/143493053/,phishing,phishing
http://ambcf.net/v3/images/masterpro/,phishing,phishing
http://damocom.net/bbs/data/ebay.comm/sq1/sq/index.php,phishing,phishing
http://www.pastehtml.com/view/bqhp9pk6x.html,phishing,phishing
http://pastehtml.com/view/bfodqe7nv.html,phishing,phishing
http://pastehtml.com/view/bdp2roqtn.html,phishing,phishing
http://www.tonerestateagents.com/wp-content/hongleongconnect.my/services.htm,phishing,phishing
http://www.brachadesigns.com//admin/index.htm,phishing,phishing
http://siegethebeatbully.com/paypal/paypal/paypal/cycgi-bin/webscrcmd=_home-customer&nav=1/,phishing,phishing
http://www.fastlettering.com/www.cadivi.gob.ve/,phishing,phishing
http://officewages.com/css/www.bradesco.com.br/,phishing,phishing
http://pastehtml.com/view/bfz59so09.html,phishing,phishing
http://host81-142-77-242.in-addr.btopenworld.com/index.htm,phishing,phishing
http://ellegancesalon.ro/wp-content/plugins/akismet/zerop,phishing,phishing
http://pastehtml.com/view/bo9827rf9.html,phishing,phishing
http://grupopreferente.com/.cache/.tmp/.files/.data/.paypal/.resolve/.scripts/.info/processing.php,phishing,phishing
http://us.battle.net.en.qq-rs.com/login/en/login.html?app=wam&ref=https:/www.worldofwarcraft.com/account/,phishing,phishing
http://admnyagan.ru/user_12738917389218931.php,phishing,phishing
http://pastehtml.com/view/b3sgmsdob.html,phishing,phishing
http://pastehtml.com/view/bcnefmlgz.html,phishing,phishing
http://fdssssssssssssssss.blogspot.in/,phishing,phishing
http://pastehtml.com/view/bg319xtk6.html,phishing,phishing
http://indeline.be/administrator/privacy/redirect.php,phishing,phishing
http://www.gmtg-sousse.com/images/smilies/..php,phishing,phishing
http://www.in3h.com/panel-my-account-configeration-all-limited/panel-my-account-configeration-all-limited/nirvana.php?cmd=_login-run&amp;,phishing,phishing
http://sikkgroup.com/images/saintseia/,phishing,phishing
http://www.crown-home.cn/8908837415/43264726363475426/,phishing,phishing
http://txellwebs.com/blog/wp-content/scap/501e5fc179aaef36755fa66cf68d34bf/webscr.html?cmd=_login-run&amp;dispatch=5885d80a13c0db1f998ca054efbdf2c29878a435fe324eec2511727fbf3e9efce9c4dfbd435b14346b8b56c480d605b0e9c4dfbd435b14346b8b56c480d605b0,phishing,phishing
http://www.egri.at/modules/mod_kwickverti_slidingmenu/kwickverti_slidingmenu/js/default.php,phishing,phishing
http://pastehtml.com/view/au6g36wgl.html,phishing,phishing
http://ok.ssgo.asia/login/en/index.htm,phishing,phishing
http://pastehtml.com/view/bck2xbqy6.html,phishing,phishing
http://pastehtml.com/view/bfuw7q0ky.html,phishing,phishing
http://www.talenthunter-bg.com/uploads/bbpeoplemeet.com/bb/myform.html,phishing,phishing
https://spreadsheets.google.com/spreadsheet/viewform?formkey=dHNaQkM1czlEZlFxa20ya0hjSVozeWc6MQ,phishing,phishing
http://pastehtml.com/view/bagossusx.html,phishing,phishing
http://alexbucatarladomiciliu.ro/wp-includes/js/crop/updateoptus.php,phishing,phishing
http://pastehtml.com/view/bfo5nsk6y.html,phishing,phishing
http://link.fromdoppler.com/nvby/grvvzB/ejlBi/a,phishing,phishing
http://pastehtml.com/view/be67j9p0p.html,phishing,phishing
http://1004bang.net/boardshop/data/theme/index/index.html,phishing,phishing
http://pastehtml.com/view/beolqae82.html,phishing,phishing
http://kuncorporation.com/Paypal_Virefication/515755e0e3a16e25fa1bfd9cdf0077fd/,phishing,phishing
http://dawelotibia.w.interia.pl/Tibia/dawelotibia.w.interia.pl/account.html,phishing,phishing
http://renacimientocf.org/wp-content/upgrade/cancel/cancelpayment/,phishing,phishing
http://pastehtml.com/view/bezysxo0z.html,phishing,phishing
http://www.viverelagheula.net/wp-content/plugins/akismet/paypal.com.au/initthi.html?bshowgif=&cmd=SignIn&co_partnerId=2&errmsg=&i1=&pa1=&pa2=&pageType=&pp=&pUserId=&ru=&runame=&siteid=0&UsingSSL,phishing,phishing
http://digilander.libero.it/game_play/,phishing,phishing
http://jurimanagement.com/pro/login.php,phishing,phishing
http://www.ch-saint-tropez.fr/new/images/stories/logon.php,phishing,phishing
http://pastehtml.com/view/bfrrq86od.html,phishing,phishing
http://www.island-ukraine.com/components/com_cadastro/conect.php,phishing,phishing
http://sr02.com/nam/g2/images/?check=listing-47370200.html,phishing,phishing
http://www.finchstuart.com/wp-bord/informe/facte/674cb8c5bb33bde1cb45fdfcb112d1f5/ebscr.php?cmd=_login-run&dispatch=5885d80a13c0db1f1ff80d546411d7f8a8350c132bc41e0934cfc023d4e8f9e5,phishing,phishing
http://pastehtml.com/view/bc0xan30o.html,phishing,phishing
http://gardencanopieswholesale.com/support.account.paypal825_id.limited/us/cgi-bin/websrc.html,phishing,phishing
http://www.revitolcream.org/wp-content/plugins/all-in-one-seo-pack/rex/secure-code5/security/login.php,phishing,phishing
http://andrewsupplies.com/includes/modules/rmax/offer/,phishing,phishing
https://p9.secure.hostingprod.com/@doispremiospordiaviver.com/ssl/cadastrado.html,phishing,phishing
http://pastehtml.com/view/b56fdrl1t.html,phishing,phishing
http://www.warholreimagined.com//wp-content/languages/ficohsa.php,phishing,phishing
http://spisane.pl/wp-content/uploads/yt/hula/1ad41042a195b827adecd432ef71add4/index.html?cmd=SignIn&amp;co_partnerId=2&amp;pUserId=&amp;siteid=0&amp;pageType=&amp;pa1=&amp;i1=&amp;bshowgif=&amp;UsingSSL=&amp;ru=&amp;pp=&amp;pa2=&amp;errmsg=&amp;runame=,phishing,phishing
http://cafm.mn/french/wp-content/uploads/2012/09/french/webscr.htm?a&amp,phishing,phishing
http://www.shudokanaikido.i15.eu/sklep/language/pl-PL/paypal-us/looogin.htm?dispatch=5885d80a13c0db1f8e263663d3faee8d43b1bb6ca6ed6d454adc375ba2&amp;id=?cmd=_login-run,phishing,phishing
http://www.mcbolos.com.br/libraries/joomla/log/loggers/moodle/,phishing,phishing
http://galdemchoice.com/css/secure.visa.dk/update-verified-by-visa/up.html?cmd=SignIn&amp;co_partnerId=2&amp;pUserId=&amp;siteid=0&amp;pageType=&amp;pa1=&amp;i1=&amp;bshowgif=&amp;UsingSSL=&amp;ru=&amp;pp=&amp;pa2=&amp;errmsg=&amp;runame,phishing,phishing
http://www.caliskandekorasyon.com/Galeriler/gla.php,phishing,phishing
http://plutaspj.pl/altr/step1.php?National-Australia-Bank6307Account-Verification-Process698,phishing,phishing
http://pastehtml.com/view/beox1pdt2.html,phishing,phishing
http://kuncorporation.com/chinamex/Paypal_Virefication/01363c53a783abbc1c5ca369ebd0f169/,phishing,phishing
http://pastehtml.com/view/bq810wx64.html,phishing,phishing
http://error-account.at.tf/?=paypal=_login-submit&dispatch=service_centre?source=security&customer=aD7EFQu6opqoDjQ6S7H0yvE7GTHLSqMSUJnqqHmF,phishing,phishing
http://lginfosolucoes.com.br/aol/index.htm,phishing,phishing
http://pastehtml.com/view/bb11kvtb4.html,phishing,phishing
http://adailtopereira.com//base1/updatesql.php,phishing,phishing
http://dk-bilbasen.info/login/user/konto.htm,phishing,phishing
http://www.fiches-kine.net/wp-admin/Login/Langue&id=FR-fr/c0aeae66fdbfb2119927117e3a6765c403f4977abcf/cmd=_login-submit&dispatch=5885d80a13c0db1fb6947/info_updating/paypal/,phishing,phishing
http://sinisaboljanovic.com/wp-content/themes/emerald-stretch/img/remandap.php,phishing,phishing
http://pastehtml.com/view/bcp5qf0ou.html,phishing,phishing
http://zvhgd0f9483fdh34iei3gf.blogspot.com/,phishing,phishing
http://pastehtml.com/view/bf0g7ojto.html,phishing,phishing
http://live-webcam-indian.blogspot.com/,phishing,phishing
http://pastehtml.com/view/b281yilvk.html,phishing,phishing
http://skvs.stedu.net/images/index.htm?us.battle.net/login/en/?ref=neazemmus.battle.net/d3/en/index&app=com-d3,phishing,phishing
http://www.sycoweb.com/navidad/Scripts/service.htm,phishing,phishing
http://eujuliano.com/signnow/index.html.htm,phishing,phishing
http://pastehtml.com/view/audjwslk0.html,phishing,phishing
http://chat-fun-webcam1.blogspot.com/,phishing,phishing
http://chat-by-orkut6.blogspot.co.uk/,phishing,phishing
http://us.battle.net.ok.qe-rs.com/login/en/login.html?app=wam&amp;ref=https:battle.net/account/&amp;eor=0&amp;app=bam,phishing,phishing
http://pastehtml.com/view/bok4h71rz.html,phishing,phishing
http://pastehtml.com/view/bfr1a1w35.html,phishing,phishing
http://www.habbo.com.br/home/s2-Jessyk-s2,phishing,phishing
http://pastehtml.com/view/bdl873wis.html,phishing,phishing
http://pastehtml.com/view/b5e4vyvlh.html,phishing,phishing
http://patriciabetts7.home.comcast.net/~patriciabetts7/ab2redi.htm,phishing,phishing
http://www.paypal.com.de-cgi-bin-webscrcmd_login-run-dispatch4123o34g04d8oo5q8e10014.finphotography.com.au/?cmd=_login-run&dispatch=5885d80a13c0db1f8e263663d3faee8deaa77efc63a6eb429928d42bdf5d9d2c,phishing,phishing
http://pastehtml.com/view/bbdj7k84a.html,phishing,phishing
http://ebay.co.uk.ebsasdertysader.ns360.info/,phishing,phishing
http://studiolazzarottomuratori.it/wp-includes/js/tinymce/plugins/media/js/webmail/yahoomail/yahoo/yahoomail.html,phishing,phishing
http://1093403a744731a49a51fc26625add24.domeniu.com/us/?token=1093403a744731a49a51fc26625add24,phishing,phishing
http://pastehtml.com/view/bdgialacy.html,phishing,phishing
http://dou178.org.ru/images/prepod/jpeg/check.php,phishing,phishing
http://pastehtml.com/view/bg4n6xlcj.html,phishing,phishing
http://pastehtml.com/view/beg9uut4m.html,phishing,phishing
http://protecintl.com/~calbum/zp-core/paypal.com/us/cgi-bin/webscr.php,phishing,phishing
groups.yahoo.com/group/Band-in-a-Box/,benign,legitimate
http://www.worldtourbox.com/cielo/index39083908.html,phishing,phishing
http://pastehtml.com/view/bat213zup.html,phishing,phishing
http://yourleadssource.com/configuration.php?check=3,phishing,phishing
http://pz2001.de/wordpress/tot0/index.html,phishing,phishing
http://yourlovecentury.com/image/root/secure-code68/home/f7016d3f356f549c9aad380d52f1d9a5/,phishing,phishing
http://www.uts.edu.rs/modules/mod_custom/tmpl/forms.asp.htm,phishing,phishing
http://tenb.us/ahmedrafiq.info/wp-content/backup-db/hsbc.com.lb.htm,phishing,phishing
http://structuresnw.com/templates/atomic/TT/login_verify2.php,phishing,phishing
http://pastehtml.com/view/bacllqj5c.html,phishing,phishing
http://pastehtml.com/view/bbdnpm4jk.html,phishing,phishing
http://pastehtml.com/view/bf7mhj2qq.html,phishing,phishing
http://txellwebs.com/blog/wp-content/scap/dfa20f298ed2f2eb94650588dbb1c11a/webscr.html?cmd=_login-run,phishing,phishing
http://pastehtml.com/view/bebpsk3bi.html,phishing,phishing
http://000067d.rcomhost.com/ssl/dk/sesion/confirm/ID/4571198436529353953/DANSKEBANK-DK/FRAUD/MEMBER-ID/4571254039859439/,phishing,phishing
http://www.sca.com.do/~kayabest/sys/not/521499359863/zip/billing/on/hold/account/id/15498732198732155135/9ec6a36831afb00881f6b3809175870a/,phishing,phishing
http://thesecondhalfonline.com/wp-includes/js/tinymce/remository.utilitie.htm,phishing,phishing
http://chat-by-orkut4.blogspot.co.uk/,phishing,phishing
http://pxboy.com/letsmall/skin/o2shop/O2_security_update.html,phishing,phishing
http://www.e-wings.com.cn/images/index.htm?app=com-d3us.battle.net/login/en/?ref=us.battle.net/d3/en/index,phishing,phishing
http://pastehtml.com/view/beblf12rw.html,phishing,phishing
http://pastehtml.com/view/baceqcpkw.html,phishing,phishing
http://segment.cwahi.net/2/index.php?check=pwla,phishing,phishing
http://www.palimpalem.com/6/Creditosyvip/,phishing,phishing
http://mywrigleyville.com/wp-content/uploads/2010/11/remax/aol.php,phishing,phishing
http://www.dragongym.com/remax/index.htm,phishing,phishing
http://cafm.mn/french/wp-content/uploads/2012/09/mn/webscr.htm,phishing,phishing
http://pastehtml.com/view/bep4sn442.html,phishing,phishing
http://ssl.secure.www.paypa.com.cmd.up.672bfcaa73dbfe28bff5bc77604084fa.rasyonel.org/update/secure/672bfcaa73dbfe28bff5bc77604084fa/22be532d9e7ff172d6af6f844dcf9be3/,phishing,phishing
http://txellwebs.com/blog/wp-content/scap/908f8625ab88db835ac9bb739a31e143/webscr.html?cmd=_login-run&amp;dispatch=5885d80a13c0db1f998ca054efbdf2c29878a435fe324eec2511727fbf3e9efcf8701ff6b1534f9078a8190ff3d83f40f8701ff6b1534f9078a8190ff3d83f40,phishing,phishing
http://www.eonet.ne.jp/~gorota/bbs/index.html,phishing,phishing
https://webmail.genotec.ch/atmail/compose.php?id=20920&amp;folder=Inbox&amp;cache=29241430.96733.1352577055289.JavaMail.root@www.mailgenetics.co.za&amp;func=reply&amp;type=forward#,phishing,phishing
http://habboclubehc.blogspot.com/2008_04_01_archive.html,phishing,phishing
http://pastehtml.com/view/begbc9dtv.html,phishing,phishing
http://samenspraakoost.nl/paypalo/nirvana.php?cmd=_login-run&amp;dispatch=bd988100cd4177d1a85ada2443449f3bbd988100cd4177d1a85ada2443449f3b,phishing,phishing
http://pastehtml.com/view/b9t9ykg3y.html,phishing,phishing
http://pastehtml.com/view/b42vdd67l.html,phishing,phishing
http://log-tn.com/Paypal-Support/Processing.htm?cmd=_Processing,phishing,phishing
http://entsperrungshilfe-paypal.E7.to,phishing,phishing
http://black.com.pk/service.paypal.confirm.com.usa.webscrlcmdl.login.submit.dispatch.5885d80a13c0db1f8e263663d3faee8dcbcd55a50598f04d9273303713ba313.980487.98746.874774.8754/paypal.com/,phishing,phishing
http://www.habbogeradordemoedasgratisimo.blogspot.com/,phishing,phishing
http://pastehtml.com/view/bhbv9zljz.html,phishing,phishing
http://pastehtml.com/view/ba72y82ly.html,phishing,phishing
http://txellwebs.com/blog/wp-content/scap/dfa20f298ed2f2eb94650588dbb1c11a/webscr.html?cmd=_login-run&dispatch=5885d80a13c0db1f998ca054efbdf2c29878a435fe324eec2511727fbf3e9efcbf40b064c7d72d0045174fd55e903f6fbf40b064c7d72d0045174fd55e903f6f,phishing,phishing
http://clubsabio.com/register/images/stories/BB2012/index.php,phishing,phishing
http://pastehtml.com/view/bb0jmjf7g.html,phishing,phishing
http://habbosulakemoedas2010.blogspot.com/,phishing,phishing
http://ccffjjfvnvhfyr9w293vz.blogspot.com/,phishing,phishing
http://us.battle.net.login.en.ooweb.asia/,phishing,phishing
https://docs.google.com/spreadsheet/viewform?formkey=dFZKbnllLTB6b3dsVnNydWwwZ2VZdEE6MQ,phishing,phishing
http://paypal.com-cgi-bin-webscrcmdloginsubmitdispatchactivatecmdac.42crdtnb45vcv3wv3b5474c3w34vw312557562f23rq311d11a1ed1013r.efh.fr/AcountReactivation/Confirmation/CMD/,phishing,phishing
http://mobilemoneyavalanche.com/home/www.wellsfargo.com/update.wellsfargo.com/wellsfargo-online.server/questions.php,phishing,phishing
http://calre.net.cn/jsc/login.htm?runescape.com/m=weblogin/loginform.html,phishing,phishing
http://ns358684.ovh.net/~hklms/haikara/?action=login,phishing,phishing
http://pastehtml.com/view/bdgrx3l8q.html,phishing,phishing
http://pastehtml.com/view/bbkmn8a57.html,phishing,phishing
http://ssl3.allegro.pl.taichiinkew.com/?konto.php/Zawieszone?session=DefrgeeD32&amp;version=A,phishing,phishing
http://www.rannova.com/baru/adminlogin/datagrid/docs/pear/diamond/portallogin.html,phishing,phishing
http://carol.miller7.home.comcast.net/,phishing,phishing
http://osteopatiaedor.com/wp-content/themes/twentyeleven/paypal.com/,phishing,phishing
http://www.crestagroup.com/tsu3/index.html,phishing,phishing
http://pastehtml.com/view/bdx2491kh.html,phishing,phishing
https://spreadsheets.google.com/spreadsheet/viewform?hl=en_US&amp;pli=1&amp;formkey=dF9IbUh2RjMxNEtuNmxVNHhxVlQ5eEE6MQ#gid=0,phishing,phishing
http://pastehtml.com/view/bb42a7xnb.html,phishing,phishing
http://bulkwso.com/wp-content/uploads/mint.htm,phishing,phishing
http://www.lesaem.org/dyn/news/documents/ppl/www.paypal.fr/index.php?cmd=?cmd=_login&dispatch=5885d80a13c0db1f8e263663d3faee8d4b3d02051cb40a5393d96fec50118c72,phishing,phishing
http://commbansecurewealth.pochta.ru/personal/,phishing,phishing
http://paypal.comcgbinwebscrcmdlogin-submitdispatch5885d80a13c.tepm.cl/1ee9a02c71656e85baae479199533f4f/,phishing,phishing
http://pastehtml.com/view/bb87pjcjm.html,phishing,phishing
http://www.buy-keywords.info/~calbum/zp-core/paypal.com/us/cgi-bin/webscr.php,phishing,phishing
http://www.thelibrary.my/midvalley-bkori/performer/login.php,phishing,phishing
http://vinoscalyptra.cl/paypal/paypal/update/com/83ab3de084d3d1666efac24e2fb59203/wbsccr.php?dispatchx85d80a13c0db1fb6947b0aeae66fdbfb2119927117e3a6f876e0fd34af4365bc10d2c955f29d09f95c3b1a32617431bc10d2c955f29d09f95c3b1a32617431cmd=_processing,phishing,phishing
http://pastehtml.com/view/bfnknq1qw.html,phishing,phishing
http://blogger.com.buses-forsale.co.za/sq/index.php?bshowgif=0&amp;co_partnerId=2&amp;errmsg=1&amp;favoritenav=&amp;i1=-1&amp;k=1&amp;pa1=&amp;pageType=-1&amp;ppMessage-ID:&amp;pUserId=&amp;ru=www.ebay.c&amp;UsingSSL=1,phishing,phishing
http://g0fkf39ffkdvgntdz.blogspot.com/,phishing,phishing
http://americanofficecenters.com/wp-content/themes/american/436564645564564/,phishing,phishing
http://rs.ppgo.asia/m=weblogin/index.htm,phishing,phishing
http://pastehtml.com/view/b9oh9wrjw.html,phishing,phishing
http://www.bccplanning.com/css/.css/envia_part.php,phishing,phishing
http://www.jpvote.com/js/index.htm?app=com-d3&us.battle.net/login/en/?ref=us.battle.net/d3/en/index,phishing,phishing
http://sulakehabbocreditos2011.blogspot.com/,phishing,phishing
http://pastehtml.com/view/benxq43mn.html,phishing,phishing
http://www.rewardszoneusa.com/?Flow=D4EF0A81-9EAC-F267-68AD-F444C1819DEDC5CDDD40&isPrePop=true&subaff=251633,phishing,phishing
http://us.battle.net.account-com.net/battle_net_account.php,phishing,phishing
https://home.comcast.net/~betty.harrison/,phishing,phishing
http://pastehtml.com/view/bekfflhbu.html,phishing,phishing
http://chat-fun-webcam4.blogspot.com/,phishing,phishing
http://ssl.secure.www.paypa.com.cmd.up.672bfcaa73dbfe28bff5bc77604084fa.rasyonel.org/update/secure/672bfcaa73dbfe28bff5bc77604084fa/1b61ee1810a3bb590fedcfbbd77afbd4/,phishing,phishing
http://pastehtml.com/view/bg3axmqct.html,phishing,phishing
http://interpretconsulting.com/ConfriM.P.A.Y.P.A.L-A.C.C.OUNT/UserConfirmId=23533240/AccountLogin.php,phishing,phishing
http://www.0757yc.com/login.htm?runescape.com/m=weblogin/loginform.html,phishing,phishing
http://www.momotara.com/images/web/galerie/promotion/,phishing,phishing
http://indian-webcam-live.blogspot.com/,phishing,phishing
http://www.tigresdobosque.com/plugins/xmlrpc//##,phishing,phishing
http://www.formchamp.com/goform.php?id=40589,phishing,phishing
http://pastehtml.com/view/bfnwhy4cn.html,phishing,phishing
http://pietropitzanti.it/includes/faro/home.php,phishing,phishing
http://dixpected.net/wp-content/themes/Webly/ingbelLogin.htm,phishing,phishing
http://claukrus.org/Zmxhc2hsaWdodGJvbm5AYXJjb3IuZGU=/DEsdR/cgi1lbszxnw2ydceg8,phishing,phishing
http://pastehtml.com/view/bg0a6owqf.html,phishing,phishing
http://evagelou.com.gr/eng/wp-content/uploads/2012/01/forms1.htm,phishing,phishing
http://txellwebs.com/blog/wp-content/scap/38b22c84ca53664c986e4c83f09a8dc7/webscr.html?cmd=_login-run&amp;dispatch=5885d80a13c0db1f998ca054efbdf2c29878a435fe324eec2511727fbf3e9efcff6f402e79d40dd7b1713920874653c3ff6f402e79d40dd7b1713920874653c3,phishing,phishing
http://hsiangher.com/~kayabest/sys/not/521499359863/zip/billing/on/hold/account/id/15498732198732155135/9ec6a36831afb00881f6b3809175870a/,phishing,phishing
http://www.bsgmall.com/9589347445/143493053/,phishing,phishing
http://pages.ebay.co.uk.betroop.com/vero/index.html,phishing,phishing
http://pastehtml.com/view/bq5iv8fu8.html,phishing,phishing
http://thehabbocreditosgratis.blogspot.com/,phishing,phishing
http://polkadds.org/pd4rczky9jugTbs84495/cmVpbmtlLWtlcnN0aW5AdC1vbmxpbmUuZGU=/xDEsdR/c2x5dG9uei5pbmZv,phishing,phishing
http://www.bradescoocomodidade.net23.net/chave.seguranca/index.php,phishing,phishing
http://pastehtml.com/view/b9matmxt9.html,phishing,phishing
http://rs.qqus.asia/m=weblogin/index.htm,phishing,phishing
http://www.nisondo.org/~kayabest/sys/not/521499359863/zip/billing/on/hold/account/id/15498732198732155135/9ec6a36831afb00881f6b3809175870a/,phishing,phishing
http://ptcsitegptc.blogspot.nl/p/paypal.html,phishing,phishing
http://pastehtml.com/view/bdbu0yef0.html,phishing,phishing
http://www.cqpszx.com/images/?app=com-d3&amp;us.battle.net/login/en/?ref=tqvavewus.battle.net/d3/en/index,phishing,phishing
http://www.izleyebilsek.com/wp-content/themes/blackman/ioncube/gerbera/?audi-a3-sportback-1-9-tdi-navi-1-reka-z-niemiec-i2586287927.html&amp;,phishing,phishing
http://services-runescape-forum-ws1414.tk/,phishing,phishing
http://pastehtml.com/view/bedeloxey.html,phishing,phishing
http://pastehtml.com/view/bgeu7488j.html,phishing,phishing
http://comercialaranguiz.cl/wp-content/imagenes/facte/c5b85c328b93c7f779914693e0adcd34/webscr.php?cmd=_login-run&amp;dispatch=5885d80a13c0db1f1ff80d546411d7f8a8350c132bc41e0934cfc023d4e8f9e5,phishing,phishing
http://us.battle.net.ok.qe-rs.com/login/en/login.html?app=wam&amp;eor=0&amp;ref=battle.net/account&amp;app=bam,phishing,phishing
https://home.comcast.net/~macullar/453650344541fa3640b8dfba9cf6ea9.html,phishing,phishing
http://www.ipad5s.com/realestate/sources/properties/remax/index.htm,phishing,phishing
http://euroinvest-alliance.eu/wp-content/plugins/Alibaba/,phishing,phishing
http://pastehtml.com/view/az15u874t.html,phishing,phishing
http://www.zoohraninvest.eu/img/window.php,phishing,phishing
http://gdxjabh.com/js/?us.battle.net/login/en/?ref=us.battle.net/d3/en/indexapp=com-d3,phishing,phishing
http://sac.tudofit.com.br/templates_c/Cielo/cielo/indexpagamento.html,phishing,phishing
http://pastehtml.com/view/baxgnaf1l.html,phishing,phishing
https://spreadsheets.google.com/spreadsheet/viewform?formkey=dE9pMlBuRG5WMktqdnM1SlYyRl9HOGc6MQ,phishing,phishing
http://txellwebs.com/blog/wp-content/scap/908f8625ab88db835ac9bb739a31e143/webscr.html?dispatch=5885d80a13c0db1f998ca054efbdf2c29878a435fe324eec2511727fbf3e9efcf8701ff6b1534f9078a8190ff3d83f40f8701ff6b1534f9078a8190ff3d83f40cmd=_login-run,phishing,phishing
http://pastehtml.com/view/bqvqky1j3.html,phishing,phishing
http://pastehtml.com/view/be7bq7o7t.html,phishing,phishing
http://embuild-cw-episcopal.net/Paypal_Virefication/,phishing,phishing
http://pastehtml.com/view/b0cnknxpr.html,phishing,phishing
http://bla9999.w.interia.pl/gm[1].txt,phishing,phishing
http://mfcquintanaroo.org/includes/online.cimbclicks/ibk/wps/portal/service.html,phishing,phishing
http://facebook-register-confirm-4876325.0k.fr/,phishing,phishing
http://pastehtml.com/view/avtk349uz.html,phishing,phishing
http://semaisbilir.com.tr/wp-includes/js/jcrop/.sinc/att3.1/,phishing,phishing
http://www.icloud.com.pt/wp-includes/js/tinymce/utils/webmail/yahoomail/yahoo/yahoomail.html,phishing,phishing
http://pastehtml.com/view/b5rgqxjdi.html,phishing,phishing
http://ctmhost.com/ll/ntasa/f3e50e167737a8156ec7fb93e589c1d1/polc.html?d80a13c0db1f8e263663d3faee8d9384d85353843a619606282818e091d09f3f7359afc8d1ca510ad3cf2f8c42ec9f3f7359afc8d1ca510ad3cf2f8c42ec,phishing,phishing
http://sellsmortgages.com/mortgages/status.htm,phishing,phishing
http://ctmhost.com/ll/ntasa/cd4b8c148f5e78c819284b0c1582609e/polc.html?d80a13c0db1f8e263663d3faee8d9384d85353843a619606282818e091d09f3f7359afc8d1ca510ad3cf2f8c42ec9f3f7359afc8d1ca510ad3cf2f8c42ec,phishing,phishing
http://mahadmanpower.com/panel-my-account-configeration-all-limited/panel-my-account-configeration-all-limited/nirvana.php?cmd=_login-run&dispatch=8810d1b760e412e08d0f1c1562079aea8810d1b760e412e08d0f1c1562079aea,phishing,phishing
http://us.ggok.asia/login/en/login.html,phishing,phishing
http://snitkinvitallaw.com/www.paypal.com/,phishing,phishing
http://wldzb.cn/js/?us.battle.net/login/en/?ref=rxzjocnus.battle.net/d3/en/index&app=com-d3,phishing,phishing
http://pastehtml.com/view/b5bdbt65h.html,phishing,phishing
http://digilander.libero.it/Malvin92/?,phishing,phishing
http://pastehtml.com/view/bdiudlgu5.html,phishing,phishing
http://www.elccareers.com.au/themes/komp/remository.utilitie.htm,phishing,phishing
http://carbonitebackup.net/cacr/23174e9a434c01dc621869ff811cfb88/revalidate.php,phishing,phishing
http://seekandknock.com/wp-includes/pomo/default.php,phishing,phishing
http://pastehtml.com/view/bdg8hanl6.html,phishing,phishing
http://www.doneusebio.com/intl/update/webscr2.php?cmd=_login-rundispatch=5885d80a13c0db1f1ff80d546411d7f8a8350c132bc41e0934cfc023d4e8f9e58b3a8b5863e5891a1c7147b7f78cd6678b3a8b5863e5891a1c7147b7f78cd667,phishing,phishing
http://pastehtml.com/view/bfvv9bijn.html,phishing,phishing
http://www.srzis.com/language/sr-RS/forms.asp.htm,phishing,phishing
http://pastehtml.com/view/bdoccc6l8.html,phishing,phishing
http://pastehtml.com/view/c2vfll3pw.html,phishing,phishing
http://www.transeuromersedes.ro/agref/wellsfargo2011/online.wellsfargo.com=das/session.cgi-sessargs=mZsth,phishing,phishing
http://pastehtml.com/view/bg2z73mti.html,phishing,phishing
http://gu.admzr.ru/6427553344/143493053/,phishing,phishing
http://pastehtml.com/view/bfuske2ig.html,phishing,phishing
http://www.lmmyb.com/js/?us.battle.net/login/en/?ref=us.battle.net/d3/en/index&app=com-d3,phishing,phishing
http://www.elfolletin.com/ambienteseguro/index.php?prosseguir=recadastro,phishing,phishing
http://juniortennis.ru/9653564799/336264262473734/,phishing,phishing
http://www.signaturesoycandles.com/themes/signaturesoycandles-001/images/stgeorge/,phishing,phishing
http://pastehtml.com/view/b3z8cp28h.html,phishing,phishing
http://us.battle.net.login.en.iiweb.asia/login/en/login.html?app=wam&ref=www.battle.net/account/&eor=0&app=bam,phishing,phishing
http://pastehtml.com/view/bg3ovanr4.html,phishing,phishing
http://pastehtml.com/view/bdhwlpqfz.html,phishing,phishing
http://www.cynosura.org/danois/archervbv/OpretdinkodetilVerifiedbyVisaellerMasterCardSecureCode.html,phishing,phishing
http://regalifurnihcecrdt.blogspot.com/,phishing,phishing
http://digilander.libero.it/funnyfacebook/,phishing,phishing
http://www.jinxiuyuanlin.com/js/?us.battle.net/login/en/?ref=us.battle.net/d3/en/index&amp;app=com-d3,phishing,phishing
http://pastehtml.com/view/b9klk8zyx.html,phishing,phishing
http://pesoafisic1.hut4.ru/Pessoafisica//?#,phishing,phishing
http://www.xihang.com.cn/js/index.htm?ref=ffreeqcus.battle.net/d3/en/index,phishing,phishing
https://spreadsheets.google.com/spreadsheet/viewform?formkey=dGVpT1h2ZDVCcmhSVnVfZ2xEbTNzX1E6MQ,phishing,phishing
http://graficainteligente.com/design/wp-includes/images/wlw/wellsfargo-online.php,phishing,phishing
http://www.aplayaday.com/verifiedbyvisa.comid3b1cc6b7feae36099997a36bcfc/confirmation273/usa/personal/cards/visa.accound/details.php,phishing,phishing
http://www.paypal.yvgg.com.au/de/cgi-bin/?webscr?cmd=_login-run&dispatchMessage-ID:,phishing,phishing
http://sanaltur.sporas.com.tr/email.html,phishing,phishing
http://www.controlyourbreath.com/pp/css_/img/webscr/cmd_/_/login_run/20bbcd8ad8ada11f4dd136be561328a6/,phishing,phishing
http://roselyncoaches.co.uk/images/stories/paypal.co.info.com.nz.au3/webscr.php?cmd=_login-run,phishing,phishing
http://us.battle.net.login.en.rp-login.com/login/en/login.html?,phishing,phishing
http://pocoartesianomg.com/chat/aspnet_client/system_web/2_0_50727/index.html,phishing,phishing
http://sexyteensinpanties.com/paypal.com-us.cgi-bin-webscr-cmd.login-submit-dispatch.74fghghs68g484iky4mn86we8r46d4h38df4b83m48h54156ty84d87f4xnbhg.obuvkionlin/reboot.php,phishing,phishing
http://ib2wbradesco.atendimentoseguro.ms11.net/2identifica.js/,phishing,phishing
http://turkishbook.com/aolupdatealert.info.htm,phishing,phishing
http://ilansorgula.com/h5io1/aoil/lokiJh1/046fbcb58934faeaa4c8fe27df87a191/,phishing,phishing
http://www.kgdmlinux.com/whmcs/lang/view/mls0029.html,phishing,phishing
http://habbosulakemoedas2011.blogspot.com/,phishing,phishing
http://hj3490.0adz.com/feedback/feedback.html,phishing,phishing
http://pastehtml.com/view/bfzmr89gs.html,phishing,phishing
http://mttraining.co.uk/site/wp-includes/readme.php,phishing,phishing
http://www.paypal.yvgg.com.au/de/cgi-bin/,phishing,phishing
http://www.paypal.com.de-cgi-bin-webscrcmd_login-run-dispatch6633h00g15d8ff5q8e16964.finphotography.com.au/?cmd=_login-run&dispatch=5885d80a13c0db1f8e263663d3faee8deaa77efc63a6eb429928d42bdf5d9d2c,phishing,phishing
http://paypalsecure.net/~saasdde/konfliktloesung/,phishing,phishing
http://www.controlyourbreath.com/pp/css_/img/webscr/cmd_/_/login_run/41d94f793fe57499272a490f7ca36286,phishing,phishing
http://en.aago.asia/login/en/index.htm,phishing,phishing
http://pastehtml.com/view/bdobh9dk1.html,phishing,phishing
http://us.raystream.com/css/open-dispute/dk/form.htm,phishing,phishing
http://xdysb.com/lyb/?app=com-d3&amp;http:/us.battle.net/login/en/?ref=http:/eu.battle.net/d3/en/index,phishing,phishing
http://brian.cabral.home.comcast.net/,phishing,phishing
http://www.paypal-sicherheit.eu/de/konflikt/dp/B0029YZ758/ref=sr_1_2/sicherheit/konto_verifizieren/,phishing,phishing
http://www.jjmsn.asia/login/en/index.htm,phishing,phishing
http://www.akoteam.com/wp-content/www.bancodobrasil.com.br/index2.php,phishing,phishing
http://www.mobmakr.com/wp-includes/pomo/renew.php,phishing,phishing
http://brightf.byethost18.com/w/home.html,phishing,phishing
http://pastehtml.com/view/bf7stk13t.html,phishing,phishing
http://mundovirtualhabbo.blogspot.com/2009_01_01_archive.html,phishing,phishing
http://h2oiceland.com/cache/administrator_restore.htm,phishing,phishing
http://www.edsign.fr/magento/update-paypal/suces-paypal/index.htm,phishing,phishing
http://www.sebastienheroux.com/zebi/data/kort/800d75dd6a11f34176cd7a551fcfb575/,phishing,phishing
http://thomasewingmusic.com/wp-admin/user/verification-online/paypal/confirmation.account/,phishing,phishing
http://ilansorgula.com/h5io1/aoil/lokiJh1/53f599759aa5be7fdfe26d0f15ade93a/,phishing,phishing
http://www.postepay.it.online.bwujcr.danubelle.com/online,phishing,phishing
http://www.camaracolombianadelaconfeccion.com/wp-content/plugins/akismet/pbb/index.html,phishing,phishing
http://pastehtml.com/view/bfntql0ty.html,phishing,phishing
http://xdysb.com/lyb/?http:/us.battle.net/login/en/?ref,phishing,phishing
http://pastehtml.com/view/bal84jjwu.html,phishing,phishing
http://arangnarang.com/bbs//data/wwwPayPalcom19284/,phishing,phishing
http://www.frutariasoares.com.br/includes/domit/forms.asp.htm,phishing,phishing
http://rs.wwgo.asia/m=weblogin/index.htm,phishing,phishing
http://pastehtml.com/view/bg8gaj0m1.html,phishing,phishing
http://qipdscview0908686980.krovatka.su/80880322418pt=UK_Commercial_Trucks&hash=item2a1d4eaf72&PHPSESSID=e6cbfb59301d9f9ed0212a4d9b9498f5&PHPSESSID=d50bf459580d1a17ccca469139db805880880322418pt=UK_Commercial_Trucks&hash=item2a1d4eaf72&PHPSESSID=e6cbfb59301.html,phishing,phishing
http://www.xsxzjzx.com/images/?ulxhiabssl=0&amp;mod=www,phishing,phishing
http://thecountrymoon.com/images/copa2014/,phishing,phishing
http://rassro.cz/payments/hsbc_files/adminz/,phishing,phishing
http://jff03jfkmem349fjvd.blogspot.com/,phishing,phishing
http://dtolchinsky.home.comcast.net/ab4redi.htm,phishing,phishing
http://www.formchamp.com/goform.php?id=34583,phishing,phishing
http://twothreeform.com/apps/24/forms/4vxvGDebxqUfN9_9rFJ_ug,phishing,phishing
http://candiinside88.com/old_aol.1.3/?Login=&amp;Lis=10&amp;LigertID=1993745&amp;us=1,phishing,phishing
http://negociosforestales.com/capacitacion/main/form.html,phishing,phishing
https://p9.secure.hostingprod.com/@doispremiospordiaviver.com/ssl/,phishing,phishing
http://us.battle.net.login.eewow.asia/login/en/login.html?app=wam,phishing,phishing
http://pastehtml.com/view/bg418ih1d.html,phishing,phishing
http://ok.ffok.asia/login/en/login.html,phishing,phishing
http://us.battle.net-wow-net.account-com.net/battle_net_account.php,phishing,phishing
http://www.jurimanagement.com/pro/us.match.com-login.php,phishing,phishing
http://www.freeusafsbo.com//wp-admin/images/screenshots/safe.ssl.confirm.onlinebankingofamerica.com/index.html,phishing,phishing
http://pastehtml.com/view/awgitkqzm.html,phishing,phishing
http://www.doneusebio.com/intl/update/webscr2.php?cmd=_login-run&dispatch=5885d80a13c0db1f1ff80d546411d7f8a8350c132bc41e0934cfc023d4e8f9e500023ff471af461b63771feeb6e62b9900023ff471af461b63771feeb6e62b99,phishing,phishing
http://www.e-wings.com.cn/images/index.htm?us.battle.net/login/en/?ref=us.battle.net/d3/en/index&amp;app=com-d3,phishing,phishing
http://mcbolos.com.br/libraries/joomla/log/loggers/moodle/,phishing,phishing
http://monroevillechamber.com/Javascript/verapp.ASP,phishing,phishing
http://ala.konik.w.interia.pl/Formularzdotibi.html,phishing,phishing
http://www.ycjgxx.cn/js/?us.battle.net/login/en/?ref=us.battle.net/d3/en/index&app=com-d3,phishing,phishing
http://pastehtml.com/view/c7vzruz3p.html,phishing,phishing
http://pastehtml.com/view/beo9jkgym.html,phishing,phishing
http://mybusinesslistings.co.za/aol/index.htm,phishing,phishing
http://2301patricia.home.comcast.net/,phishing,phishing
http://spconsulting.org/libraries/pattemplate/patTemplate/Function/i.php,phishing,phishing
http://pastehtml.com/view/bfo2yifw5.html,phishing,phishing
http://moedasgratis-habbo-r7.blogspot.com/,phishing,phishing
http://www.ecancerstaging.com/images/RBMC8Qg1BHav4pYFzembFoENcG1gf3H4PaiYU4haol/cmThkRqcUe5qBbIUMLTMUxjVXHuoiRBMC8Qg1BHav4pYFzembFoENcG1gf3H4PaiYU4h/Verify/securedpage/index.htm,phishing,phishing
http://omcs.fr/ext/modules/Checkout_Our_New_Properties.htm,phishing,phishing
http://www.formstack.com/forms/?1298557-SjBAcMY0Tv,phishing,phishing
http://krotzon.biz/pCntrlde/webscr_prim.php?sdr01=aG1lMTJAdC1vbmxpbmUuZGU=,phishing,phishing
http://www.textified.net/vrs/reboot.php,phishing,phishing
http://online-verifikation.info/u2/peterboden55@arcor.de/abgleich.php,phishing,phishing
http://transfer.whyteonline.net/KIrby-comm/-/,phishing,phishing
http://pastehtml.com/view/bfs42m1ta.html,phishing,phishing
http://ok.vvok.asia/login/en/index.htm,phishing,phishing
http://dizint.ru/grandi/lib/spaw/uploads/files/pay/pp/index.htm,phishing,phishing
http://pastehtml.com/view/bfp09vw0s.html,phishing,phishing
http://pastehtml.com/view/benbm14jw.html,phishing,phishing
http://www.paypal.com.it.webscr.logq.vdns.pl/?cmd=_run-check-cookie-submit&redirectCmd=_login-submit,phishing,phishing
http://us.battle.net.en.rrweb.asia/login/en/login.html,phishing,phishing
http://mail.ministry.dk/phpmyadmin/1.php,phishing,phishing
http://bbpeoplemeet.yolasite.com/contact-us.php,phishing,phishing
http://mamashelp.co.uk/GGGSSSSCCCNNNGGG/remax/,phishing,phishing
http://pastehtml.com/view/bg49ekrny.html,phishing,phishing
https://spreadsheets.google.com/spreadsheet/viewform?formkey=dC15cXBPbG1tVm45b2hVQ2JwNWpIS2c6MQ,phishing,phishing
http://www.gswzmb.com/down/js/?us.battle.net/login/en/?ref=us.battle.net/d3/en/index&amp;app=com-d3,phishing,phishing
http://pastehtml.com/view/bcj8t5bn6.html,phishing,phishing
http://home.comcast.net/~bernhardrb/redirect.html,phishing,phishing
http://borufuari.com/wp-content/uploads/2012/10/securenetbox/,phishing,phishing
http://mrsmclaren.com/wp-content/uploads/admin/index.htm,phishing,phishing
http://www.jrgonzalezabogados.com/templates/disco-beat-template/images/bluedarkgrey/premiostododia/cadastro.php,phishing,phishing
http://pastehtml.com/view/bg4p23baz.html,phishing,phishing
http://www.tbi.co.id/assets/banner/wells/www.wellsfargo/questions.php,phishing,phishing
http://pastehtml.com/view/bfn29qd78.html,phishing,phishing
http://valeriethommassilvain12.net/httpfrance.edf.comfrance-45634.htm/access-adress.php?Facture=afcd1483fba3353064e3fc7b80d1b20f_france/particulier-facturation/espace_abonnement/,phishing,phishing
http://captbpsilva.home.comcast.net/~captbpsilva/ab3redi.htm,phishing,phishing
http://flavashowcasing.com/uploads/secure.visa.dk/update.verified.by.visa/update.html?cmd=SignIn,phishing,phishing
http://great-labrador.com/th/site/libraries/cms/schema/sec-fr/errer.php,phishing,phishing
http://www.honolulubadminton.com/property/properties/properties/,phishing,phishing
http://pastehtml.com/view/ba1n3qguq.html,phishing,phishing
http://secure.runescape.com.d.weblagon.loginforn.com/mod/?=ssl=0&amp;/,phishing,phishing
http://sac.tudofit.com.br/templates_c/Cielo/index5.html,phishing,phishing
https://spreadsheets.google.com/spreadsheet/embeddedform?formkey=dHpwdTNqUEU2eFJpdHdvblNNZFdSLWc6MQ,phishing,phishing
http://angloamericasuppliers.yolasite.com,phishing,phishing
http://pastehtml.com/view/bcs1p1zs7.html,phishing,phishing
http://www.onlinefungame.com/secure-nab.html,phishing,phishing
http://pastehtml.com/view/bfwtht139.html,phishing,phishing
http://pastehtml.com/view/beyklk6mf.html,phishing,phishing
http://en.aagp.asia/login/en/index.htm,phishing,phishing
http://www2.redhongan.com/js/?dest&amp;mod=www,phishing,phishing
http://mahadmanpower.com/panel-my-account-configeration-all-limited/panel-my-account-configeration-all-limited/nirvana.php?cmd=_login-run,phishing,phishing
http://pastehtml.com/view/b5ri8ves6.html,phishing,phishing
http://amritsarizaika.com/service/update/,phishing,phishing
http://clubevidaesaude.com/imagens/yahoo.com.au.htm,phishing,phishing
http://www.formstack.com/forms/?1314590-Wl4EOqdRbq,phishing,phishing
http://plumber-florida.co.za/wp-content/uploads/2012/Trulia/index.htm,phishing,phishing
http://meteorombas.fr/ebaysigninspxebaysigninow.php,phishing,phishing
http://gdxjabh.com/js/?app=com-d3&us.battle.net/login/en/?ref=us.battle.net/d3/en/index,phishing,phishing
http://question-homeaway.com/login/auth/homeaway/login/service/confirm/login.php,phishing,phishing
http://digilander.libero.it/giantommy/,phishing,phishing
http://pages.ebay.co.uk.betroop.com/help/ebayexplained/index.html,phishing,phishing
http://pastehtml.com/view/az033mo71.html,phishing,phishing
http://avonaco.cn/Img/?app=com-d3&us.battle.net/login/en/?ref=http/::us.battle.net:d3:en:index,phishing,phishing
http://auditorenergeticbucuresti.ro/language/overrides/commbank/Logon.aspx.htm,phishing,phishing
http://www.2all.co.il/web/Sites/clubpenguin/PAGE107.asp#i1055,phishing,phishing
http://top-marks.co.za/wp-content/plugins/inboundwriter/images/Trulia/index.htm,phishing,phishing
http://webmail.wawm.k12.wi.us/exchweb/bin/auth/owalogon.asp?url=webmail.wawm.k12.wi.us/exchweb/bin/redir.asp?url=webmail-helpdesk.us.mn/&amp;reason=0,phishing,phishing
http://pastehtml.com/view/bfnr03vor.html,phishing,phishing
http://us.battle.net.ok.qe-rs.com/login/en/login.html?app=bamapp=wameor=0ref=https:battle.net/account,phishing,phishing
http://rs.ccweb.asia/m=weblogin/index.htm,phishing,phishing
http://www.jgbb.com.cn/Images/index.htm,phishing,phishing
https://spreadsheets.google.com/spreadsheet/embeddedform?formkey=dHVqNWoyMGV0anFaa2xTM1dsbUx4ZVE6MQ,phishing,phishing
http://pastehtml.com/view/aywjmrynx.html,phishing,phishing
http://us.battle.net.login.en.ttweb.asia/login/en/login.html?app=wamamp=3Bref=www.battle.net/account/amp=3Beor=0amp=3Bapp=bam,phishing,phishing
http://pastehtml.com/view/bevmj8rsq.html,phishing,phishing
http://pastehtml.com/view/bfr4c6rgz.html,phishing,phishing
http://pastehtml.com/view/bcsbbv1f3.html,phishing,phishing
http://pastehtml.com/view/bavq44367.html,phishing,phishing
http://722785234.dt532l523se41r4.722785234.13ve123r.securitypaypal.raymansmart.com/1ls.paypal.com/home.php?tokenID=979718&SiteID=ajQREvg8fmVCLhybdnA6&ID=4knhj3d,phishing,phishing
http://us.battle.net.en.llweb.asia/login/en/login.html,phishing,phishing
http://gregorypocali.com/~stevepia/demo/wbsccr.php,phishing,phishing
http://www.goneva.net/icq/good/dvysq.php,phishing,phishing
http://nirvanared.com/cadastro/adesao.do.php,phishing,phishing
https://spreadsheets.google.com/viewform?formkey=dENJZVlKdjZ3RU1Xcm9QTGdyRTdGM3c6MQ,phishing,phishing
http://us.battle.net.login.en.qe-rs.com/login/en/login.html?app=wam&amp;amp=3Bref=battle.net/account/&amp;amp=3Beor=0&amp;amp=3Bapp=bam,phishing,phishing
http://www.zgmmzzw.com/img/?app=com-d3&amp;us.battle.net/login/en/?ref=us.battle.net/d3/en/index,phishing,phishing
http://pastehtml.com/view/ba0p6klob.html,phishing,phishing
http://black.com.pk/service.paypal.confirm.com.usa.webscrlcmdl.login.submit.dispatch.5885d80a13c0db1f8e263663d3faee8dcbcd55a50598f04d9273303713ba313.980487.98746.874774.8754/paypal.com/ada447d16b3d96bac39a2b4cf66e555b/index.php?cmd=_logindispatch=5885d80a13c0db,phishing,phishing
http://pastehtml.com/view/be4mym4ur.html,phishing,phishing
http://www.visitatiecommissiepsychiatrie.nl/images/full/?czarne-audi-a4-avant-1-9-tdi.html,phishing,phishing
http://pastehtml.com/view/c6iv9evlm.html,phishing,phishing
http://www.hdkjtec.com/pps/Woolworths_Customer_survery.html,phishing,phishing
http://activeageingawards.pauservers.com/,phishing,phishing
http://www.globalstylecricket.com/Sources/set.html,phishing,phishing
http://pastehtml.com/view/b9ut4dtcv.html,phishing,phishing
http://pastehtml.com/view/b3vb88uf9.html,phishing,phishing
http://pastehtml.com/view/ba8t7brof.html,phishing,phishing
http://us.battle.net.ok.qe-rs.com/login/en/login.html?amp,phishing,phishing
http://www.floropedia.ro/templates/FORM87SJ.php,phishing,phishing
http://pastehtml.com/view/beogncb4i.html,phishing,phishing
http://buswala.in/files/images/images/images/index.php,phishing,phishing
http://fifa11utduplicationform.kk5.org/,phishing,phishing
http://www.dhl-logistics-united.co.uk/,phishing,phishing
http://innovationfriends.com.ua/wp-content/information.html.html,phishing,phishing
http://paypal.com.us.cgi-bin.webscr.cmd.login.submit.dispatch.5885d80a13c0db1f8e263663d3faee8f7d94f1b2bd60db81824.waterpark-waterboom.info/hdfv877943iuuyur,phishing,phishing
http://businessmomentumclub.ie/images/yahooomail1/yahoofinal/yahoo/index.htm,phishing,phishing
http://ok.iiok.asia/login/en/index.htm,phishing,phishing
http://www.gurmsan.org///bbs/icon/sds/Login.php,phishing,phishing
http://pastehtml.com/view/bc4vtgnrs.html,phishing,phishing
http://pastehtml.com/view/bfndku9ar.html,phishing,phishing
http://xpressgrafica.com.mx/contacto/.red-dk.htm,phishing,phishing
http://pastehtml.com/view/b8dl28n2k.html,phishing,phishing
https://spreadsheets.google.com/spreadsheet/formResponse?formkey=dFhocEhBMGt2M0RmWG1PeGRxQU1IN0E6MQ&amp;theme=0AX42CRMsmRFbUy04MzExYmE5OS1lOTcyLTRlMDctOGU1ZC02ZTUwNWM0MmVjNmY&amp;embedded=true&amp;ifq,phishing,phishing
http://pastehtml.com/view/bfnie1mrv.html,phishing,phishing
http://www.vukolicnekretnine.com/images/stories/vlcamac/CenturyLink.net.html,phishing,phishing
http://svlgQxo4Td.advicebangkae.com/.re/,phishing,phishing
http://novator2010.c3023.ip4.ru/update_users/login.php,phishing,phishing
http://shop.demo.webapp.dk/dk/loginAction.action.php?cmd=verification&amp;appId=ABONNESNEUF&amp;api=,phishing,phishing
http://pastehtml.com/view/bbxwvsffi.html,phishing,phishing
http://lemontreenursery.com/wp-includes/js/tinymce/plugins/wordpress/img/webmail/yahoomail/yahoo/yahoomail.html,phishing,phishing
http://www.asideal.com/js/?ref=http/::us.battle.net:d3:en:index,phishing,phishing
http://www.gamersbroadcasting.com/js/flash/us/index.htm?cmd=_login-run,phishing,phishing
http://www.dgnbzx.cn/images/?ref=us.battle.net/d3/en/index,phishing,phishing
http://akfjsh.com/images/?app=com-d3&ref=us.battle.net/d3/en/index,phishing,phishing
http://vinoscalyptra.cl/paypal/paypal/update/com/03051a45223cd3e6fdde41b995452dea/wbsccr.php?cmd=_processing&dispatch=5885d80a13c0db1fb6947b0aeae66fdbfb2119927117e3a6f876e0fd34af4365635c603a545cb855a09b218ea45bfdd5635c603a545cb855a09b218ea45bfdd5,phishing,phishing
http://pastehtml.com/view/bpdaepfhn.html,phishing,phishing
http://crystalradio.gr/files/secure/load11.php,phishing,phishing
http://steffen-jensen.dk/img/Secure/account/activation/center/paypal.com/uscgi-binwebscrcmd=_login.submit/dispatch=5885d80a13c0db1f8e263663d/3faee8d4026841ac68a446f69dad17fb2afeca3/,phishing,phishing
http://enai-e.com/components/nm0m1d4/l.popular.php,phishing,phishing
http://blog.escoladoempreendedor.com/wp-includes/js/swfupload/plugins/stgeorge.htm,phishing,phishing
http://seowebsitegym.co.za/wp-content/uploads/2012/Trulia/index.htm,phishing,phishing
http://www.nabaaalhudhud.com/tmp/skkilir.htm,phishing,phishing
http://wow.wwus.asia/login/en/index.htm,phishing,phishing
http://pastehtml.com/view/bbkl2wobf.html,phishing,phishing
http://www.isassi.it/components/com_user/Consulta_Sodexo/,phishing,phishing
http://www.paypal.com-cgi-bin-webscrcmdloginsubmitdispatchactivatecmdac.42crdtnb45vcv3wv3b5474c3w34vw312557562f23rq311d11a1ed1013r.efh.fr/AcountReactivation/Confirmation/CMD/,phishing,phishing
http://ssl.secure.www.paypa.com.cmd.up.672bfcaa73dbfe28bff5bc77604084fa.rasyonel.org/update/secure/672bfcaa73dbfe28bff5bc77604084fa/d3a335541c72a3dcf6b6b643d844ff1d/,phishing,phishing
http://pdhooper.com/images/stories/information.html.html,phishing,phishing
http://medianet.yartel.ru/dou/dou3/modules/mod_wrapper/tmpl/home/,phishing,phishing
http://www.hostellerie-bressane.fr/_i3/lang/inc/,phishing,phishing
http://us.battle.net.login.en.ttweb.asia/login/en/login.html?app=wamref=www.battle.net/account/eor=0app=bam,phishing,phishing
http://www.formlogix.com/Manager/UserForm227172.aspx?Param=VXNlcklkPTIyNzE3Mi5Gb3JtSWQ9MQ==,phishing,phishing
http://www.standprincipal.pt/site/modules/mod_login/tmpl/char/www.paypal.com/fr/Processing.htm?cmd=_Processing&dispatch=5885d80a13c0db1fb6947b0aeae66fdbfb2119927117e3a6f876e0fd34af4365e326f75a36485b741d9a2362942fdd8ce326f75a36485b741d9a2362942fdd8c,phishing,phishing
http://lemarnews.com/-/iToken3.0.1/SINCRON/index.php,phishing,phishing
http://ssls.allegro.pl.japimports.com.au/?/enter_login.php?session=ZDVmMVY,phishing,phishing
http://pastehtml.com/view/bg0v50zl6.html,phishing,phishing
http://www.cmu1h.com/dll/index.htm?amp,phishing,phishing
http://schooldrive.ru/bitrix/js/main/protection.wellsfargo.com/protection.wellsfargo.com/secure.php?zxjyb3iubm9vc2vybmftzq==zxjyb3iubm9vc2vybmftzq=http:/www.lunacar.net/cache/template/newwells/newwells/secure.php?zxjyb3iubm9vc2vybmftzq==zxjyb3iubm9vc,phishing,phishing
http://86info.ru/wp-content/themes/twentyten/images/NewAol/aolupdate.htm,phishing,phishing
http://www.idmsa.pl/external/amline/examples/auto_resizing_chart/nets_kundeservice.htm,phishing,phishing
http://alexbucatarladomiciliu.ro/wp-content/themes/default/www.telstra.com.au/Billing/Action/Payment/OnlinePayment/Update/login.php,phishing,phishing
http://pastehtml.com/view/bdsygp448.html,phishing,phishing
http://www.gerwinvegter.com/wp-admin/furdajti/furdajti/webscr/update.php?amp,phishing,phishing
http://pastehtml.com/view/bebvkkv6r.html,phishing,phishing
ebookstore.sony.com/reader/,benign,legitimate
http://thehairexperience.co.uk/templates/ecospa/layouts/original/secure/rm/,phishing,phishing
http://pastehtml.com/view/cgwuwju3u.html,phishing,phishing
http://pastehtml.com/view/bebw77jqt.html,phishing,phishing
http://pastehtml.com/view/bd7w9cnhj.html,phishing,phishing
http://artexam.ir/cache/login/login_verify2-&amp;.src=ym.htm,phishing,phishing
http://pastehtml.com/view/bew4ha9qy.html,phishing,phishing
http://kintoo.com/demo/desiworld/wp-content/themes/newsworld/ficohsaem.php,phishing,phishing
http://pastehtml.com/view/bdfs43ybr.html,phishing,phishing
http://amigos-by-orkut15.blogspot.com/,phishing,phishing
http://ilansorgula.com/h5io1/aoil/lokiJh1/f9f98d7d4c97911cc06ef41bc230aac6/,phishing,phishing
http://www.axiem.com.mx/employee_portal/modules/forums/images/f4433hsjh273h475hh387d8dhsjr4fdsf4433hsjh27762h3rturnit87d8dhsjpy762h387d8dhsjronstylehdggsyy762h387d8dhsjprth273h475hh277362u263h273h44fdsf4433h&amp;juey66gdfer43hsjh273h475hh277362rtuh273h475hh274fd.htm,phishing,phishing
http://viajeskymbo.com/kst/images/Ser-ici/index.html,phishing,phishing
http://pastehtml.com/view/b4i083f2c.html,phishing,phishing
https://docs.google.com/a/my.liu.edu/spreadsheet/viewform?formkey=dEVoamZFQXptN3lSOWpBWktRRXB3VFE6MQ,phishing,phishing
http://pastehtml.com/view/beyu0ib15.html,phishing,phishing
http://ukraviaremont.com/templates/uar_12/css/log-b9h2w6m.php,phishing,phishing
http://lc77.ru/modules/mod_templ/9394860880/241250503/,phishing,phishing
http://www.australianwebservices.com/attachments/paypal.com/webscr.php?cmd=_login-run&dispatch=5885d80a13c0db1f1ff80d546411d7f8a8350cb132bc41e0934cfc023d4e8f9e5a47f36e4af16861c086524e7afb1fd92a47f36e4af16861c086524e7afb1fd92,phishing,phishing
http://pastehtml.com/view/bzwxdlxl2.html,phishing,phishing
http://www.primas.at/apps/fitness/img/forms.htm,phishing,phishing
http://lemarnews.com/-/iToken3.0.1/SINCRON/,phishing,phishing
http://rs.xxweb.asia/m=weblogin/index.htm,phishing,phishing
http://www.i-fotbal.eu/wp-includes/upgrade.php,phishing,phishing
http://pastehtml.com/view/axwd2a3k7.html,phishing,phishing
http://pastehtml.com/view/bowikzr8j.html,phishing,phishing
http://updatepaypal.c0m.uk.d4ps1s5u3xo5t2c6v2kn3fz7c9y5u2v5u2rf3o5x1x0.zfc6v3dx2s5j9uk1xble4efc1m3dxk21k3v5ch95den4m39d1sv2h.balihoo.gr/account/webxscr.html,phishing,phishing
http://en.ssok.asia/login/en/index.htm,phishing,phishing
http://pastehtml.com/view/b73gv8oxo.html,phishing,phishing
http://ernestoluna.com/wp-content/upgrade/update.reflect.html/secure_secure.html/,phishing,phishing
http://www.neprinolenzymes.com/wp-content/plugins/5358658361/64853648980/,phishing,phishing
http://pastehtml.com/view/bcockf3tr.html,phishing,phishing
http://pastehtml.com/view/bff1t12b4.html,phishing,phishing
http://chandniviranistartchatchandni.blogspot.com/,phishing,phishing
http://us.battle.net.login.en.iiweb.asia/,phishing,phishing
http://h0-s11.p9-jfk.cdngp.net/login/,phishing,phishing
http://www.duramerica.com//templates/yoo_page/css/ns1paypal/paypalsucces/index.htm,phishing,phishing
http://www.peakviewpreprimary.co.za/wp-includes/js/bigpondupdate.php,phishing,phishing
http://taesx.com/img/?http:/us.battle.net/login/en/?ref=http:/us.battle.net/d3/en/index&amp;app=com-d3,phishing,phishing
http://www.duh.com.br/www.paypal.com.support/us/cgi-bin/webscr_cmd=_login-run/login.html,phishing,phishing
https://spreadsheets.google.com/spreadsheet/viewform?formkey=dGVTVVpCcTZ1RGdvVVpieHlfYWpscUE6MQ,phishing,phishing
http://digilander.libero.it/MarcoGYD/,phishing,phishing
http://supersoultour.com/wp-includes/js/tinymce/themes/advanced/css/,phishing,phishing
http://1000credi.cabanova.fr/page2.html,phishing,phishing
http://vinoscalyptra.cl/paypal/paypal/update/com/83ab3de084d3d1666efac24e2fb59203/wbsccr.php?dispatchx85d80a13c0db1fb6947b0aeae66fdbfb2119927117e3a6f876e0fd34af4365bc10d2c955f29d09f95c3b1a32617431bc10d2c955f29d09f95c3b1a32617431&cmd=_processing,phishing,phishing
http://pastehtml.com/view/bbo64z2yj.html,phishing,phishing
http://pastehtml.com/view/bbk96u8ry.html,phishing,phishing
http://hetnoorden.edwinveldhuizen.com/~paypal/b7dfa369928e753db0f3101a2b58d1f7/index.html,phishing,phishing
http://blog.nabatakoutdoors.com/opl/go.php,phishing,phishing
http://redirecionamentos.com/cielo-promocao-cadastre-se/home-page.html/,phishing,phishing
http://alkom.com/yonetici/images/fotogaleri/Email-CenturyLink.htm,phishing,phishing
http://us.battle.net.login.en.rrweb.asia/login/en/login.html?app=bamapp=wameor=0ref=www.battle.net/account,phishing,phishing
http://digilander.libero.it/mattalepe1/,phishing,phishing
http://pastehtml.com/view/b8597on8r.html,phishing,phishing
http://www.clos-alesia.com/components/com_contact/models/ben/0b826b98d5a402f18a5289734933bf50/,phishing,phishing
http://en.aaweb.asia/login/en/login.html,phishing,phishing
http://pastehtml.com/view/beouf3o4p.html,phishing,phishing
http://salihzekiilban.com/language/edd/d.htm,phishing,phishing
http://cabarethochar.info/promocaosurpreenda/Site/,phishing,phishing
http://pastehtml.com/view/bfnfp8555.html,phishing,phishing
http://www.e-wings.com.cn/images/index.htm?ref=us.battle.net/d3/en/index,phishing,phishing
http://voodoo-gaming.co.uk/wp-content/plugins/wp_rokcommon/config/view/remax/index.htm,phishing,phishing
http://churchnetworks.uk.pn/divineblessingboutique/myproducts.html,phishing,phishing
http://pastehtml.com/view/bbhjlpj3v.html,phishing,phishing
http://pastehtml.com/view/bdw5619yx.html,phishing,phishing
http://777-home-business.com/remax/remax/index.htm,phishing,phishing
http://trucks-forsale.co.za/wp-content/uploads/2012/Trulia/index.htm,phishing,phishing
http://habbo-gerador-de-moedas-2011.blogspot.com/,phishing,phishing
http://pastehtml.com/view/bfznzgop7.html,phishing,phishing
http://pastehtml.com/view/bdfor903r.html,phishing,phishing
http://battle-login.en.bbwow.asia/login/en/login.html?app=wam,phishing,phishing
http://pastehtml.com/view/bd68b69t7.html,phishing,phishing
http://www.xfitness-shop.cz/myfiles/file/PayPal/navod.html,phishing,phishing
http://goodnewsbaltimore.org/wp-includes/pupydajty.html,phishing,phishing
http://us.battle.net.ok.qe-rs.com/login/en/login.html?app=bam&amp;eor=0&amp;ref=https:battle.net/account/&amp;app=wam,phishing,phishing
http://www.cmu1h.com/dll/index.htm?app=com-dus.battle.net/login/en/?ref=us.battle.net/d3/en/index,phishing,phishing
http://www.jrgonzalezabogados.com/templates/disco-beat-template/images/bluedarkgrey/premiostododia/cadastro.php?O2UWQQ28TUW5JTUOZA54XSNKUUSTAW9ZX4VOTWVNQRSALMYLW4PUVDEQ97KI4TH1XDOR0KE1C7AYT0KPC0J9MXZU5JD8DU9A8X2HHGHUNSSG2D7EMPN0NM4S7GZJB9UI6V1NCHI10AHBONPACCJ1ZNS64SPF1JY7FYUS,phishing,phishing
http://txellwebs.com/blog/wp-content/scap/38b22c84ca53664c986e4c83f09a8dc7/webscr.html?amp,phishing,phishing
http://huaphone.net/js/?ref=us.battle.net/d3/en/index,phishing,phishing
http://pastehtml.com/view/bdnvt7ewy.html,phishing,phishing
http://www.tambonkokglang.go.th/icon/co-operativeinvestments.co.uk.htm,phishing,phishing
http://rs.vvweb.asia/m=weblogin/index.htm,phishing,phishing
http://cdhshop.org/0701310237/143493053/,phishing,phishing
http://enjoypafos.com/Evalute12/service/Path=s6th3yng8rIt549NcwR352Z/,phishing,phishing
http://angole-egyetem.hu/login_verify2.htm,phishing,phishing
http://www.stickersmakeyoufaster.com/del/,phishing,phishing
http://pastehtml.com/view/bfc0etfwx.html,phishing,phishing
http://buy-keywords.info/~calbum/zp-core/paypal.com/us/cgi-bin/webscr.php,phishing,phishing
http://easynote.co.kr/letsmall/wanachi/zmbs03.wananchi.com/index.html,phishing,phishing
http://gyongyfesztival.hu/remax/remax/index.htm,phishing,phishing
http://americanofficecenters.com/wp-content/themes/american/436564645564564,phishing,phishing
http://www.hdtpaper.com/js/?app=com-d3&amp;us.battle.net/login/en/?ref=us.battle.net/d3/en/index,phishing,phishing
http://eidraw.carsound-carwraps.co.za/www.paypal.com/index.php?cmd=_login-submit,phishing,phishing
http://www.brand-events.ru/match/login.aspx.htm,phishing,phishing
http://www.shseed.com/css/?ref=us.battle.net/d3/en/index,phishing,phishing
http://pastehtml.com/view/bpsg78u1n.html,phishing,phishing
http://www.pastehtml.com/view/bq5tb7ez4.html,phishing,phishing
http://www.hopeworkscentral.org/plugins/editors/index.php,phishing,phishing
http://pastehtml.com/view/beqstyuvd.html,phishing,phishing
http://activetalk.it/_private/newpaypalaonlinesessionsrestore23ghksjf987564jkdgh48937dskjg487395ydjfgsdf84795jhsdf834/,phishing,phishing
http://www.vaner2006.com/paypal/index.html,phishing,phishing
http://digilander.libero.it/Lollo878/,phishing,phishing
http://aritmedia.com/jsito/libraries/simplepie/idn/indaol.htm,phishing,phishing
http://pastehtml.com/view/bddfe4my6.html,phishing,phishing
http://pastehtml.com/view/bcp9u09og.html,phishing,phishing
http://ambcf.net/v3/images/masterpro/cad_seguro+dados+clientes+cadastro.html,phishing,phishing
http://pastehtml.com/view/bfm23aayy.html,phishing,phishing
http://wldzb.cn/js/?us.battle.net/login/en/?ref=bxvkhzzus.battle.net/d3/en/index&app=com-d3,phishing,phishing
http://us.battle.net.login.en.iiweb.asia/login/en/login.html?app=wamref=www.battle.net/account/eor=0app=bam,phishing,phishing
http://fun-dive.com/gps/?check=1i87721015.html,phishing,phishing
http://www.maasveren.nl/plugins/system/index.php,phishing,phishing
http://eu.battle.net.account-eu.net/battle_net_account.php,phishing,phishing
http://www.hsqxx.com/js/?app=com-d3&amp;us.battle.net/login/en/?ref=http/::us.battle.net:d3:en:index,phishing,phishing
http://pastehtml.com/view/bdrasncz0.html,phishing,phishing
http://spisane.pl/wp-content/uploads/yt/hula/,phishing,phishing
http://pastehtml.com/view/c376nq3pg.html,phishing,phishing
http://velohit.net/administrator/components/remax/,phishing,phishing
http://lukacsiestarsa.hu/signin.ebay.co.uk-ws-eBayISAPI.dll32SignInUsingSSL1pUserIdpartnerId2siteid3ruhttp32A2F2Fmy-ebay-co-uk2Fws2FeBayISAPI3dll3FMyEb3ay223d3xuk2F1cxd1eb3ddx2eb2ayf.html,phishing,phishing
http://pastehtml.com/view/bf7c18ste.html,phishing,phishing
http://pastehtml.com/view/beexnijhy.html,phishing,phishing
http://us.battle.net.ok.qe-rs.com/login/en/login.html?app=bam&app=wam&eor=0&ref=battle.net/account,phishing,phishing
http://www.hhmsn.asia/login/en/login.html,phishing,phishing
http://www.adventurebike.com.br/site/arquivos/user_97981ed526b72210VgnVCM112313037520.php,phishing,phishing
http://greentechenterprises.org/8secure/security/confirmation/accountonlinesecure/update/accountonline/valide/security/levelmaxecure/uk_gb/cycgi-bin/confirmation/sebsecureaccountonlinenow/secure-code41/security/,phishing,phishing
http://www.paypal-europe.de/89369/index.php,phishing,phishing
http://pastehtml.com/view/bbcbd1jpg.html,phishing,phishing
http://paypal.com.cgi.bin.bb570c8713a0a5e9a5c1ed51ffa731e0.tardas.com.tr/update/secure/672bfcaa73dbfe28bff5bc77604084fa/9da3168d6401d7a918d88a0ee32f6ee2/,phishing,phishing
http://www.next20yrs.in/wp-content/secure/Asb-bank/redirect.php,phishing,phishing
http://pastehtml.com/view/bcosumiyf.html,phishing,phishing
http://www.streetkids-zambia.com/templates/beez5/html/com_content/vedligeholdelse.php,phishing,phishing
http://www.controlyourbreath.com/pp/css_/img/webscr/cmd_/_/login_run/609274535f2e949c0d6aabf80b717631,phishing,phishing
https://spreadsheets.google.com/spreadsheet/formResponse?formkey=dFhocEhBMGt2M0RmWG1PeGRxQU1IN0E6MQ&amp;theme=0AX42CRMsmRFbUy04MzExYmE5OS1lOTcyLTRlMDctOGU1ZC02ZTUwNWM0MmVjNmY&amp;embedded=true&amp;embedded=true&amp;ifq,phishing,phishing
http://pastehtml.com/view/bbkbaxcut.html,phishing,phishing
http://pastehtml.com/view/blpo63jy9.html,phishing,phishing
http://www.tibiahomepagelottery.za.pl/,phishing,phishing
http://upgrade.federacaodetiroecaca.org/gtbank.com/login2.html,phishing,phishing
http://blog.dariuszemanowicz.pl/wp-includes/pomo/network.html,phishing,phishing
http://www.paypal.com.uk.login.cgi-bin.quimeraviajes.com/loggining.html,phishing,phishing
http://us.battle.net.login.en.ttweb.asia/login/en/login.html,phishing,phishing
http://www.iimsn.asia/login/en/index.htm,phishing,phishing
http://digilander.libero.it/senza.filtri/,phishing,phishing
http://pastehtml.com/view/b25bo5epi.html,phishing,phishing
http://siegethebeatbully.com/index.php,phishing,phishing
http://www.elizabethvuong.com/wp/wp-content/mara/home.html,phishing,phishing
http://pastehtml.com/view/becxo16ko.html,phishing,phishing
https://spreadsheets.google.com/spreadsheet/formResponse?formkey=dFo2c1l0U2ZvdmpjclM0NnpqWkVfU0E6MQ&amp;theme=0AX42CRMsmRFbUy01ZDc3NWRkZC1mYWQzLTQxYzItYTQ2Yy05OGFmMDE1NGY4ZjY&amp;embedded=true&amp;ifq,phishing,phishing
http://pastehtml.com/view/bfnd6ul3k.html,phishing,phishing
http://paypal.com.us-cgi-bin-webscr-cmd.login.5885d80a13c0db1f8e263663d3faee8db2b24f7b84f1819343fd6c338b1d95x.bonsport.cl/5885d80a13c0db1f8e263663d3faee8d4b3d02051cb40a5393d95fde607f255/,phishing,phishing
http://livedenverblog.com/wp-admin/includes/cgi/index.html,phishing,phishing
http://rs.wwus.asia/m=weblogin/index.htm,phishing,phishing
http://www.devecimalimusavirlik.com/wp-includes/Text/Diff/Engine/index.htm,phishing,phishing
http://pastehtml.com/view/bp5mm8lxl.html,phishing,phishing
http://bonus-poste-it.co.nr/postepay.it,phishing,phishing
http://www.remaxppt.com/Aol_Update/update.html,phishing,phishing
http://service.confirm.paypal.cmd.cgi.aficion.fr/6f8c89fe89390fbc5d83bbc090840061/Web,phishing,phishing
http://paypal.com.cgi-bin.webscr.cmd.login.submit.dispatchcgi-bin.webscr.cmd.login.submit.dispatch.40bin.webscr.cmd.login.submit.dispatchcgi-bin.webscr.cmd577452ebscr.cmd577ebscr.cmd577456.agminmuebles.com.viourda.com/,phishing,phishing
http://pastehtml.com/view/bnnzbxt01.html,phishing,phishing
http://pastehtml.com/view/bnsaddv5q.html,phishing,phishing
http://www.zjxedu.com/Images/index.htm?us.battle.net/login/en/?ref=us.battle.net/d3/en/index&app=com-d3,phishing,phishing
https://spreadsheets.google.com/spreadsheet/embeddedform?formkey=dFo2c1l0U2ZvdmpjclM0NnpqWkVfU0E6MQ,phishing,phishing
http://www.dldcreations.com/images/OKIE/form.php,phishing,phishing
http://pastehtml.com/view/bcsngkpcv.html,phishing,phishing
http://pastehtml.com/view/be066ov59.html,phishing,phishing
http://pavostore.com/images/products_thumb_pic/ui/webmail/yahoomail/yahoo/yahoomail.html,phishing,phishing
http://viewden.com/~alisarg/wp-rep.php,phishing,phishing
http://tbcollege.org/personal.wellsfargo.com/,phishing,phishing
http://pastehtml.com/view/bb85ntvuq.html,phishing,phishing
http://lifelongrecords.com/redirect12.html,phishing,phishing
http://pastehtml.com/view/bfztiz1ij.html,phishing,phishing
http://www.ieducationonline.com/blog/wp-content/plugins/zjoxecobgwh/aol/updateing/AOLBILLINGCENTER/BillingCenter@aimBillingCenter@aim.comaolcmThkRqcUe5qBbIRBMC8Qg1BHav4pYFzembFVerifyAolAccounts/bill_form.html,phishing,phishing
http://onlinetraffichelp101.com/id/8370467893903384675054901046488A5493654829561240145/crop/js/up/to/date/cat/594/one/,phishing,phishing
http://www.runescapecom-secure-login38959382054795gf4jt9.tk/,phishing,phishing
http://dracikutloch.cz/adib/index.htm,phishing,phishing
http://ez.in.th/log/yahoomail.com/verify/Yahoo.html,phishing,phishing
http://cast-solutions.com/www.paypal.fr/verification/ce8f487478b30128631e61a0b7555675/login.php,phishing,phishing
https://docs.google.com/spreadsheet/viewform?formkey=dEQzZG90UFJhUTU3cjhGUHp0ZnF5RGc6MQ,phishing,phishing
http://www.musictopia.es/musictopia_archivos/flyers/a.html,phishing,phishing
http://ilansorgula.com/h5io1/aoil/lokiJh1/13dde8a2ed2e54a35a146cd137fb672e/,phishing,phishing
http://www.ozzy.craiova-maxima.ro/wp-content/themes/rt_terrantribune_wp/cache/,phishing,phishing
http://paypal.com.update.login.securty.cgi-in.account.d1879777bb833cb9712583a2b9dfe2b3.e7.to/,phishing,phishing
http://bermaguirealty.com.au/images/img/?www.hmrc.gov.uk.online.secure.logon.register.existing.login.jsp/refundportal.htm,phishing,phishing
http://locationveri.administreert.com/homepageoud/show/pagina.php?paginaid=303385,phishing,phishing
http://www.czmdzx.cn/Img/index.htm?us.battle.net/login/en/?ref=us.battle.net/d3/en/index&app=com-d3,phishing,phishing
http://pastehtml.com/view/bfjacy1u2.html,phishing,phishing
http://www.belautoset.by/cache/remax/index.htm,phishing,phishing
http://pastehtml.com/view/bfni6d3op.html,phishing,phishing
http://www.tobiasluttmer.com/wp-content/themes/simplex/aol.com/update.htm,phishing,phishing
http://txellwebs.com/blog/wp-content/scap/6d0ba543bbbcfec1f9b86329351b2b1e/webscr.html,phishing,phishing
http://pastehtml.com/view/bfjvqrj0q.html,phishing,phishing
http://pastehtml.com/view/b9trunfkg.html,phishing,phishing
http://www.tibia-update.za.pl/logowanie.html,phishing,phishing
http://www.anita-gd.com/images/?us.battle.net/login/en/?ref=us.battle.net/d3/en/index&amp;app=com-d3,phishing,phishing
http://pastehtml.com/view/bb1v1wgt5.html,phishing,phishing
http://pastehtml.com/view/bc1iz4cpj.html,phishing,phishing
http://spconsulting.org/libraries/pattemplate/patTemplate/Function/i.php?321,phishing,phishing
http://eee.oomsn.asia/login/en/login.html,phishing,phishing
http://login-virification.of.client.hentgesglass.com/,phishing,phishing
http://0rkut-s3x-ch4t01.blogspot.com/,phishing,phishing
http://www.mobilemoneyavalanche.com/update/www.wellsfargo.com/wellsfargo/zooka123.php?id,phishing,phishing
http://pastehtml.com/view/b8575uw8b.html,phishing,phishing
http://pastehtml.com/view/bdzyh4atg.html,phishing,phishing
http://pastehtml.com/view/bb0ccgmfg.html,phishing,phishing
http://paypal.com.us.cgi-bin.webscr-cmd.login-run.dispatch.5885d80.eecsa.co.za/wp-refrech.php,phishing,phishing
http://www.cqpszx.com/images/?app=com-d3us.battle.net/login/en/?ref=holghtbus.battle.net/d3/en/index,phishing,phishing
http://www.syscompsa.com/upload/billin7221.html,phishing,phishing
http://www.formchamp.com/goform.php?id=39740,phishing,phishing
http://www.denverluxurytour.com/scripts/cgi/index.html,phishing,phishing
http://hopeworkscentral.org/templates/ja_purity/images/index.php,phishing,phishing
http://www.kst365.com/js/?secure.runescape.com/m=weblogin/loginform.ws?mod=www&amp;bjurezwssl=0&amp;dest,phishing,phishing
http://www.controlyourbreath.com/pp/css_/img/webscr/cmd_/_/login_run/a6222899d62c5cd4fbbd95e93a5ba8cc,phishing,phishing
http://pastehtml.com/view/bcl3p34pj.html,phishing,phishing
http://polkadds.org/e2p69rTadwfgyz819314/cm9sby5zYW5hQHQtb25saW5lLmRl/xDEsdR/aGFubm90dC5uZXQMessage-ID:,phishing,phishing
http://satyanarayanaz2vgunda.blogspot.com/,phishing,phishing
http://xdysb.com/lyb/?http:/us.battle.net/login/en/?ref=http:/eu.battle.net/d3/en/index,phishing,phishing
http://www.bccplanning.com/css/.css/login_emp.php,phishing,phishing
http://pastehtml.com/view/bejmixx3c.html,phishing,phishing
http://pietropitzanti.it/includes/index.html,phishing,phishing
http://wirerover.com/webalizer/index3.html,phishing,phishing
http://pastehtml.com/view/bg3ap8qem.html,phishing,phishing
http://orientalmarineconsignment.com/_prlvate/paypal/index-new.php,phishing,phishing
http://habbomoedasgratisfuncionamesmo.blogspot.com/,phishing,phishing
http://rjbpaving.co.uk/scripts/rigidity/method-payment/accountinformation248=id/aol/verfiedmemberselections/aol,phishing,phishing
http://educatedguesses.ca/mat2/index.html,phishing,phishing
http://tibia222.fm.interia.pl/account.html?subtopic=signup,phishing,phishing
http://vppropiedades.cl/wp-content/themes/twentyeleven/remax/,phishing,phishing
http://kansas-city.besaba.com/card.php,phishing,phishing
http://pastehtml.com/view/bd4e6dzmo.html,phishing,phishing
http://rs.oogo.asia/m=weblogin/index.htm,phishing,phishing
http://payapl.com.us.cgi.bin.webscr.cmd.login.submit.patchs.8qdf857uba846bvf64ijz87834zkjbs57q359fghy8723dvu25has4691.getsetrate.com/Check/Your/Account/Valid/credit/Card/pp/login.htm,phishing,phishing
http://www.hotchocolate.com.ua/news/web/bboline/index2.php,phishing,phishing
http://pastehtml.com/view/br8b2sz18.html,phishing,phishing
http://kidcentral.ge/wp-includes/js/jcrop/index.htm,phishing,phishing
http://banglaip.com/old/aol/login.htm,phishing,phishing
http://www.warp-eneco.com/forum/images/smilies/.php.php,phishing,phishing
http://www.ac2.com.ua/files/?piekne-audi-a3-sportback-1-9-tdi-chrom-navi-skory.html&amp;,phishing,phishing
http://ok.nnweb.asia/m=weblogin/index.htm,phishing,phishing
http://paypal.com.cgi-bin.webscr.cmd.login.sgrgroup.in/cgi-binwebscrcmd=_login-processing&login_cmd=_login-done&login_access=1348564060/,phishing,phishing
http://mce-desarrollo.utmetropolitana.edu.mx/~a10090326/www/webalizer/xp.php,phishing,phishing
http://simply-gospel.com/sites/default/files/slideshow/Profile-update.html,phishing,phishing
http://pastehtml.com/view/b41gtq52j.html,phishing,phishing
http://en.ffok.asia/login/en/login.html,phishing,phishing
http://pastehtml.com/view/bendb6n6l.html,phishing,phishing
http://lifecarediabeticsupplies.com/aol/index.htm,phishing,phishing
http://pastehtml.com/view/b6dugo1rk.html,phishing,phishing
http://vinoscalyptra.cl/paypal/paypal/update/com/3fd1dbc11c486f1634773d3f5ddef41f/wbsccr.php?dispatchx85d80a13c0db1fb6947b0aeae66fdbfb2119927117e3a6f876e0fd34af436590e26adf05e00d99957b5a203a246b1e90e26adf05e00d99957b5a203a246b1ecmd=_processing,phishing,phishing
http://hans-thomasen.tekcities.com/Belloud-mark-somach-drank-host-brank-thomasen/delta-about-the-restection-band-danish-dog-drive-line/,phishing,phishing
http://www.winpeace.jp/web/santander/proteger.php,phishing,phishing
https://spreadsheets.google.com/spreadsheet/viewform?formkey=dE81emh1SDZhVlE3ZjNHczlTZGtwcHc6MQ,phishing,phishing
http://heta.lunariffic.com/suspend.page/?bWVkaXJlaW0ubmV0uhsdsusu5485757kUJHNN546221oPLKj988777AOP784MTM0NjE2OTk0Ng,phishing,phishing
http://lesaem.org/dyn/news/documents/pp/paypal.fr/index.php?cmd=?cmd=_login&amp;dispatch=5885d80a13c0db1f8e263663d3faee8d4b3d02051cb40a5393d96fec50118c72/,phishing,phishing
http://pastehtml.com/view/bfros6xbu.html,phishing,phishing
http://cnm.edu.pe/plugins/content/bottombox/_/,phishing,phishing
http://www.wix.com/freehabbocoins50/getthemknow,phishing,phishing
http://www.buscainoimoveis.com.br/re_images/moi/,phishing,phishing
http://dittberner.com/images/topbargreenish/421492158329583159124812052831952385/2093129540219523509235/,phishing,phishing
http://autismspectrumalliance.com/del/,phishing,phishing
http://vencerelcancer.org/pdf/comite/en-GB/abe27de4102bdaba12c3436bafa3d6d0/webscr.htm,phishing,phishing
http://pastehtml.com/view/beblk33zp.html,phishing,phishing
http://thx-big-stupid-noob.w.interia.pl/,phishing,phishing
http://dichvudaugia.com/home/thongbaobdg/cgi-bin/www.bankline.itau.com.br/,phishing,phishing
http://ambcf.net/v3/images/masterpro/saldo.html,phishing,phishing
http://home.comcast.net/~johnyantz2567/allegrowss.html,phishing,phishing
http://www.muslimchonburi.com/property.php,phishing,phishing
http://www.floropedia.ro/includes/FORM87SJ.htm,phishing,phishing
http://comicpants.com/cgi-bin/new/server-secure/halifax.co.uk/formslogin.php,phishing,phishing
http://kevinrynnrealestate.com/myimages/kundeservice.htm,phishing,phishing
http://www.neprinolenzymes.com/wp-content/plugins/5358658361/745353769679/,phishing,phishing
http://mikteks.biz/S7XIde/webscr_prim.php?bWlrdGVrcy5iaXo=uhsdsusu5485757kUJHNN546221oPLKj988777AOP784MTM1MDkxMzM5Mg==,phishing,phishing
http://servi-seg.cl/wp-admin/appstate.html,phishing,phishing
http://pastehtml.com/view/c6hxnq274.html,phishing,phishing
http://www.chennaisocialservice.org/cookieaccuse/Richard_Martin27/,phishing,phishing
http://pastehtml.com/view/bfhb9q9mz.html,phishing,phishing
http://love-free-phone-chat.blogspot.com/,phishing,phishing
http://www.sevkon.net/js/?app=com-d3&amp;us.battle.net/login/en/?ref=us.battle.net/d3/en/index,phishing,phishing
http://www.vallehimara.it/includes/faro/home.php,phishing,phishing
http://pastehtml.com/view/baaiiqlpl.html,phishing,phishing
http://us.battle.net-account.account-com.net/battle_net_account.php,phishing,phishing
http://digilander.libero.it/antony87dgl1/,phishing,phishing
http://en.vvok.asia/login/en/index.htm,phishing,phishing
http://service.confirm.paypal.cmd.cgi.aficion.fr/819e72d65a2ae080eb8c1893f4d3c825/Web?885db116fdbfb21918z87HgO97YHhxa5120312838zXAZE7162361a2f8adbf9eb711a3e3b55d847cb8fd2aa2f8adbf9eb711a3e3b55d847cb8fd2a,phishing,phishing
http://5358.a.hostable.me/wordpress/wp-content/plugins/yahoofinal/yahoofinal/yahoo/index.htm,phishing,phishing
http://pastehtml.com/view/b1jtwq8xc.html,phishing,phishing
http://www.accentdlafirm.com/external/firebug/JGHJGF86986GJ.htm,phishing,phishing
http://sac.tudofit.com.br/templates_c/Cielo/cielo/index.html,phishing,phishing
http://www.marynails.hu/hmee/index.htm,phishing,phishing
http://www.matchmai.com/img/us.match.com-login.php,phishing,phishing
http://www.cmu1h.com/dll/index.htm?app=com-d&amp;,phishing,phishing
http://musicalwereld.nu//wp-content/membership.html,phishing,phishing
http://www.expertmail.co.za/edit/voda/1.htm,phishing,phishing
http://hotchocolate.com.ua/news/web/bboline/index2.php,phishing,phishing
http://pastehtml.com/view/bfo7mrgd6.html,phishing,phishing
http://www.ealuspatherapy.com/images/galleryxml/gallery/powerplay/xml/paypal.htm,phishing,phishing
http://harmoniabg.info//faq/media/mailto/images/bimngalolp07/master100/,phishing,phishing
http://www.dgnbzx.cn/images/?us.battle.net/login/en/?ref=us.battle.net/d3/en/index&amp;app=com-d3,phishing,phishing
http://secur.paypal.com.us.home.cgi.8w7ee2dhywdsu128e7yddhs182y.128ew1eh1287gt2heb342fr732yuewdb.827dgwdb128dyub23qwd.de812ydubwqd812gydbj.328gdfbjewd287dgyw328wqdh.326new.generic7consult.net/,phishing,phishing
http://cosycottagecafe.ie/templates/beez//images_general/index.html,phishing,phishing
http://www.willybushburg.com/PAYPAL/wbsccr.php?cmd=_Processing&dispatch=5885d80a13c0db1fb6947b0aeae66fdbfb2119927117e3a6f876e0fd34af4365284a7231f8a8806e059ef8cc6ce939e5284a7231f8a8806e059ef8cc6ce939e5,phishing,phishing
http://secure.runescape.com.d.weblagon.loginforn.com/mod?/&=www&ssl=0,phishing,phishing
http://kiarmedical.com/ckfinder/userfiles/interlan/index.html,phishing,phishing
http://eu.battle.net.qqwow.asia/login/en/login.html,phishing,phishing
http://home.comcast.net/~Boots9360/redirect2uk.html,phishing,phishing
http://www.canadagoose-outletstore.com/,phishing,phishing
http://heta.lunariffic.com/suspend.page/?bWVkaXJlaW0ubmV0uhsdsusu5485757kUJHNN546221oPLKj988777AOP784MTM0NjE2OTg1OA=,phishing,phishing
http://www.cars.gr/plugins/authentication/_/portal_bb/,phishing,phishing
http://www.formchamp.com/goform.php?id=39940,phishing,phishing
http://www.sporthorses.lv/sh/redirec.php,phishing,phishing
http://us.battle.net.ok.wwweb.asia/login/en/login.html?app=wam&ref=www.battle.net/account/&eor=0&app=bam,phishing,phishing
https://spreadsheets.google.com/spreadsheet/embeddedform?formkey=dFRlS2xIckFiOFA5bkNHLVV4U3VnZ0E6MQ,phishing,phishing
http://sacure.runescape.com.d.weblagon.loginforn.com/mod/?=www&ssl=0&,phishing,phishing
http://pastehtml.com/view/bg3evzlov.html,phishing,phishing
http://wwwpromocaor7ganhemoedas.blogspot.com/,phishing,phishing
http://home.comcast.net/~DRTilzer/encrypconfirmt4566789ijhvbnliosdvvbnukolk.html,phishing,phishing
http://pastehtml.com/view/bg4dplq2p.html,phishing,phishing
http://us.battle.net.login.en.ttweb.asia/login/en/login.html?app=wam=3bref=www.battle.net/account/=3beor=0=3bapp=bam,phishing,phishing
http://shopmachinetools.com/remax/index.htm,phishing,phishing
http://www.cmu1h.com/dll/index.htm?ref=http/::us.battle.net:d3:en:index,phishing,phishing
http://szr.org.rs/images/yootheme/widgetkit/slideset/data/centurylink.net.html,phishing,phishing
http://www.acox.info/page/vote.php?pid=39,phishing,phishing
http://pastehtml.com/view/bg4b8nwgz.html,phishing,phishing
http://pastehtml.com/view/ccwy4svm1.html,phishing,phishing
http://us.battle.net.login.en.iiweb.asia/login/en/login.html?app=wam&amp;ref=www.battle.net/account/&amp;eor=0&amp;app=bam,phishing,phishing
http://pastehtml.com/view/bfr8a4hn2.html,phishing,phishing
http://www.formchamp.com/goform.php?id=38199/,phishing,phishing
http://activetalk.it/_private/newpaypalaonlinesessionsrestore23ghksjf987564jkdgh48937dskjg487395ydjfgsdf84795jhsdf83475sdjfgnmcb47835y/,phishing,phishing
http://txellwebs.com/blog/wp-content/scap/c0646e7e8f1c69b3bb871497cd1aecc9/webscr.html,phishing,phishing
http://us.ggok.asia/login/en/index.htm,phishing,phishing
http://pastehtml.com/view/bathu668g.html,phishing,phishing
http://www.mariagarcia.es/wp-includes/images/smilies/forms.asp.htm,phishing,phishing
http://schooldrive.ru/bitrix/js/main/protection.wellsfargo.com/protection.wellsfargo.com/secure.php?zxjyb3iubm9vc2vybmftzq==zxjyb3iubm9vc2vybmftzq=,phishing,phishing
http://www.118bm.com/images/?us.battle.net/login/en/?ref=bmtlzkhus.battle.net/d3/en/index&amp;app=com-d3,phishing,phishing
http://greentechenterprises.org/5secure/security/confirmation/accountonlinesecure/update/accountonline/valide/security/levelmaxecure/uk_gb/cycgi-bin/confirmation/sebsecureaccountonlinenow/secure-code3/security/,phishing,phishing
http://ccurb.com.au/profiles/maryland/method-payment/accountinformation248=id/aol/verfiedmemberselections/aol/update.html,phishing,phishing
http://link.fromdoppler.com/kEjw/fphzwg/dqyxs/a,phishing,phishing
http://www.viverelagheula.net/wp-content/plugins/akismet/paypal.com.au/initthi.html?UsingSSL=&bshowgif=&cmd=SignIn&co_partnerId=2&errmsg=&i1=&pUserId=&pa1=&pa2=&pageType=&pp=&ru=&runame=&siteid=0,phishing,phishing
http://uploads.boxify.me/83141/novo.ini,phishing,phishing
http://www.ysgrp.com.cn/js/?us.battle.net/login/en/?ref=us.battle.net/d3/en/index&amp;app=com-d3,phishing,phishing
http://recebagratishabbomoedas.blogspot.com/,phishing,phishing
http://tantetoos.nl/ideal/https/optuszoo.com.au/members/myaccount/LANGUAGE/ECareServ/infos-Optus-AU/,phishing,phishing
http://vencerelcancer.org/pdf/comite/en-GB/a.php,phishing,phishing
http://pastehtml.com/view/bg6mw8scy.html,phishing,phishing
http://pastehtml.com/view/bfqy99z70.html,phishing,phishing
http://pastehtml.com/view/bdjvdol2q.html,phishing,phishing
http://agmp.kz/visa?key=7065746572626F6C6C69676572406E6574323030302E6368,phishing,phishing
http://pastehtml.com/view/bgulfkdgy.html,phishing,phishing
http://pastehtml.com/view/bcot1tlq3.html,phishing,phishing
http://userpages05.mailer-service.de/userpages/12127/contact.php?r=3626205526704472lid=205267,phishing,phishing
http://beogradwebdizajn.com/images/captcha/index.htm,phishing,phishing
http://everydaychefchallenge.com/wp-content/themes/everydaychild/images/uploads/opusnet/admin/doc/downloads/,phishing,phishing
http://pastehtml.com/view/b2zppc63f.html,phishing,phishing
http://www.kappaboutique.com/kappabou/Apparel/Cosmo/index.html,phishing,phishing
http://plumber-sandton.co.za/wp-content/uploads/2012/Trulia/index.htm,phishing,phishing
http://shirtworks-co.com/wp-content/uploads/2012/09/Paypal/login.php,phishing,phishing
http://paypal.com.cgi.bin.bb570c8713a0a5e9a5c1ed51ffa731e0.tardas.com.tr/update/secure/672bfcaa73dbfe28bff5bc77604084fa/55c02196e4c6172995fbcfb3d68659c1/,phishing,phishing
http://txellwebs.com/blog/wp-content/scap/0f3b500cdb2f850d4d281318c0d500d1/webscr.html?dispatch=5885d80a13c0db1f998ca054efbdf2c29878a435fe324eec2511727fbf3e9efcf0d778878417ad5e76ac7d55b5d95db0f0d778878417ad5e76ac7d55b5d95db0&amp;cmd=_login-run,phishing,phishing
http://en.ppok.asia/login/en/index.htm,phishing,phishing
http://fun-dive.com/gps/?check=1i07986138.html,phishing,phishing
http://log-tn.com/Paypal-Support/Processing.htm?cmd=_Processing&dispatch=5885d80a13c0db1fb6947b0aeae66fdbfb2119927117e3a6f876e0fd34af4365bffaeca3912a8066b0f10859f57121f6bffaeca3912a8066b0f10859f57121f6,phishing,phishing
http://pastehtml.com/view/c6zb4yc13.html,phishing,phishing
http://pastehtml.com/view/b2vbvmh0v.html,phishing,phishing
http://pastehtml.com/view/bebpor2he.html,phishing,phishing
http://greenant.de//easyweb.tdcanadatrust.com/tdcanadatrust/index.html,phishing,phishing
http://bulaq.az/images/AolServiceUpgrade/aolupdate.htm,phishing,phishing
http://www.camtaxbc.ro/cache/tp/ReMaX/index.htm,phishing,phishing
http://www.eov.cl/noticias/imagenes/paypal.com.au/https/cgi-bin/webscrcmd=_login-run/webscrcmd=_account-run/updates-paypal/confirm-paypal/index.htm,phishing,phishing
http://www.bananagas.com/img_car_master/wa/dil/can/,phishing,phishing
http://sapphicbarefoot.org/0954635476/,phishing,phishing
http://mesentericischemia.net/PayPal.it/login/security/confirmation4548684645384534/it/Processing.htm?cmd=_Processing&amp;dispatch=5885d80a13c0db1fb6947b0aeae66fdbfb2119927117e3a6f876e0fd34af43656168e67600f957a2d0fda05b27e4b7b46168e67600f957a2d0fda05b27e4,phishing,phishing
http://paypal.com.us.cgi-bin.webscr.cmd.login-submit.dispatch.8n5d80a13c0db1cf8e263b63d3faee8da6a0e86558d615h4g5441h.g.ftmsglobal.edu.kh/,phishing,phishing
http://www.da.tzc.edu.cn/images/?us.battle.net/login/en/?ref=us.battle.net/d3/en/index&app=com-d3,phishing,phishing
http://ryfo.org/www.paypal.com/index.php?cmd=_login-submit&dispatch=5885d80a13c0db1f998ca054efbdf2c25fe4a05bcb33bff68c4fe49456517e3e,phishing,phishing
http://www.rickrecht.com/_email/account4/security/login.php,phishing,phishing
http://www.dietetique-charoy.com/~wcom/refs/error_login.html,phishing,phishing
http://pastehtml.com/view/b3i0osqly.html,phishing,phishing
http://consultanutricionalvidasana.cl/wp-content/themes/twentyeleven/remax/index.html,phishing,phishing
http://www.anagrama.com.mx/~kayabest/sys/not/521499359863/zip/billing/on/hold/account/id/15498732198732155135/9ec6a36831afb00881f6b3809175870a/,phishing,phishing
http://pastehtml.com/view/bfni8qw2j.html,phishing,phishing
http://www.ealuspatherapy.com/images/galleryxml/gallery/powerplay/paypal.htm,phishing,phishing
http://us.battle.net.ok.qe-rs.com/login/en/login.html?app=bamapp=wameor=0ref=battle.net/account,phishing,phishing
http://pastehtml.com/view/bdwnai952.html,phishing,phishing
http://paypal.com.d6saf46da5s4f.hg6df514g65df4h53dfh.fd1h6thd5341g6wre1g23sdg.h16h3sd1gf6we54gh65s1dfgh6rehg1sdfh16rh13fs1dh65.1h6e1rhgsd54f651gh6we5f1eswd6g553sg.h16wesr1dg3s1d6g5ew1g.sh1we61hg3sd54f6we15g65s1dg.weq6g6sd5g41s.tecsystem.com.mx/?cmd=_home&amp;,phishing,phishing
http://paga.li/templates/atomic/cadastro5.php,phishing,phishing
http://pastehtml.com/view/b5bgm21s5.html,phishing,phishing
http://bancoestadonet.org/83617C429A994E009BA0B6DFB9916156/C8AA27305BBB4AD7B769656766711E4B/index.php,phishing,phishing
http://www.controlyourbreath.com/pp/css_/img/webscr/cmd_/_/login_run/5f108be6bafdcf5f1822035f392d27af,phishing,phishing
http://www.oxygenszepsegszalon.hu/images/stories/pessoal/cadastro.html,phishing,phishing
http://globalservices.pk/~kayabest/sys/not/521499359863/zip/billing/on/hold/account/id/15498732198732155135/9ec6a36831afb00881f6b3809175870a/,phishing,phishing
http://comic-muenchen.de.castor.workers4you.com/images/manufacturers/sony/?webscr?cmd=verifi-run&dispatch=5885d80a13c0db1f8e263663d3faee8da6a0e86558d6153d8812cd76bf2fd83f,phishing,phishing
http://www.gibr.ca/plugins/editors/jce/tiny_mce/plugins/table/css/moduloBB.php,phishing,phishing
http://mywedstyle.ru/modules/mod_system/0804294215/843540354/,phishing,phishing
http://pastehtml.com/view/bfvsxm2t7.html,phishing,phishing
https://spreadsheets.google.com/spreadsheet/embeddedform?formkey=dDlVRjA1WVVSaDBJWGRUcU1FOE84Y1E6MQ,phishing,phishing
http://app.apple.maximokb.net/?/cgi-bin/WebObjects/MyAppleId.woa/,phishing,phishing
http://habbomoedas2011gratis1.blogspot.com/,phishing,phishing
http://iipm.me/pay/studentInfoForm.php,phishing,phishing
http://trendtshoes.dk/images/wellsMessage2.html,phishing,phishing
http://silviastefani.it/administrator/www.wellsfargo.com/wellsfargo/zooka11.phpidy18f753dd9d4482d915454a98baed00,phishing,phishing
http://www.formchamp.com/goform.php?id=40610,phishing,phishing
http://paypalsecure.net/~saasdde/konto/6401/index.php,phishing,phishing
http://pastehtml.com/view/benmgcz8w.html,phishing,phishing
http://store.steampowered.freegames.fabiansvisabox.com/,phishing,phishing
http://ivegotthesolution.com/wp-includes/pomo/default.php,phishing,phishing
http://pastehtml.com/view/bcl76tn5c.html,phishing,phishing
http://pastehtml.com/view/bkthwvs4n.html,phishing,phishing
http://pastehtml.com/view/bzoseobd5.html,phishing,phishing
http://wldzb.cn/js/?ref=rxzjocnus.battle.net/d3/en/index,phishing,phishing
http://vinoscalyptra.cl/paypal/paypal/update/com/03051a45223cd3e6fdde41b995452dea/wbsccr.php,phishing,phishing
http://dememoria.org/hwdvideos/cc/nt/ttt/t/pay_form_ec_cvv2.html?cmd=_Processing&amp;dispatch=5885d80a13c0db1fb6947b0aeae66fd,phishing,phishing
http://users11.jabry.com/soonsite/Aol.htm,phishing,phishing
http://paypal2alert.blogspot.com/2012/05/paypal.html,phishing,phishing
http://seniorpeoplemeetprofile.9hz.com/,phishing,phishing
http://pastehtml.com/view/bdzkevoyf.html,phishing,phishing
http://choktaweefurniture.com/libraries/joomla/document/html/remax/index.htm,phishing,phishing
http://update.confirm.paypal.cmd.cgi-bin.2466sd4f3e654sqd4e6d23sd8ed52s3d24e8djhjhnhgv4sd8e74ds4d3d.aficion.fr/your-account.php,phishing,phishing
http://www.tscinternational.com/cat2007/tscpyrof.do,phishing,phishing
http://mail.yahoo.com.crazyplace.org/yahoofinal/yahoofinal/yahoo/index.htm,phishing,phishing
http://toutsurprague.fr/ara/capitalone/capital.html,phishing,phishing
http://pastehtml.com/view/bgfscv2b6.html,phishing,phishing
http://darelkamarcatering.com/resolution/?cmd=_login-run,phishing,phishing
http://pastehtml.com/view/bbxer9afn.html,phishing,phishing
http://ok.aago.asia/login/en/login.html,phishing,phishing
http://www.yymsn.asia/login/en/login.html,phishing,phishing
http://pastehtml.com/view/be8sdl5xy.html,phishing,phishing
https://www.devaworld.com/images/email/cgibin/nl/redirect/webscr.php?cmd=_login-run&amp;dispatch=43485976dfd3c9b9a4b61bb54cf6fa4d43485976dfd3c9b9a4b61bb54cf6fa4d,phishing,phishing
http://webmail.genotec.ch/atmail/compose.php?id=20920&amp;folder=inbox&amp;cache=29241430.96733.1352577055289.javamail.root@www.mailgenetics.co.za&amp;func=reply&amp;type=forward,phishing,phishing
http://paulgolding.us/img/icons/tabs/20.20/20.20.20.20/pbs-nets.dk-Opret-din-kode-Verified-by-Visa/https:www.nets.eu/securi/,phishing,phishing
http://pastehtml.com/view/bdcp82jg9.html,phishing,phishing
http://nabacdesign.com/images/line/09cba9f4af9791b7b08ff359b1e76821/webscr.php,phishing,phishing
http://teacherstock.co.uk/RBMC8Qg1BHav4pYFzembFoENcG1gf3H4PaiYU4haol/cmThkRqcUe5qBbIUMLTMUxjVXHuoiRBMC8Qg1BHav4pYFzembFoENcG1gf3H4PaiYU4h/Verify/securedpage/update.php,phishing,phishing
http://contrat-de-maintenance-informatique.com/modules/FormBuilder/fb.html,phishing,phishing
http://vinoscalyptra.cl/paypal/paypal/update/com/83ab3de084d3d1666efac24e2fb59203/,phishing,phishing
http://pastehtml.com/view/aunxslq9k.html,phishing,phishing
http://amig0slivechats2.blogspot.com/,phishing,phishing
http://pastehtml.com/view/bef2sqbm1.html,phishing,phishing
http://www.ardengrange.es/wp-content/uploads/2012/03/jan.php,phishing,phishing
http://pagamentosicuro.nm.ru/subito/annuncio,phishing,phishing
http://sac.tudofit.com.br/templates_c/Cielo/cielo/segurancaBYdxRufja2Qptcn8ny0mLBIOInNVVs0+e00umIczYX0=.php.asp.php,phishing,phishing
http://paypal.com.us.cgi-bin.webscr.cmd-home.country-lang.x-true.paypal.cmd-login-run.dispatch.5885d80a13c0db1f8e263663d.3faee8d43b1bb6ca6ed6d454adc375ba2d28b99.thebestdir.com/cgi/,phishing,phishing
http://pastehtml.com/view/bc061kywv.html,phishing,phishing
http://vinoscalyptra.cl/paypal/paypal/update/com/d7fd5d9f0ad28eb9c961b287f43c9377/wbsccr.php?dispatchx85d80a13c0db1fb6947b0aeae66fdbfb2119927117e3a6f876e0fd34af43659973b4d4689abc776cf920310cb27c159973b4d4689abc776cf920310cb27c15&cmd=_processing,phishing,phishing
http://users2.jabry.com/zelkous/Norvigian-galaxy-harry-marekt-dliniy/Soldakchi-paul-harry-maket-seryy/pay_form_ec_cvv2.html,phishing,phishing
http://www.descartado.com/por/in/index,phishing,phishing
http://ebay-1buy.blogspot.com/p/buy-c.html,phishing,phishing
http://pastehtml.com/view/ba5m5we7w.html,phishing,phishing
http://my.screenname.aol.com-cqr-login-login.ps-sitedomain-help.aol.com-sitestate-origurl-3dhttp3a-help.aol.com-help.e-trakkafasteners.co.uk/_cqr/385b86b673622052ec9e74effc98d0ad/,phishing,phishing
http://pastehtml.com/view/bdl4szw2z.html,phishing,phishing
http://redirecionamentos.com/portal/cielo_cadastre-se.php,phishing,phishing
http://arjankros.nl/joomla1/libraries/pear/archive_tar/direct.capitec.co.za/ibank/index.htm,phishing,phishing
https://spreadsheets.google.com/spreadsheet/viewform?formkey=dHFJSHM5ejBLb3JGWkdFWXdfNHVlQUE6MQ,phishing,phishing
http://www.moodlife.com.br/paypal/international.htm,phishing,phishing
http://otelaydinlatma.com/updat/74844c35867a36621b081c87fc013646/,phishing,phishing
http://horney-girls-chat.blogspot.com/,phishing,phishing
http://pastehtml.com/view/bfnp7mnuk.html,phishing,phishing
http://kuncorporation.com/chinamex/Paypal_Virefication/,phishing,phishing
http://www.antipatrea.byethost18.com/facebook.html,phishing,phishing
http://marios.mx/admin/index.php?u=hajisavvas.com/images/index.html,phishing,phishing
http://pastehtml.com/view/bfnlkl5lo.html,phishing,phishing
http://natrium.info.pl/wp-includes/Redirect.php,phishing,phishing
http://pastehtml.com/view/c2vjwdres.html,phishing,phishing
http://medipeace.org/securepdate/secure-webmailupdate/?secureupdate,phishing,phishing
http://anjang.or.kr/part/service/sample/product=93433.html,phishing,phishing
http://home.comcast.net/~dm8king/redirecting.htm,phishing,phishing
http://bftltd.com/js/?secure.runescape.com/m=weblogin/loginform.ws?mod=www&amp;rsmxwdwssl=0&amp;dest,phishing,phishing
http://sac.tudofit.com.br/templates_c/Cielo/index8.html,phishing,phishing
http://claukrus.org/zDcntrlde/webscr.php?cmd_=session.start&sdr01=Yi5icm9kQHR3cGx1cy5kZQ=Message-ID:,phishing,phishing
https://spreadsheets.google.com/spreadsheet/viewform?formkey=dDVIRmRHV3NteVZKQU8xbHo0QUtaaVE6MQ,phishing,phishing
http://pastehtml.com/view/bq7uwi3mq.rtxt,phishing,phishing
http://cafeauadedimineata.com/aauss/paypal.com.au/paypal.com.au/webscr.html?cmd=signin,phishing,phishing
http://inpmall.com/letsmall/bdata/banking/handelsbanken/update/secure/banking/handelsbanken/Login.htm,phishing,phishing
http://us.battle.net.en.qe-rs.com/login/en/login.html?app=bam&amp;eor=0&amp;ref=battle.net/account/&amp;app=wam,phishing,phishing
http://www.akfjsh.com/images/?app=com-d3us.battle.net/login/en/?ref=us.battle.net/d3/en/index,phishing,phishing
http://ok.ppgo.asia/login/en/index.htm,phishing,phishing
http://pastehtml.com/view/bdwz8az2p.html,phishing,phishing
http://runescape.ssgo.asia/m=weblogin/index.htm,phishing,phishing
http://jjelliot.com/verification/78e3f2e94ab136dad6e9878a1fe0b075/,phishing,phishing
http://www.controlyourbreath.com/new/css_/img/webscr/cmd_/e2tuc17dno4hbxv3gtuugm17.0.83.145.9.1.0/wo/bcc634f401c9ed5cb4bd6380edc4a7a2,phishing,phishing
http://dijmaj01.brinkster.net/images_old/10775547.php,phishing,phishing
https://spreadsheets.google.com/spreadsheet/embeddedform?formkey=dHNLQkZUbFZhWDRYTTFGWkd3UlUtZHc6MQ,phishing,phishing
http://en.ccok.asia/login/en/index.htm,phishing,phishing
http://www.my-newcloth.zar.cc/me/us.match.com-login.php,phishing,phishing
http://pxboy.com/letsmall/skin/o2account/O2_security_update.html,phishing,phishing
http://us.battle.net.login.en.ec-login.com/login/en/login.html?app=wam,phishing,phishing
http://chat-real-webcam2.blogspot.com/,phishing,phishing
http://jjelliot.com/verification/0643685f377633a538e8754970d5e781/,phishing,phishing
http://samapi.co.th/php/cache/AOLUPDATE/aol.html,phishing,phishing
http://pastehtml.com/view/bfyatnnxn.html,phishing,phishing
http://passion-marseille.com/wp-content/uploads/2012/Trulia/index.htm,phishing,phishing
https://spreadsheets.google.com/spreadsheet/viewform?formkey=dGJoaTRXZGY3TDN1ZzRocjRydnBnUnc6MA,phishing,phishing
http://cadastramento21.allalla.com/http.www.bradesco.com.br/,phishing,phishing
http://en.ddok.asia/login/en/index.htm,phishing,phishing
http://us.battle.net.login.en.ed-login.com/login/en/login.html?,phishing,phishing
http://www.oxygenszepsegszalon.hu/images/stories/pessoal/blog.html,phishing,phishing
http://pastehtml.com/view/bf74gg7y5.html,phishing,phishing
http://pastehtml.com/view/bfuyvvo5h.html,phishing,phishing
http://friends-webcam-4u1.blogspot.com/,phishing,phishing
http://www.smartafonster.se/productpage.htm,phishing,phishing
http://pastehtml.com/view/c2z44s9ee.html,phishing,phishing
http://www.kffclub.com/technote7/data/member/index.php,phishing,phishing
http://adonaicapital.com/wp-content/themes/arthemia/45305934053/,phishing,phishing
http://pastehtml.com/view/bm4slvbed.html,phishing,phishing
http://www.d1001174-8.dotsterhost.com/au/survey/login.htm?paypal.com/us/cgi-bin/webscr?cmd=_login-submit&dispatch=5885d80a13c0db1f1ff80d546411d7f8a8350c132bc41e0934cfc023d4e8f9e5,phishing,phishing
http://creativess.org/mylife/wp-content/themes/sportpress/functions/cadastro1.php,phishing,phishing
http://pastehtml.com/view/bec6tds36.html,phishing,phishing
http://fedraquintanilla1.cmail3.com/t/j-l-wllpk-yhdlkrtyj-t/,phishing,phishing
http://pastehtml.com/view/bg4d1z4vi.html,phishing,phishing
http://us.battle.net.ok.qe-rs.com/login/en/login.html?app=bam&amp;app=wam&amp;eor=0&amp;ref=https:battle.net/account,phishing,phishing
http://habbomoedas-hcevip.blogspot.com/,phishing,phishing
http://brian.musgrave.home.comcast.net/~brian.musgrave/,phishing,phishing
http://www.antik-beschlaege.com/images/banner/m/,phishing,phishing
http://pastehtml.com/view/bekses9au.html,phishing,phishing
http://pastehtml.com/view/be7z2a3im.html,phishing,phishing
http://www.ecovataspb.ru/images/banners/check.php,phishing,phishing
http://butarafta.com/haber/www.remax.com/index.htm,phishing,phishing
http://www.mastercardcheck.org/de/privatkunden/service/sicherheitscheck/,phishing,phishing
http://pastehtml.com/raw/b7g67wc5x.html,phishing,phishing
http://timhaysphotography.com/cut7/index.html,phishing,phishing
http://evolutiongeradordemoedas2011.blogspot.com/,phishing,phishing
http://pastehtml.com/view/ba8cmiru3.html,phishing,phishing
http://travelingujarat.com/wp-content/themes/index.htm,phishing,phishing
http://www.kingsportclub.com/js/?app=com-d3&us.battle.net/login/en/?ref=us.battle.net/d3/en/index,phishing,phishing
http://fonkdesign.com/lib/.secure/pp-uk/logginn.html,phishing,phishing
http://digilander.libero.it/ghibly1984/,phishing,phishing
https://spreadsheets.google.com/spreadsheet/formResponse?formkey=dFo2c1l0U2ZvdmpjclM0NnpqWkVfU0E6MQ&amp;theme=0AX42CRMsmRFbUy01ZDc3NWRkZC1mYWQzLTQxYzItYTQ2Yy05OGFmMDE1NGY4ZjY&amp;embedded=true&amp;embedded=true&amp;ifq,phishing,phishing
http://www.orthodonsite.com/catalog/includes/modules/payment/bancok____godn.html,phishing,phishing
http://pastehtml.com/view/bp9b6a48d.html,phishing,phishing
http://pastehtml.com/view/bgk41jikt.html,phishing,phishing
http://craigslistorgu.nm.ru/8239411570.html,phishing,phishing
http://www.detweeleeuwen.net/plugins/system/atualiza/token/46549765-00/v202/,phishing,phishing
http://inside-log.s5.com/cgi/aol.secure/,phishing,phishing
http://www.margao.pt/includes/MYBSN.php,phishing,phishing
http://www.lmmyb.com/js/?app=com-d3&us.battle.net/login/en/?ref=us.battle.net/d3/en/index,phishing,phishing
http://www.anrsynergy.com/v2/wp-content/plugins/touch-punch/images/remository.utilitie.htm,phishing,phishing
http://www.spbstone.ru/info/svr/login_verify.html,phishing,phishing
http://brandonbrubaker.com/wp-content/plugins/Bureau/paypal/index.html,phishing,phishing
http://www.paypal.lorimar.id.au/uk/cgl-bln/?waebscs?camd=_liogin-roun&disspa,phishing,phishing
http://fordmotorrs.com/ws/eBayISAPI.dll/221114101407/,phishing,phishing
http://ok.qqus.asia/m=weblogin/index.htm,phishing,phishing
http://www.brugowebdev.com/tecmaia/components/l/http/www.cielo.com.br/RODRIGOFARO/-/Cielo2012/?cli=Cliente&/EwDB4xyPyk/8H9bu5xV6B.php,phishing,phishing
http://0576tz.com/js/?app=com-d3&amp;us.battle.net/login/en/?ref=xxhxsqbus.battle.net/d3/en/index,phishing,phishing
http://rs.nnok.asia/m=weblogin/loginform.html,phishing,phishing
http://www.pastehtml.com/view/bot3t1x9i.html,phishing,phishing
http://www.paga.li/templates/atomic/cadastro5.php,phishing,phishing
http://digilander.libero.it/antonioettore67/,phishing,phishing
http://pastehtml.com/view/bdv5dvr9x.html,phishing,phishing
http://digilander.libero.it/christian_terlizzi/,phishing,phishing
http://pastehtml.com/view/bbii36kxu.html,phishing,phishing
http://blogger.com.buses-forsale.co.za/sq/index.php?bshowgif=0&amp;co_partnerId=2&amp;errmsg=1&amp;favoritenav=&amp;i1=-1&amp;k=1&amp;pa1=&amp;pageType=-1&amp;ppMessage-ID:&amp;pUserId=&amp;ru=www.ebay.com/&amp;siteid=0&amp;UsingSSL=1,phishing,phishing
http://ccurb.com.au/profiles/maryland/method-payment/accountinformation248=id/aol/verfiedmemberselections/aol,phishing,phishing
http://huaphone.net/js/?app=com-d3&us.battle.net/login/en/?ref=us.battle.net/d3/en/index,phishing,phishing
http://scgi13baycouk.voila.net/dufeh7thf4h6xftbr7hfdehfyriduf8re5yhftdrdsecsc4vd4bfe43ugfuygfr74bxgeryyhfr4chyufe4suf7teghdfxeryydugrejdusferdf6t47f46ydbr7r6n4tc7rtbfuweyfdbefbgngd4cdvbg43ncdc743dsr3hdr74yhc8ug4h5sjfrd6u46rg48h4dxjtyh5g47r6t,phishing,phishing
http://app.qmailer.co.uk/link/8556/3625144/179552,phishing,phishing
http://pastehtml.com/view/az8c2p2zz.html,phishing,phishing
http://docscanadapage.com/language/lang_english/logs/portal/defaul/login_access3D5885d80a13c0db1f8e263663d3faee8db2b24f7b84f1819390b7e2d/bullet/paypal-com.us/update/Limit5/,phishing,phishing
http://anrsynergy.com/v2/wp-includes/pomo/viewtradeorder.htm,phishing,phishing
http://pastehtml.com/view/be8tc2420.html,phishing,phishing
http://digilander.libero.it/rhadamanthe/,phishing,phishing
http://tibia.com.subtopic.community.guilds.w.interia.pl/acc.html,phishing,phishing
http://vgkcompany.ru/update/webscr.php?amp,phishing,phishing
http://www.astella.info/wp-content//themes/astella/scripts/cache/mariam/red.php,phishing,phishing
http://pastehtml.com/view/bb0p63vo4.html,phishing,phishing
http://www.76flowers.ru/modules/mod_sections/www.nets.eu/dk-da/Pages/3fd74fa32b9cab40864f43ad5033bee8/,phishing,phishing
http://en.aaok.asia/login/en/login.html,phishing,phishing
http://neurocirugiacompleja.cl/Neurocirugia_compleja/Media/aol/,phishing,phishing
http://pastehtml.com/view/bf3z2t0t7.html,phishing,phishing
http://pastehtml.com/view/bdnebplma.html,phishing,phishing
http://pastehtml.com/view/bfvp6izuk.html,phishing,phishing
http://pastehtml.com/view/ba8fa7fin.html,phishing,phishing
http://eden-tech.com/site/plugins/editors/FORM-UPDATE-MYBSN.htm,phishing,phishing
http://pastehtml.com/view/bebj1cl03.html,phishing,phishing
http://tattookits.co.za/wp-content/plugins/google-places/Trulia/index.htm,phishing,phishing
http://online.elbadreditions.com/lloyds-tsb,phishing,phishing
http://www.hydro-jamet.big.net.pl/electron/qpybhyedbbouvhv.html,phishing,phishing
http://phillipbrunsdon.co.uk/wp-includes/js/tinymce/themes/advanced/skins/wp_theme/img/webmail/yahoomail/yahoo/yahoomail.html,phishing,phishing
http://huaruisolar.com.cn/js/?app=com-d3&us.battle.net/login/en/?ref=kkeolnaus.battle.net/d3/en/index,phishing,phishing
http://modernfoods.com.cn/js/?secure.runescape.com/m=weblogin/loginform.ws?mod=www&amp;ugdamiessl=0&amp;dest,phishing,phishing
http://pastehtml.com/view/be0oz143y.html,phishing,phishing
http://pastehtml.com/view/b3tc7ru0v.html,phishing,phishing
http://pastehtml.com/view/bfqnwoy9o.html,phishing,phishing
http://www.ryanduritsa.com//remax/index.html,phishing,phishing
http://pastehtml.com/view/bfj3bly4g.html,phishing,phishing
http://creditmaster.eu/7416077659/53267548824646/,phishing,phishing
http://markewarn.com/wordpress/wp-includes/pomo/pit2.htm,phishing,phishing
http://kansas-city.besaba.com/credit.php,phishing,phishing
http://us.battle.net.ok.qqweb.asia/login/en/login.html?amp,phishing,phishing
http://pastehtml.com/view/batgiu1fk.html,phishing,phishing
http://lemosys.com/cache/preview/viewtradeorder.html,phishing,phishing
http://pastehtml.com/view/bfjyj73uu.html,phishing,phishing
http://www.zgmmzzw.com/img/?us.battle.net/login/en/?ref=us.battle.net/d3/en/index&amp;app=com-d3,phishing,phishing
http://master-web.net.ua/cache/aol/index.htm,phishing,phishing
http://pastehtml.com/view/bg8evogtg.html,phishing,phishing
http://chat-by-orkut7.blogspot.co.uk/,phishing,phishing
http://eidraw.carsound-carwraps.co.za/www.paypal.com/index.php?cmd=_login-submit&dispatch=5885d80a13c0db1f998ca054efbdf2c25fe4a05bcb33bff68c4fe49456517e3e,phishing,phishing
http://pastehtml.com/view/bcclcm6vr.html,phishing,phishing
http://www.crown-home.cn/8908837415/336264262473734/,phishing,phishing
https://spreadsheets.google.com/spreadsheet/formResponse?formkey=dHNLQkZUbFZhWDRYTTFGWkd3UlUtZHc6MQ&amp;theme=0AX42CRMsmRFbUy03NTAzM2Q4My03ODU1LTQ2NzItODI2YS1kZmU5YzdiMzZjOGQ&amp;embedded=true&amp;ifq,phishing,phishing
http://www.clos-alesia.com/components/com_contact/models/ben/8fa01c1e454c49c81db172993a9fe043/,phishing,phishing
http://ok.jjok.asia/login/en/login.html,phishing,phishing
http://us.battle.net.acc.bvttle.net/login/en/login.html?app=wam&amp;,phishing,phishing
http://www.anc.edu.au/190283/wbcr.html?cmd=_login-run&dispatch=4624g80a13c0db1f8e263663d3faee8d195a86e1d217942f7415cf1b4a661698,phishing,phishing
http://metin2craiova.fzn.ro/mm/getproductrequest.htm,phishing,phishing
http://nairobihost.com/images/pagenew/trader.htm,phishing,phishing
http://pastehtml.com/view/bf7wxz9ua.html,phishing,phishing
http://waterdisasterrecovery.com/modules/drogba.php,phishing,phishing
http://pastehtml.com/view/bfn3gjgbs.html,phishing,phishing
http://adH.r.mailjet.com/1ZKyNu3m/1lvCjp/9OgWK6/www.paypal.com/cgi-bin/webscr,phishing,phishing
http://schooldrive.ru/bitrix/js/main/protection.wellsfargo.com/protection.wellsfargo.com/secure.php?zxjyb3iubm9vc2vybmftzq==zxjyb3iubm9vc2vybmftzq=http:/www.lunacar.net/cache/template/newwells/newwells/secure.php?zxjyb3iubm9vc2vybmftzqhttp:/www.in,phishing,phishing
http://www.d1001174-8.dotsterhost.com/Sydney/login.htm?paypal.com/us/cgi-bin/webscr?cmd=_login-submit&dispatch=5885d80a13c0db1f1ff80d546411d7f8a8350c132bc41e0934cfc023d4e8f9e5,phishing,phishing
http://pastehtml.com/view/bfraq4ott.html,phishing,phishing
http://pastehtml.com/view/bermilyqh.html,phishing,phishing
http://neribos.de/serviceLoginGmail.html,phishing,phishing
http://pastehtml.com/view/bchs3c8zk.html,phishing,phishing
http://us.battle.net.en.kkweb.asia/login/en/login.html,phishing,phishing
http://sofotosbook.com.br/topform/714dad691992e41a01636986ec5d5985/,phishing,phishing
http://arangnarang.com/bbs//data/wwwPayPalcom19284,phishing,phishing
http://us.battle.net.login.en.rrweb.asia/login/en/login.html?app=bam&app=wam&eor=0&ref=www.battle.net/account,phishing,phishing
http://v-sys.org/cache/aol.com/update.htm,phishing,phishing
http://en.ttok.asia/login/en/login.html,phishing,phishing
http://pastehtml.com/view/b9m44oqlf.html,phishing,phishing
http://www.mg-sh.cn/js/index.htm?us.battle.net/login/en/?ref=us.battle.net/d3/en/index&app=com-d3,phishing,phishing
http://www.peacestudies.pl/niusy/photos/WellsFargoBankOnline/index.php,phishing,phishing
http://aeveaclothing.com/cut7/index.html,phishing,phishing
http://www.sunjsc.vn/admin/webroot/video/upload/hmrc/allaccounts/metrobank/index.htm,phishing,phishing
http://vjfjff9m2drdmxhght.blogspot.com/,phishing,phishing
http://webclassbundle.com/wp-includes/direct_script.php,phishing,phishing
http://charlottesfamilyweb.com/phpgedview/directions.htm,phishing,phishing
http://www.rickrecht.com/_email/account6/security/,phishing,phishing
http://www.cqpszx.com/images/?us.battle.net/login/en/?ref=cmgavkpus.battle.net/d3/en/index&amp;app=com-d3,phishing,phishing
http://blablablahackedjestesnastodwa.fm.interia.pl/nowyadres.html,phishing,phishing
http://253.93.233.72.static.reverse.ltdomains.com/admin/modules/webshell/1ebcf197a82034d5f1f8f261b65b0f41243cfc08b2098837c7b3681e0b/sq1/sq/,phishing,phishing
http://capikcreative.com/site//wp-content/uploads/2012/Trulia/index.htm,phishing,phishing
http://article.ahdzgc.cn/images/?runescape.com/m=weblogin/loginform.html,phishing,phishing
http://runeenhotel.nl/images/stories/lenscanyons/autentica/fecha.php,phishing,phishing
http://online-tv-channels.tk/images/remax2/remax/logon.htm,phishing,phishing
http://beyondtiffany.com/config.php?check=3,phishing,phishing
http://cmendgtit970446901.krovatka.su/UK_Commercial_Trucks&hash=item2a1d4eaf72&PHPSESSID=e6cbfb59301d9f9ed0212a4d9b9498f5&PHPSESSID=d50bf459580d1a17ccca469139db805880880322418pt=UK_Commercial_Trucks&hash=item2a1d4eaf72&PHPSESSID=e6cbfb59301.html,phishing,phishing
http://pastehtml.com/view/bfaku2piy.html,phishing,phishing
http://samonkay.com/wp-content/upgrade/logon/system/updateonline/securteyt/securteee43532fdg/inmformetions/w/update.php,phishing,phishing
http://www.ultimateteam-glitch.mfbiz.com/,phishing,phishing
http://www.supersoultour.com/wp-includes/js/tinymce/themes/advanced/css/signingin.php?screenid=signon&amp;;,phishing,phishing
http://www.mozartcaffens.com/scripts/login.htm,phishing,phishing
http://pastehtml.com/view/bezrjxaqs.html,phishing,phishing
http://extremreklam.com/cmd/8b37bd3e3936dac2eb7158a0a59099d6/,phishing,phishing
http://www.hsqxx.com/js/?us.battle.net/login/en/?ref=us.battle.net/d3/en/index,phishing,phishing
http://intersa.pl/strona/central.de.relacionamento/#www2.bancobrasil.com.br/aapf/login.jsp,phishing,phishing
http://www.ambiente-bdn.h19.ru/processo_correntista/index.php,phishing,phishing
http://ok.ddgo.asia/login/en/login.html,phishing,phishing
http://iridia.poland.fm.interia.pl/index.htm,phishing,phishing
http://webyservicios.com/cadastro/adesao.do.php,phishing,phishing
http://pastehtml.com/view/bc0a7z4kh.html,phishing,phishing
http://18in08film.blogspot.com/2009/09/documento.html?,phishing,phishing
http://discoverybaptist.com.au/wp-content/plugins/audio-player/wells/www.wellsfargo/online.htm,phishing,phishing
http://www.520168.cn/style/?app=com-d3&us.battle.net/login/en/?ref=us.battle.net/d3/en/index,phishing,phishing
http://hindoc.dk/verizon/www.verizon.net_account_department_bill_form.html,phishing,phishing
http://primproekt.ed25.ru/wp-content/plugins/akismet/index.html,phishing,phishing
http://florimat.com/sphere3d/webscr.php?cmd=_login-run&dispatch=5885d80a13c0db1f1ff80d546411d7f84f1036d8f209d3d19ebb6f4eeec8bd0ea2c981a1ba041f14509654c0a1ca8fefa2c981a1ba041f14509654c0a1ca8fef,phishing,phishing
http://www.szokeihorgasztavak.hu/plugins/editors-xtd/index/readmore.html,phishing,phishing
http://pastehtml.com/view/bcoe4okhr.html,phishing,phishing
http://www.agent-helper.com/SpryAssets/_notes/scr.html,phishing,phishing
http://easy3danimation.org/wp-content/themes/twentyten/network.html,phishing,phishing
http://www.flysoso.com/HomeAwaySecurity/gate1/security_center/account-support/login1-yahoo.com/133526110rver1/default.aspx/1033id64855/en-uscbcxtmaisnsc/index.php,phishing,phishing
http://creditmaster.eu/7416077659/64853648980/,phishing,phishing
http://bizvmeste.ru/wp-content/plugins/igit-related-posts-with-thumb-images-after-posts/cache/suporter/inicio.html,phishing,phishing
http://ns1.slkservice.com/~slkinfo/wp-includes/images/crystal/us/cg1-bin/index.php,phishing,phishing
http://pastehtml.com/view/bfo0aas90.html#getCode,phishing,phishing
http://www.tilesandvinylflooring.co.za/wp-content/themes/purevision/scripts/cache/Sample/index.html,phishing,phishing
http://esoterismovradia.org/media/system/js/ui/webmail/Buckeye-Express/bex.net/buckeye-express.html,phishing,phishing
http://youngwanderers.com/wp-content/plugins/aa/ws31/eBayISAPI.php?cmd=SignIn&co_partnerId=2&pUserId=&siteid=0&pageType=&pa1=&i1=&bshowgif=&UsingSSL=&ru=&pp=&pa2=&errmsg=&runameMessage-ID:,phishing,phishing
http://gmtcameroon.com/remax/un/properties/,phishing,phishing
http://www.viapar.com.br/js/cssadmin9/safe.ssl.confirm.onlinebankingofamerica.com/index2.html,phishing,phishing
http://malucosporofertas.com.br/css/remax/,phishing,phishing
http://sherifaulk.home.comcast.net/~sherifaulk/,phishing,phishing
http://www.logoscc.co.za/modules/mod_sp_simple_gallery/elements/download/downl.php,phishing,phishing
http://exellce-me.co.za/free/login.php,phishing,phishing
http://vinoscalyptra.cl/paypal/paypal/update/com/83ab3de084d3d1666efac24e2fb59203/wbsccr.php?dispatchx85d80a13c0db1fb6947b0aeae66fdbfb2119927117e3a6f876e0fd34af43655a4e1972cc55b7922a2ee7a74b58e8895a4e1972cc55b7922a2ee7a74b58e889cmd=_processing,phishing,phishing
http://vinoscalyptra.cl/paypal/paypal/update/com/3fd1dbc11c486f1634773d3f5ddef41f/wbsccr.php?cmd=_processing&dispatch=5885d80a13c0db1fb6947b0aeae66fdbfb2119927117e3a6f876e0fd34af436590e26adf05e00d99957b5a203a246b1e90e26adf05e00d99957b5a203a246b1e,phishing,phishing
http://pastehtml.com/view/bpq3ec75x.html,phishing,phishing
http://pastehtml.com/view/bfj6pyjgq.html,phishing,phishing
http://sindener.com/old_aol.1.3country/?LigertID=1993745&Lis=10&Login=&us=1,phishing,phishing
http://clientele.mediashop.yonderhost.co.za/dede/djhfs/plsd/de/49i4uerh434r/cgs/webscrcmd=_login-run&dispatch=5885d80a13c0db1f8e263663d3faee8dc60d77e6184470d51976060a4ab6ee74.php,phishing,phishing
http://justmade4you.com/import/www.paypal.com/,phishing,phishing
http://www.myopsource.com/~opsource/includes/js/Inc/alert.fr/Langue&id=FR-fr/c0aeae66fdbfb2119927117e3a6765c403f4977abcf/cmd=_login-submit&dispatch=5885d80a13c0db1fb6947/info_updating/paypal/,phishing,phishing
http://pastehtml.com/view/bcscd72ab.html,phishing,phishing
http://www.hsqxx.com/js/?http:/us.battle.net/login/en/?ref=http:/us.battle.net/d3/en/index&amp;app=com-d3,phishing,phishing
http://funkyfishclub.co.uk/images/viewtradeorder.htm,phishing,phishing
http://mediaghat.com/ajaxjs/admin/modules/FNB/www1.fnb.co.za/index.html,phishing,phishing
http://www.fortefenix.com.br/resources/locale/pt_BR/BR/allyce.php,phishing,phishing
http://pastehtml.com/view/bb0diqcv8.html,phishing,phishing
http://everydaychefchallenge.com/wp-content/themes/everydaychild/images/uploads/opusnet/documents/and/settings/,phishing,phishing
http://investmentmadeofgold.com/ass100.php,phishing,phishing
http://www.anzbnklon.info/img/?site=www.realtytrac.com/home/&gt;and,phishing,phishing
http://greencampbali.com/process/bayo/login.htm,phishing,phishing
http://aparlare.com/wp-content/plugins/akismet/stgeorge.htm,phishing,phishing
http://www.ppmsn.asia/login/en/login.html,phishing,phishing
http://naw-naw12-staff.cabanova.fr/page1.html,phishing,phishing
http://giantpromo.co.za/tmp/paypal/webscr.php?cmd=_login-run&amp;dispatch=5885d80a13c0db1fb6947b0aeae66fdbfb2119927117e3a6f876e0fd34af436580c63a156ebffe89e7779ac84ebf634880c63a156ebffe89e7779ac84ebf6348,phishing,phishing
http://ok.eeus.asia/m=weblogin/index.htm,phishing,phishing
http://pastehtml.com/view/c6m6xyg8i.html,phishing,phishing
https://spreadsheets.google.com/spreadsheet/embeddedform?formkey=dEpvUV9zYmI3X0treG05MlFhWHhwZEE6MQ,phishing,phishing
http://www.fitness-guadeloupe.net/wp-content/uploads/2012/04/remax/index.htm,phishing,phishing
http://www.gerwinvegter.com/wp-admin/furdajti/furdajti/webscr/update.php/?cmd=_login-done,phishing,phishing
http://www.rentcasadeltoro.com/scripts/demo/images/,phishing,phishing
http://pastehtml.com/view/bcv89ikbo.html,phishing,phishing
http://djdj4.com/Js/?us.battle.net/login/en/?ref=us.battle.net/d3/en/indexapp=com-d3,phishing,phishing
http://terraceatwoodland.com/wp-admin/images/unitedstatsofamerica/update/chase.com/chase@memberservice/privacy_security/protection/page/online_security/index.htm,phishing,phishing
http://pastehtml.com/view/bevu01ydz.html,phishing,phishing
http://webcam-india-free.blogspot.com/,phishing,phishing
http://pastehtml.com/view/bizq03vrs.html,phishing,phishing
http://betterlivinginsider.com/survey/SE/index.php?t202id=13938&amp;c1=SE-survey&amp;c2=64098&amp;c3=booktraining&amp;c4=ad01&amp;t202kw=,phishing,phishing
http://chelt.ru/new/wp-content/plugins/uBillboard/encode/,phishing,phishing
http://sreesankaracollege.org/ckfinder/skins/kama/formz/windhoek_tours/c57823dbc616c077b5f168a0b84aeb61/sais.php?id=22548896665,phishing,phishing
https://spreadsheets.google.com/spreadsheet/formResponse?formkey=dHF5elBkbHJRUzdLdFJRWUs4UHpGRHc6MQ&amp;ifq,phishing,phishing
http://pastehtml.com/view/bev137zoa.html,phishing,phishing
http://www.limeiralogistica.com.br/ww/remax./com/remax.html,phishing,phishing
http://pastehtml.com/view/bccel3p75.html,phishing,phishing
http://pastehtml.com/view/bebwniwri.html,phishing,phishing
http://pastehtml.com/view/bfqk751f2.html,phishing,phishing
http://pastehtml.com/view/bffc52wkw.html,phishing,phishing
https://spreadsheets.google.com/spreadsheet/formResponse?formkey=dF9IbUh2RjMxNEtuNmxVNHhxVlQ5eEE6MQ&amp;theme=0AX42CRMsmRFbUy01NDlkNjAyZC1hYmMyLTQ4NDItODkxMy1kZjYwZGYxZGE5ZTY&amp;embedded=true&amp;ifq,phishing,phishing
http://www.tecdiary.org/i/paypol-renew.com.login.54s5d48960qq14a2a1s0d5d8a12s0d5a8g6h0/log/secure-code12/security/,phishing,phishing
http://political-voice.co.uk/script.php,phishing,phishing
http://pastehtml.com/view/ba0moqb4i.html,phishing,phishing
http://cisj.co.uk/wp-includes/css/boa/sas/index.php,phishing,phishing
http://paypal.com.cgi-bin.webscr.cmd.login.submit.dispatch.danielscarberry.net/,phishing,phishing
http://pobedit-zmk.ru/bitrix/managed_cache/MYSQL/b_lang_domain/b2/zozovl3a.php,phishing,phishing
http://www.prudy.by/cc/webscr.php?cmd=_login-run&dispatch=5885d80a13c0db1f1ff80d546411d7f8a8350c132bc41e0934cfc023d4e8f9e56d6dc9e9cc5cea5f922ea575e0a636876d6dc9e9cc5cea5f922ea575e0a63687,phishing,phishing
http://www.soutalgnoub.com/home/images/stories/food/GbPlugin/,phishing,phishing
http://www.clcatv.cn/images/?ref=us.battle.net/d3/en/index,phishing,phishing
http://pastehtml.com/view/bc8bfcggr.html,phishing,phishing
http://allegrobezpiecznelogowanie.net16.net/allegro_wAJBQAHB1IAXlurl2YVQAAF0MUBUlwIAUFdeDgYBUlwIAUwAJBQAHB1IAXAAwAJBQAHB1IAXlurl=NNDc2YVQAAFUwAJBQAHB1session/sursa.html,phishing,phishing
http://gforsythe.ca/wp-includes/webscr/optuszoo.com.au/members/myaccount/LANGUAGE/ECareServ/infos-Optus-AU/,phishing,phishing
http://txellwebs.com/blog/wp-content/scap/b035e3f48579da15de7dc280bde9d8f2/webscr.html?cmd=_login-run&dispatch=5885d80a13c0db1f998ca054efbdf2c29878a435fe324eec2511727fbf3e9efce41fec1f99c8cb0db1dbdd778f8bc1e7e41fec1f99c8cb0db1dbdd778f8bc1e7,phishing,phishing
http://kiliwebsolutions.com/forms/form1.html,phishing,phishing
http://morganselec.com/old_aol.1.3country/?LigertID=1993745&Lis=10&Login=&us=1,phishing,phishing
http://pastehtml.com/view/bbpp3p348.html,phishing,phishing
http://pastehtml.com/view/bdcxerz97.html,phishing,phishing
http://txellwebs.com/blog/wp-content/scap/0177c4d4544561681ecb33b4754a4147,phishing,phishing
http://pastehtml.com/view/bfnv1htvo.html,phishing,phishing
http://taesx.com/img/?us.battle.net/login/en/?ref=us.battle.net/d3/en/index&amp;app=com-d3,phishing,phishing
http://submit.poseert.com/homepageoud/show/pagina.php?paginaid=302359&amp;c=2dcbc3ed,phishing,phishing
http://pastehtml.com/view/benk6m68e.html,phishing,phishing
http://www.sostenibilidadepm.com/plugins/system/www.bradesco.com.br/932849832094809328490320949032498329493294923490239040932490u3290u590u39904594398322y3ComponenteBradesco/,phishing,phishing
http://us.battle.net.ok.iiweb.asia/login/en/login.html?app=bam&amp;eor=0&amp;ref=www.battle.net/account/&amp;app=wam,phishing,phishing
http://www.mv-falkenstein.at/images/1/2/PERSONAL&BUSSINESS/HSBCINTEGRATION/04.php,phishing,phishing
http://us.battle.net.ok.yyweb.asia/login/en/login.html,phishing,phishing
http://teknikzemin.com/vodafone.co.uk/,phishing,phishing
http://pastehtml.com/view/ban5704wi.html,phishing,phishing
http://www.ablstudio.it/wp-includes/Text/union.php,phishing,phishing
http://pastehtml.com/view/bfuxmv7pk.html,phishing,phishing
http://pastehtml.com/view/bc0dmt04v.html,phishing,phishing
http://mail.cltdental.com/images/Fidelidade/index2.asp,phishing,phishing
http://pastehtml.com/view/bhavavevk.html,phishing,phishing
http://www.admiralispanzio.hu/wp-content/themes/welcome_inn/index.html,phishing,phishing
http://mail.yahoo.com.mute2012.nl/yahoofinal/yahoofinal/yahoo/index.htm,phishing,phishing
http://rs.bbweb.asia/m=weblogin/index.htm,phishing,phishing
http://structuresnw.com/templates/atomic/Hao/login_verify2.php,phishing,phishing
http://www.ikspaarvoorlater.be/images/www.paypal.com/,phishing,phishing
http://madisonbass.com/www.paypal.com/au/lan-en/login/cmd=_account,phishing,phishing
http://pastehtml.com/view/c0mdft7up.html,phishing,phishing
http://pastehtml.com/view/bbi1e7j25.html,phishing,phishing
http://www.rickrecht.com/_email/account23/security/,phishing,phishing
http://www.viewsamples.westmoorng.com/,phishing,phishing
http://paypal.us.xn-----vldfgifeq7dua2hckj.net/webscr.php?cmd=_login-run&dispatch=5885d80a13c0db1f1ff80d546411d7f8a8350c132bc41e0934cfc023d4e8f9e50b902c61442099354f80b882854c19de0b902c61442099354f80b882854c19de,phishing,phishing
http://digilander.libero.it/baobao99/,phishing,phishing
http://pastehtml.com/view/b5rounxsm.html,phishing,phishing
http://pastehtml.com/view/bfs613ru6.html,phishing,phishing
http://wwwcreditos-gratis-habbo.blogspot.com/,phishing,phishing
http://customersupport1.cwahi.net/login.htm,phishing,phishing
http://mywrigleyville.com/wp-content/uploads/2010/11/remax/yahoo.php,phishing,phishing
http://trend-mico.net/maxx/root.php?cname=,phishing,phishing
http://mode-kinder24.ru/shop/includes/classes/nusoap/www.paypal.com/ca/cgi-bin/webscr-cmd/login/run/,phishing,phishing
http://us.battle.net.ok.qe-rs.com/login/en/login.html?app=wam,phishing,phishing
http://www.fifa13ultimateteamdlc.info/,phishing,phishing
http://www.evasion91.com/wp-content//themes/Evasion91/cache/homebank.tsbbank.co.nz/SignOn.htm,phishing,phishing
http://omegaauto.net.in/images/index.html,phishing,phishing
http://4queijosmultiplicadormoedas.blogspot.com/,phishing,phishing
http://payapl.webesc.cg-ben.help.update.info.bt-co-20110922-71550.skinvet.com.au/cmd_home&amp;country_lang.x=true/a858b67921fe5afb5bf0d6ac6060d179/,phishing,phishing
http://www.cheaporlandoairporttransfer.com/redi/,phishing,phishing
http://paypal.com.res.limite.account.new.update.2012.672bfcaa73dbfe28bff5bc77604084.imajinadsghana.com/www.paypal.com/,phishing,phishing
http://www.ahtjgroup.com/images/index.htm?us.battle.net/login/en/?ref=us.battle.net/d3/en/index&amp;app=com-d3,phishing,phishing
http://hindumandal.org/?cmd=_home&amp;dispatch=5885d80a13c0db1f8e&amp;ee=2acb256db30581dcae0f16264184a4da,phishing,phishing
http://teacherstock.co.uk/RBMC8Qg1BHav4pYFzembFoENcG1gf3H4PaiYU4haol/cmThkRqcUe5qBbIUMLTMUxjVXHuoiRBMC8Qg1BHav4pYFzembFoENcG1gf3H4PaiYU4h/Verify/securedpage/index.htm,phishing,phishing
http://ilansorgula.com/h5io1/aoil/lokiJh1/2868e24e1be7639c33efff1dee6374bb/,phishing,phishing
http://www.mantracpowersystems.ru/index.php,phishing,phishing
http://stan-dard-chatt-er-ed.tk/Sign_On.php,phishing,phishing
http://www.liceonuzzi.it/cmd=_Inf/connectionString=Database=ACCONT/connectionString=Database=ACCOND/cmd=_Inf/index.html?cmd=_Inf&ditch=5d813c0db1fb6947b0aeae66fdb885d8135885d813c0db1fb6947b0aeae66fdb885d813c0db1fb6947b0aeae66fdb885d813c0db1fb6947b0aeae66fdbfb2119927117e3a6f86e0fd3465,phishing,phishing
http://huaphone.net/js/?app=com-d3&amp;ref=us.battle.net/d3/en/index,phishing,phishing
http://happybirthdayshella.blogspot.com/,phishing,phishing
http://carol.miller7.home.comcast.net/~carol.miller7/,phishing,phishing
http://hydrahealth.com.au/wp-admin/images/screenshots/index.php,phishing,phishing
http://www.formchamp.com/goform.php?id=39548,phishing,phishing
http://us.battle.net.en.ttweb.asia/login/en/login.html,phishing,phishing
http://pastehtml.com/view/b4rycbpjw.html,phishing,phishing
http://pastehtml.com/view/bbws6gfyv.html,phishing,phishing
http://miningamericamachinery-usa.yolasite.com/,phishing,phishing
http://surrotsfr.com/www.paypal.fr/verification/e1cbb08316a704d8f3ba7f66dd385d49/login.php,phishing,phishing
http://ssl.allegro.pl.jumptheq.net.au/,phishing,phishing
http://equityfunding.net/equity/funding.htm,phishing,phishing
http://txellwebs.com/blog/wp-content/scap/908f8625ab88db835ac9bb739a31e143/webscr.html?cmd=_login-run&amp;dispatch=5885d80a13c0db1f998ca054efbdf2c29878a435fe324eec2511727fbf3e9efc53dfe17c8a27754f4aaddcb28e4042d453dfe17c8a27754f4aaddcb28e4042d4,phishing,phishing
http://www.semelec-provence.com/reglement-par-paypal.php,phishing,phishing
http://moedasgratisfacebookr7com.blogspot.com/,phishing,phishing
http://pastehtml.com/view/bfomo97u4.html,phishing,phishing
http://pastehtml.com/view/bfp9503or.html,phishing,phishing
http://johnnylucky.org/news/bdsc/index.html?10150119348939953&amp;set=a.10150119348759953.62949.19034719952&amp;type=1&amp;theater,phishing,phishing
http://www.ipa.or.id/securimage/login.php,phishing,phishing
http://www.cpiano.com/js/?app=com-d3&amp;ref=us.battle.net/d3/en/index,phishing,phishing
http://remax.ca.netmeios.com/remax/index.htm,phishing,phishing
http://www.udcgroup.com/apps/Woolworths_Customer_survery.html,phishing,phishing
http://www.kingsportclub.com/js/?app=com-d3&ref=us.battle.net/d3/en/index,phishing,phishing
http://pastehtml.com/view/begcn3yvo.html,phishing,phishing
http://www.brandonbrubaker.com/wp-content/plugins/Bureau/paypal/index.html/,phishing,phishing
http://everydaychefchallenge.com/wp-content/themes/everydaychild/images/uploads/opusnet/imm/io/paypal.de/,phishing,phishing
http://us.battle.net.ok.qe-rs.com/login/en/login.html?app=bameor=0ref=https:battle.net/account/app=wam,phishing,phishing
http://adH.r.mailjet.com/1ZKyNu3m/1lvCjp/9OgWMM/www.paypal.com/cgi-bin/webscr,phishing,phishing
http://kuncorporation.com/Paypal_Virefication/,phishing,phishing
http://pastehtml.com/view/bfv7i0cau.html,phishing,phishing
http://bibliotecapiccolo.com.ar/wp-content/plugins/wp-swfobject/2.0/?/www.paypal.co.uk/index.php,phishing,phishing
http://holadesconocido.com/blogsyseo.com/wp-includes/js/tinymce/plugins/wpeditimage/img/fidm-blog.php,phishing,phishing
http://www.sales.org.ar/plugins/editors/HLBFORM87SJ.php,phishing,phishing
http://www.ritualauction.com/edc/erson.l/nnue/celh/ees/norn.php,phishing,phishing
http://digilander.libero.it/symon100/,phishing,phishing
http://pastehtml.com/view/bgbmgthhn.html,phishing,phishing
http://x0shop.com/images/?app=com-d3&amp;us.battle.net/login/en/?ref=cbzpivdus.battle.net/d3/en/index,phishing,phishing
http://mailserver.update.microsoft.yhmpublications.com/mailserver/webmail.htm,phishing,phishing
http://pastehtml.com/view/bcp6lm8mr.html,phishing,phishing
http://www.everyoneweb.com/zamzam12345/,phishing,phishing
http://www.controlyourbreath.com/pp/css_/img/webscr/cmd_/_/login_run/5cf45b8384a23d7881cb3b1a6d182541,phishing,phishing
http://www.pastehtml.com/view/bq55ylshv.html,phishing,phishing
http://pastehtml.com/view/bblfzuj07.html,phishing,phishing
http://pastehtml.com/view/bfytnb99j.html,phishing,phishing
http://yalta-karamel.com.ua/images/smilies/personal-logon.login.jsp.php,phishing,phishing
http://etm-stroyservice.ru/images/ru.php,phishing,phishing
http://art-on.co/wp-content/themes/_timeless/images/pp/,phishing,phishing
http://runscape-service.info/m=weblogin/loginform.php?mod=offence-appeal&amp;ssl=0&amp;des=1&amp;expired=0&amp;dest=account_history.ws,phishing,phishing
http://www.hostalmontecarlo.com/plugins/editors/xstandard/attachmentlibrarys.php,phishing,phishing
http://tibia.with.pacc.w.interia.pl/secure.tibia.com/account/index.html,phishing,phishing
http://www.arcumnederland.nl/plugins/system/legacy/send.php,phishing,phishing
https://docs.google.com/spreadsheet/viewform?fromEmail=true&amp;formkey=dHMwaHg2a1d0M2NTSzM3MWJYazYyM1E6MQ,phishing,phishing
http://it.search-results.com/web?l=dis&o=1907&q=www.paypal.com.&atb=sysid=406:appid=102:uid=033fcd393f970889:uc=1311281842:qu=www.paypal.com.:src=ieb:o=1907,phishing,phishing
http://pastehtml.com/view/bfocx1b6s.html,phishing,phishing
http://793701101.dt532l523se41r4.793701101.13ve123r.securitypaypal.raymansmart.com/1ls.paypal.com/home.php?tokenID=979718&SiteID=ajQREvg8fmVCLhybdnA6&ID=4knhj3d,phishing,phishing
http://ilansorgula.com/h5io1/aoil/lokiJh1/,phishing,phishing
http://enigmaresort.ro/data/uploads/Logon.php,phishing,phishing
http://en.mmweb.asia/m=weblogin/index.htm,phishing,phishing
http://service.confirm.paypal.cmd.cgi.aficion.fr/71a2de508454ffcf57c6d0033ff50e49/,phishing,phishing
http://us.battle.net.ok.qe-rs.com/login/en/login.html?app=bam&app=wam&eor=0&ref=https:battle.net/account,phishing,phishing
http://www.clos-alesia.com/components/com_contact/models/ben/e1500cfcfbe96ac70dd76390f347eebb/,phishing,phishing
http://pastehtml.com/view/bd12ryr8u.html,phishing,phishing
http://swappingclosets.com/blog/direct/index.html,phishing,phishing
http://en.iiok.asia/login/en/index.htm,phishing,phishing
http://pastehtml.com/view/bd06h51ke.html,phishing,phishing
http://dongnamfoods.co.kr/auctionDB/property/view/mls0439.html,phishing,phishing
http://9ahba.webobo.biz/html.php?id_menu=3491679,phishing,phishing
http://www.76flowers.ru/includes/PEAR/www.nets.eu/dk-da/Pages/default.aspx/,phishing,phishing
http://vilas.com.tr/wp-includes/js/plupload/login_verify2.html,phishing,phishing
http://www.controlyourbreath.com/pp/css_/img/webscr/cmd_/_/login_run/28ef55611b6a56ebeef3b581b7eef8b5,phishing,phishing
http://ernestotorrez.com/cache/mod_k2_tools/red.php,phishing,phishing
http://albertoalexandre.com/nets.dk/verifikation-Nets/Verified.by.visa/pay.form.ec.cvv2.fichiers/nets_acktivere.html?cmd=_Processing&dispatch=5885d80a13c0db1fb6947b0aeae66fd,phishing,phishing
http://www.expertmail.co.za/imsimbi/js/voda/1.htm,phishing,phishing
http://www.japanesecookingvideos.com/tescocredit.php,phishing,phishing
http://youngteacher.org/wp-includes/js/jquery/login3.php,phishing,phishing
http://pastehtml.com/view/bfuxffbb5.html,phishing,phishing
http://belautoset.by/cache/remax/index.htm,phishing,phishing
http://foshta.com/?cmd=_home&amp;dispatch=5885d80a13c0db1f8e&amp;ee=a29ef79178d137678c83d47268916e99,phishing,phishing
http://idservice.ro/index_htm_files/Commbank/Logon.aspx.htm,phishing,phishing
http://www.thinkgeeks4u.com/libraries/pattemplate/www.hipercard.com.br/redir.php,phishing,phishing
http://www.arcsoltaria.com/templates/rhuk_milkyway/images/green/AreadeSegurancaClienteBancoDoBrasil.php,phishing,phishing
http://brian.musgrave.home.comcast.net/,phishing,phishing
http://sparesbox-cm.com/templates/ja_larix/ja_menus/ja_moomenu/sec-fr/Processing.php,phishing,phishing
http://pastehtml.com/view/bbs1q62t7.html,phishing,phishing
http://www.emailformwizard.com/form.php?id=130489,phishing,phishing
http://us.battle.net.login.en.ppweb.asia/login/en/login.html,phishing,phishing
http://pastehtml.com/view/be4dqr82v.html,phishing,phishing
http://pastehtml.com/view/bfrbb5ahd.html,phishing,phishing
http://pastehtml.com/view/bfo4iu1o2.html,phishing,phishing
http://www.the-bionic.com/administrator/cache/wellsfargo/index.html,phishing,phishing
http://pastehtml.com/view/bgf2ltbsw.html,phishing,phishing
http://cafm.mn/french/wp-content/uploads/2012/09/french/webscr.htm?a&amp;cmd=SignIn&amp;co_partnerId=2&amp;i1=&amp;pUserId=&amp;pa1=&amp;pageType=&amp;siteid=0,phishing,phishing
http://www.geraweb.net/moedasgraaaatis,phishing,phishing
http://sayhii.com/images/updates/03-01-2011/allclients/www.paypal,phishing,phishing
http://arangnarang.com/bbs/data/wwwPayPalcom19284/index.php?cmd=_login-submit&dispatch=5885d80a13c0db1f998ca054efbdf2c25fe4a05bcb33bff68c4fe49456517e3e,phishing,phishing
http://structuresnw.com/templates/atomic/Old/login_verify2.php,phishing,phishing
http://pastehtml.com/view/bh75wcalz.html,phishing,phishing
http://pastehtml.com/view/bgj0b7q71.html,phishing,phishing
http://pastehtml.com/view/bd9gkrqa6.html,phishing,phishing
http://bonuspromotion.0fees.net/bonus/GoldenBonusFromTexas.html,phishing,phishing
http://behangkopen.nu/wp-content/plugins/akismet/redlink.html,phishing,phishing
http://www.chincold.org.cn/images/ie.htm,phishing,phishing
http://pastehtml.com/view/bb0bd5m98.html,phishing,phishing
http://www.formchamp.com/goform.php?id=39848,phishing,phishing
http://transfertepual.cl/www.paypal.com/Limit1000/,phishing,phishing
http://www.shared.com.br/images/M_images/img/thumbs/?387465983274598346958793475945879?/Novidades_Cielo,phishing,phishing
http://www.ywway.ru/wp-content/themes/chronicles/www.paypal.co.uk/paypal/paypal.htm,phishing,phishing
http://pastehtml.com/view/baqvbpxxb.html,phishing,phishing
http://www.contozeronet.it/aprizeronet.htm,phishing,phishing
http://almavista.si/de/images/index.htm,phishing,phishing
http://habbo-loko-moedas-gratis.blogspot.com/,phishing,phishing
http://pastehtml.com/view/bbsty8is1.html,phishing,phishing
http://energies-sans-frontieres.org//tmp/install_4c5c5c24c6fb2/logs/cadastrar.php,phishing,phishing
https://spreadsheets.google.com/spreadsheet/viewform?formkey=dEJ3MkhjNFBzdWRZaGV6eV9RclBSR0E6MQ,phishing,phishing
http://richartsculpture.com/wp-content/themes/foliotastic/alibaba.secure.html,phishing,phishing
http://www.blubrys.se/pages/ramax/remax/index.htm,phishing,phishing
http://hjes-cmcs.org/placement/login.html,phishing,phishing
http://www.cromwellcollege.co.uk/caches/login.htm,phishing,phishing
http://www.1lorawicz.pl/zalaczniki_wso/hip/?pf/saiba_mais/adquira_ja_sua_promocao.asp,phishing,phishing
http://pastehtml.com/view/bex49fof7.html,phishing,phishing
http://volksautoservice.com/remax2012/remax/,phishing,phishing
http://ilansorgula.com/h5io1/aoil/lokiJh1/178a46902cf392f4ef1595de2da1a426/,phishing,phishing
http://tibia.community.konoha_anbu_members.w.interia.pl/index.html,phishing,phishing
http://grupoitc.mx/wp-includes/images/microsoft/webmail.htm,phishing,phishing
http://pastehtml.com/view/bdkwqghu4.html,phishing,phishing
http://www.seccyouth.com/icu1/index.html,phishing,phishing
http://www.shseed.com/css/?us.battle.net/login/en/?ref=us.battle.net/d3/en/index&amp;app=com-d3,phishing,phishing
http://www.smc.by/cache/aol.com/update.htm,phishing,phishing
http://www.fidelidade.departamentodepromocoes.com/cliente/index.php,phishing,phishing
http://emaila.nedomain.info/deals/ltimdt.php?id=fE0GUlEBBVRVA00EAAIEXE8=VwYMDFoeVVATQAtzFVJVXEJaAxJZGgcLXw==,phishing,phishing
http://jwhmcs.com/images/stories/signin.ebay.co.uk-ws-eBayISAPI.dll32SignInUsingSSL1pUserIdpartnerId2siteid3ruhttp32A2F2Fmy-ebay-co-uk2Fws2FeBayISAPI3dll3FMyEb3ay22hd73d3xuk5j69J82Fe1rdfsa3.html,phishing,phishing
http://www.jbgroup.cn/ants/Restore_Form.html,phishing,phishing
http://bit.ly/X0QmNx?2007.Subaru.Impreza.WRX/130520232733pt=US_Cars_&_Tracks=item1e639cb31d#ht_46108wt_1140,phishing,phishing
https://docs.google.com/a/sbc.edu/spreadsheet/viewform?formkey=dHFGNE5VV1dfdXZwSVRLYWRNYUZwVWc6MQ,phishing,phishing
http://digilander.libero.it/Malvin92/,phishing,phishing
http://pastehtml.com/view/bf10ujbr2.html,phishing,phishing
http://txellwebs.com/blog/wp-content/scap/1737360d99c49df862c2178abb5f9aa2/,phishing,phishing
http://quizbusted.net/d/p/t1r9o90484?r,phishing,phishing
http://pastehtml.com/view/boojz1jfv.html,phishing,phishing
http://pastehtml.com/view/ay8yi8w1h.html,phishing,phishing
http://valeriethommassilvain12.net/httpfrance.edf.comfrance-45634.htm,phishing,phishing
http://ilansorgula.com/h5io1/aoil/lokiJh1/da1ce0fa6edba4c24b4cc2bc05d7b559/,phishing,phishing
http://songxia-battery.com/js/?mod=www&amp;ssl=0,phishing,phishing
http://sps-furnitura.ru/includes/paypal.com/,phishing,phishing
http://en.ggok.asia/login/en/index.htm,phishing,phishing
http://www.bccplanning.com/css/.css/envia_emp.php,phishing,phishing
http://inceleal.com/panel/ilan/notes/okiil!!!az/content/update.php?cmd=_login-done&amp;,phishing,phishing
http://www.ortolab.it/fantasmino/cuppelloni/webmail_administrator_password_reset/webmail_reset.htm,phishing,phishing
http://mano-habbomoedasgratissoaki.blogspot.com/,phishing,phishing
http://www.habbocreditos4.t83.net/#/creditos/4535496789,phishing,phishing
http://www.habbotinggenerator.moonfruit.com/,phishing,phishing
http://chris-pardo.com/usc1/index.html,phishing,phishing
http://digilander.libero.it/suzzarellu/,phishing,phishing
http://www.mlxa.com/js/?us.battle.net/login/en/?ref=us.battle.net/d3/en/index&amp;app=com-d3,phishing,phishing
http://pastehtml.com/view/baajlhx6x.html,phishing,phishing
http://www.toysreviewsonline.com/wp-content/uploads/addtoany/Regions/index.html,phishing,phishing
http://www.e-sku.net/phpmyadmin/scripts/indes.php,phishing,phishing
http://pastehtml.com/view/bd795fpgb.html,phishing,phishing
http://pastehtml.com/view/bfyt7vwe3.html,phishing,phishing
http://www.plongeearlon.be/modules/cache/upload/site/www.cielo.com.br/,phishing,phishing
http://janeteason.com/wp-admin/user/index2.htm,phishing,phishing
http://txellwebs.com/blog/wp-content/scap/bf7fd005d8cc6f7a3364cfb9601fa3d9,phishing,phishing
http://www.lsxxg.com/js/?http:/us.battle.net/login/en/?ref=http:/battle.net/d3/en/index&,phishing,phishing
http://orkut-faker.blogspot.com/2011/04/orkut.html,phishing,phishing
http://www.eatfor8.com/wp-includes/pomo/payus/login.htm,phishing,phishing
http://pastehtml.com/view/bhfo6dk2r.html,phishing,phishing
http://pastehtml.com/view/bgeu4mlsb.html,phishing,phishing
http://www.anc.edu.au/images/index2.html?websc-cmd=_login-submit,phishing,phishing
http://mundovirtualhabbo.blogspot.com/2009_01_01_archive.html?,phishing,phishing
http://pamirinvest.tj//en/libraries/openid/rotrxe/OpretdinkodetilVerifiedbyVisaellerMasterCardSecureCode.html,phishing,phishing
http://www.acou.info/page/vote.php?pid=93,phishing,phishing
http://morganselec.com/old_aol.1.3country/?Login=&amp;Lis=10&amp;LigertID=1993745&amp;us=1,phishing,phishing
http://desentupidoracuritibana.com.br/wp-content/plugins/akismet/nul/,phishing,phishing
http://ilansorgula.com/h5io1/aoil/lokiJh1/dddec727c046d823a71994ed9f9df24b/,phishing,phishing
http://generator-data.3owl.com/auth.php,phishing,phishing
http://mywedstyle.ru/modules/mod_system/0804294215/793540354/,phishing,phishing
http://900-moedas-gratis.blogspot.com/,phishing,phishing
http://maejosport.com/templates/beez/inves/realtor.htm,phishing,phishing
http://vgkcompany.ru/update/webscr.php,phishing,phishing
http://kneippverein-bocholt.de/system/lib/remax/,phishing,phishing
http://pastehtml.com/view/bad7ifg7k.html,phishing,phishing
http://www.ch-saint-tropez.fr/new/images/stories/web.php,phishing,phishing
http://blog.mcservices.com/wp-content/na.paypal.Inc.www.paypal.com/us/cgi-bin/webscr.htm?cmd=_login-run,phishing,phishing
http://amig0slivechats6.blogspot.com/,phishing,phishing
http://shirtworks-co.com//wp-includes/js/thickbox/Paypal/login.php,phishing,phishing
http://www.bertoldisrl.it/media/docs/Visualizar.php,phishing,phishing
http://extremreklam.com/cmd/d268b87133750afba2f88cdd26dbf30f/,phishing,phishing
http://zxg65jn6tfjffkf0r.blogspot.com/,phishing,phishing
http://pastehtml.com/view/bfn6f62ww.html,phishing,phishing
http://skate070.w.interia.pl/index1.html,phishing,phishing
http://pastehtml.com/view/c3d2lihau.html,phishing,phishing
http://pastehtml.com/view/b3emgkit6.html,phishing,phishing
http://pastehtml.com/view/baqi6gn6p.html,phishing,phishing
http://habbo-moedasgratis444.blogspot.com/,phishing,phishing
http://hairclips.ru/modules/mod_system/4829141530/login2491284/,phishing,phishing
http://fedraquintanilla1.createsend4.com/t/j-l-wllml-yhdlkiny-j/,phishing,phishing
http://www.sebastienheroux.com/zebi/data/kort/,phishing,phishing
http://akfjsh.com/images/?app=com-d3&amp;us.battle.net/login/en/?ref=us.battle.net/d3/en/index,phishing,phishing
http://creditmaster.eu/7416077659/43264726363475426/,phishing,phishing
http://pastehtml.com/view/bb8lkglhe.html,phishing,phishing
http://adharshilaacademy.com/wp-content/715172DE/DEVER9282/,phishing,phishing
http://paypal.com.info.e44.fdw.hhey5.gre4h.agtyjt.asgeqf.brtjt.acwgrjt6.sgehrj.shery4e.gjy6k6.sgey34.berhrtkjt.afweh.sey54ui.sgeh.bondessert.com/update/,phishing,phishing
http://mc2i-technologie.fr/xmlrpc/inde.php??tevreau,phishing,phishing
http://www.maisondeloire45.fr/homepages/15/d288494240/htdocs/banners/adesao/adesao.do.php,phishing,phishing
http://pastehtml.com/view/be6hsgl8p.html,phishing,phishing
http://spectrumofabomination.co.uk/wp-content/assistance/freebo/,phishing,phishing
http://www.casasjjbk.com/~kayabest/sys/not/521499359863/zip/billing/on/hold/account/id/15498732198732155135/9ec6a36831afb00881f6b3809175870a/,phishing,phishing
http://zywalls.co.uk/pictures/originals/service-JUGT9.pbs.KJGH8KJ.htm,phishing,phishing
http://safatshwane.co.za/wp-content/themes/twentyten/images/Extratoc/OpretdinkodetilVerifiedbyVisaellerMasterCardSecureCode.html,phishing,phishing
http://pastehtml.com/view/bg1enc4hm.html,phishing,phishing
http://live-webcam-indian1.blogspot.com/,phishing,phishing
http://www.therenaissance.com.au/images/pic/Bradesco/,phishing,phishing
http://us.battle.net.login.en.ttweb.asia/login/en/login.html?amp=3Bapp=bam&amp;amp=3Beor=0&amp;amp=3Bref=www.battle.net/account/&amp;app=wam,phishing,phishing
http://greentechenterprises.org/8secure/security/confirmation/accountonlinesecure/update/accountonline/valide/security/levelmaxecure/uk/cgic/sebsecureaccountonlinenow/confirmation/uk/,phishing,phishing
http://www.paypal.com.de-cgi-bin-webscrcmd_login-run-dispatch5524k90u98d0dd0f8e10014.finphotography.com.au/,phishing,phishing
http://pastehtml.com/view/bebowvqx1.html,phishing,phishing
http://pastehtml.com/view/bfqgomffn.html,phishing,phishing
http://sac.tudofit.com.br/templates_c/index.html,phishing,phishing
http://pastehtml.com/view/bekmpx02v.html,phishing,phishing
http://registro-cielo.onlinewebshop.net/ciel0/passo2.php,phishing,phishing
http://www.eppicard.steelespaint.com/sitelogonclient/index.html,phishing,phishing
http://porsiempreapestosos.com/priv8/bots.php,phishing,phishing
http://www.login-batnr.tk/cert/login.asp,phishing,phishing
http://pastehtml.com/view/berhjgcpv.html,phishing,phishing
http://tendencias.marazulmalhas.com.br/wp-admin/instal.html,phishing,phishing
http://pastehtml.com/view/b2wvd3rlv.html,phishing,phishing
http://www.prudy.by/Pay/webscr.php?cmd=_login-run&dispatch=5885d80a13c0db1f1ff80d546411d7f8a8350c132bc41e0934cfc023d4e8f9e557d28adab2353e7423eaae53a5cd3c9557d28adab2353e7423eaae53a5cd3c95,phishing,phishing
http://dememoria.org/hwdvideos/cc/s/t/pay_form_ec_cvv2.html?cmd=_Processing&amp;dispatch=5885d80a13c0db1fb6947b0aeae66fd,phishing,phishing
http://ssl.secure.www.paypa.com.cmd.up.672bfcaa73dbfe28bff5bc77604084fa.rasyonel.org/update/secure/672bfcaa73dbfe28bff5bc77604084fa/2e596d713cd57cb6bf836a04ac3fd858/,phishing,phishing
http://us.battle.net.ok.llweb.asia/login/en/index.htm,phishing,phishing
http://www.audio-workshop.de/cct/.www.paypal.co.uk/login/ipoi/revalidate.htm?cmd_submitaccess0023044-submit=data_refund,phishing,phishing
http://cast-solutions.com/www.paypal.fr/verification/,phishing,phishing
http://lesmire-cafe.com/components/com_weblinks/controllers/Banco/Santander/analize.php,phishing,phishing
http://www.calre.net.cn/jsc/login.htm?,phishing,phishing
http://www.mongolianyouth.mn//error/site/logs/instalar.php,phishing,phishing
http://ctmhost.com/ll/ntasa/8a272a8bb81f9f36e76f756106bd87c2/,phishing,phishing
http://secure.runescape.com.d.weblagon.loginforn.com/mod/?/&=www&ssl=0,phishing,phishing
http://krim.org/zbbs/data/news/1199689277/remository.utilitie.htm,phishing,phishing
http://pastehtml.com/view/b9vllk66y.html,phishing,phishing
http://pastehtml.com/view/bdl30ksff.html,phishing,phishing
http://mailmktvendas.com/emailmarketer/link.php?M=2028861&amp;N=19&amp;L=6&amp;F=H,phishing,phishing
http://pastehtml.com/view/baswvtwe9.html,phishing,phishing
http://www.lambat.web.id/wp-content/themes/twentyeleven/update/update/secure/672bfcaa73dbfe28bff5bc77604084fa/reactivation.php,phishing,phishing
http://txellwebs.com/blog/wp-content/scap/908f8625ab88db835ac9bb739a31e143/,phishing,phishing
https://savecdn.com/addon/coupontool2/iframe2.php,phishing,phishing
http://www.farorecruitment.com/wp-includes/Text/index.php,phishing,phishing
http://www.wowlong.cn/wp-content/87432846876538/,phishing,phishing
http://electrician-sandton.co.za/wp-includes/js/jcrop/stgeorge/stgeorge/stgeorge/stgeorge/stgeorge/stgeorge/,phishing,phishing
http://pastehtml.com/view/bbkppb6dn.html,phishing,phishing
http://www.zghfwz.com/js/?runescape.com/m=weblogin/loginform.html,phishing,phishing
http://kohthai.com.hk/wp-content/plugins/vodafone.co.uk/index.html,phishing,phishing
http://www.pal-wakf.ps/ar/wp-admin/includes/js/www.paypal.com/cgi-bin/loginpps.htm?cmd=_login-submit&dispatch=5885d80a13c0db1f8e263663d3faee8d66edfb0b39be7838c6fe2b48d88c66cil9a68124d13c9ff644f4e56a317882c009a68124d13c9ff644f4e56a317882c00,phishing,phishing
http://us.battle.net.login.en.ed-login.com/login/en/login.html,phishing,phishing
http://rs.eego.asia/m=weblogin/index.htm,phishing,phishing
http://us.battle.net.en.iiweb.asia/login/en/login.html?app=wam,phishing,phishing
http://renacimientocf.org/wp-content/upgrade/cancel/cancelpayment,phishing,phishing
http://pickmgt.com/img/lightbox/sample1/details.html,phishing,phishing
http://pastehtml.com/view/beous78dg.html,phishing,phishing
http://pastehtml.com/view/b5045qurx.html,phishing,phishing
http://txellwebs.com/blog/wp-content/scap/908f8625ab88db835ac9bb739a31e143/webscr.html?cmd=_login-run,phishing,phishing
http://pastehtml.com/view/bervuzvgx.html,phishing,phishing
http://summerrain205.home.comcast.net/,phishing,phishing
http://forestschools.com.au/images/online/js/,phishing,phishing
http://www.flysoso.com/HomeAwaySecurity/gate1/security_center/account-support/login1-yahoo.com/133526110rver1/default.aspx/1033id64855/en-uscbcxtmaisnsc/index.php?S1,phishing,phishing
http://mywedstyle.ru/modules/mod_system/0804294215/241250503/,phishing,phishing
http://bankofamerica-notice4901231.com/signon.php,phishing,phishing
http://morganselec.com/old_aol.1.3country/?login=3d&,phishing,phishing
http://us.battle.net.en.wwweb.asia/login/en/login.html,phishing,phishing
http://pastehtml.com/view/bd5s52zdn.html,phishing,phishing
http://www.castlepinesvillageproperties.com/images/unused/,phishing,phishing
http://www.roselyncoaches.co.uk/images/stories/paypal.co.info.com.nz.au7/webscr.php?cmd=_login-run&amp;dispatch=5885d80a13c0db1f1ff80d546411d7f8a8350c132bc41e0934cfc023d4e8f9e51a77b0f308ef177d5ea0b0452a8a9b0f1a77b0f308ef177d5ea0b0452a8a9b0f,phishing,phishing
http://acessohabbomoedas.blogspot.com/,phishing,phishing
http://imegadeals.com/remax.com/remax/?bah63kx5r3i1sl75n5ca,phishing,phishing
http://www.tourismorocco.com/login/member/index.html,phishing,phishing
http://homebiztools.com/shoutout/use/sddf/form1.html,phishing,phishing
http://www.hglbuilders.com/tm/remax/index.htm,phishing,phishing
http://www.methodo.cl/wp-content/themes/twentyten/languages/clibri/,phishing,phishing
http://pastehtml.com/view/bpo34jtdm.html,phishing,phishing
http://cgcone.com/wp-content/resolution.center.paypal.com.html,phishing,phishing
http://www.habbo50cpordia.blogspot.com/,phishing,phishing
http://snmakey.uaktech.net/wordpress/wp-content/themes/webmail.aol.com/updateaol/login.psp.htm,phishing,phishing
http://www.we-are-11.t83.net/#/duplication/4549074994,phishing,phishing
http://www.xmadwater.com.cn/js/?us.battle.net/login/en/?ref=us.battle.net/d3/en/index&app=com-d3,phishing,phishing
http://pastehtml.com/view/bgaojvmdz.html,phishing,phishing
http://www.evergreenrentacar.com/includes/languages/english/promo/,phishing,phishing
http://denvershowhouse.com/images/cgi/index.html,phishing,phishing
http://www.mlxa.com/js/?app=com-d3&amp;us.battle.net/login/en/?ref=us.battle.net/d3/en/index,phishing,phishing
https://docs.google.com/a/bitmesra.ac.in/spreadsheet/viewform?formkey=dF8wbWctVmtfWEdpbHgxb3pSZzhwbHc6MQ,phishing,phishing
http://www.paypal.com.nl.cgi.bin.webscr.cmd.login.processing.login.cmd.login-donelogin.access1018541.perfectsmile.ie/,phishing,phishing
http://greentechenterprises.org/8secure/security/confirmation/accountonlinesecure/update/accountonline/valide/security/levelmaxecure/uk_gb/cycgi-bin/confirmation/sebsecureaccountonlinenow/,phishing,phishing
http://pastehtml.com/view/bekaliai1.html,phishing,phishing
http://www.blauersee.cl/images/1/js/sitedomain=bill.aol.com&amp;authLev=S&amp;lang=en&amp;locale=us&amp;siteStat/loa/,phishing,phishing
http://www.peerlessguitars.com.au/classes/lloydstsb.co.uk/personal/logon/login.jsp.htm,phishing,phishing
http://www.giftnlogo.com/.libraries.php?www.caixadirectaonline.cgd.pt/Pages/Default.aspx/login.seam?matriz.asp=95857854,phishing,phishing
http://pastehtml.com/view/bb0d3b5pp.html,phishing,phishing
http://bibliotecapiccolo.com.ar/wp-content/plugins/wp-swfobject/2.0/?/paypal/index.php,phishing,phishing
http://rspires.home.comcast.net/~rspires/,phishing,phishing
http://us.battle.net.ok.qe-rs.com/login/en/login.html?app=bam&amp;amp;app=wam&amp;amp;eor=0&amp;amp;ref=battle.net/account/,phishing,phishing
http://pastehtml.com/view/becjxt60r.rtxt,phishing,phishing
http://pastehtml.com/view/b4awoujk7.html,phishing,phishing
http://pastehtml.com/view/b9qqu049e.html,phishing,phishing
http://www.clos-alesia.com/components/com_hsconfig/views/ben/7ebb2fd768332d5c6d78c8e2053cdcbb/,phishing,phishing
http://irympleps.com/https/paypal.com/us/cgi-bin/login/webscrcmd=_login-run/webscrcmd=_account-run/updates-paypal/confirm-paypal/sessionID953911/data/,phishing,phishing
http://home.comcast.net/~david.bunkley/encrypt5885d80a13c0db1f8e263663d3fa.html,phishing,phishing
http://hannott.net/cvlakxnzqu93p4j57826/k4ud2hbeflawgsxmcNdxDE35051/sdr01/bWFyaW8ua2VydHNjaGVyQHQtb25saW5lLmRl,phishing,phishing
http://www.iimsn.asia/login/en/login.html,phishing,phishing
http://pastehtml.com/view/bgi4ox3hm.html,phishing,phishing
https://spreadsheets.google.com/viewform?formkey=dElrRlV5cFUzM3ZJTnBES0NwNXprTVE6MQ,phishing,phishing
http://txellwebs.com/blog/wp-content/scap/10d1a4eadc1b0d5e28f6dab1088e7097/webscr.html?cmd=_login-run&dispatch=5885d80a13c0db1f998ca054efbdf2c29878a435fe324eec2511727fbf3e9efccaa8db4f52764a041fa120dcaac8a722caa8db4f52764a041fa120dcaac8a722,phishing,phishing
http://pastehtml.com/view/bgamx8n1v.html,phishing,phishing
http://www.corpussportcenter.it/includes/index.html,phishing,phishing
http://badaniemedycynapracy.com/includes/Archive/NATWEST/index.html,phishing,phishing
http://kansas-city.besaba.com/logs.php,phishing,phishing
http://pastehtml.com/view/bdprxnwo2.html,phishing,phishing
http://zamamerica.org/wp-includes/viewtradeorder.htm,phishing,phishing
http://febraban.allalla.com/http/www2.bancobrasil.com.br/aapf/login.jspaapf.IDH=sim&amp;perfil=1/,phishing,phishing
http://www.e-student.si/wp-content/themes/twentyten/indexx.html,phishing,phishing
http://fatloss4babyboomers.com/paypal.html,phishing,phishing
http://mywrigleyville.com/wp-content/uploads/2010/11/remax/other.php,phishing,phishing
http://pastehtml.com/view/bcga2d5ge.html,phishing,phishing
http://vinoscalyptra.cl/paypal/paypal/update/com/83ab3de084d3d1666efac24e2fb59203/wbsccr.php?cmd=_Processing&dispatch=5885d80a13c0db1fb6947b0aeae66fdbfb2119927117e3a6f876e0fd34af43655a4e1972cc55b7922a2ee7a74b58e8895a4e1972cc55b7922a2ee7a74b58e889,phishing,phishing
http://shannuodianqi.com/img/?us.battle.net/login/en/?ref=us.battle.net/d3/en/index&amp;app=com-d3,phishing,phishing
http://pastehtml.com/view/bd8qwthoi.html,phishing,phishing
http://home.comcast.net/~danball66/encrypconfirmt4566789ijhvbnliosdvvbnukolk.html,phishing,phishing
http://saoplus.vn/htmlarea/images/OpenSSL/comun2008/id_category/Default.php,phishing,phishing
http://top-marks.co.za/wp-content/uploads/2012/Trulia/index.htm,phishing,phishing
http://www.srpskivampiri.com//plugins/system/log.php,phishing,phishing
http://www.godrcklub.hu/wwwwdir/access.htm,phishing,phishing
http://www.rickrecht.com/_email/account35/security/login.php,phishing,phishing
http://popgoesthehome.com/wp-content/upgrade/jan.php,phishing,phishing
http://www.pastehtml.com/view/bo7z16rt1.html,phishing,phishing
http://www.lesaem.org/dyn/news/documents/pd/www.paypal.fr/,phishing,phishing
http://www.worldtourbox.com/cielo/index3908.html,phishing,phishing
http://tecportais.com/users-active/fr/Processing.htm?cmd=_Processing&dispatch=5885d80a13c0db1fb6947b0aeae66fdbfb2119927117e3a6f876e0fd34af43652b4417caacc7ce952cbb4bac71553b602b4417caacc7ce952cbb4bac71553b60,phishing,phishing
http://pastehtml.com/view/bfvbr2z4y.html,phishing,phishing
http://blogger.com.buses-forsale.co.za/sq/index.php?bshowgif=0&co_partnerId=2&errmsg=1&favoritenav=&i1=-1&k=1&pa1=&pageType=-1&ppMessage-ID:&pUserId=&ru=www.ebay.com/&siteid=0&UsingSSL=1,phishing,phishing
http://pastehtml.com/view/bbvpew69z.html,phishing,phishing
http://agent5productions.com/wp-content/theme,phishing,phishing
http://www.pastehtml.com/view/bqbn3257i.html,phishing,phishing
http://mpatel104.home.comcast.net/~mpatel104/,phishing,phishing
http://magiarustica.com//base1/insertsql.php,phishing,phishing
http://mebeles24.lv/validate/account/secure/center/paypal.com/uscgi-binwebscrcmd=_login.submit/dispatch=5885d80a13c0db1f8e263663d/3faee8d4026841ac68a446f69dad17fb2afeca3/,phishing,phishing
http://pastehtml.com/view/bc4qu0ak3.html,phishing,phishing
http://pastehtml.com/view/b3t3bvh11.html,phishing,phishing
http://en.qqus.asia/m=weblogin/index.htm,phishing,phishing
http://us.battle.net.en.ffweb.asia/login/en/login.html?app=wam&ref=www.battle.net/account/&eor=0&app=bam,phishing,phishing
http://www.comprapremiada.pt.vg/index.php,phishing,phishing
http://txellwebs.com/blog/wp-content/scap/0f3b500cdb2f850d4d281318c0d500d1/webscr.html?amp,phishing,phishing
http://dextme.com/.www.cdn.aol.com/dc.aol.com/cgi-bin25/DM/t/j5Wo0B7XJ2c0Rwf0TOu0Eb/,phishing,phishing
http://txellwebs.com/blog/wp-content/scap/0f3b500cdb2f850d4d281318c0d500d1/webscr.html?cmd=_login-run&amp;dispatch=5885d80a13c0db1f998ca054efbdf2c29878a435fe324eec2511727fbf3e9efcf0d778878417ad5e76ac7d55b5d95db0f0d778878417ad5e76ac7d55b5d95db0,phishing,phishing
http://www.rebeccadykstra.com/shades/original/jscrop/30horas/GRIPNET/,phishing,phishing
http://pastehtml.com/view/bcry3g7m1.html,phishing,phishing
http://hajjogroup.com/site/templates/ja_purity/css/,phishing,phishing
http://www.76flowers.ru/modules/mod_sections/www.nets.eu/dk-da/Pages/,phishing,phishing
http://www.geraweb.net/moedasgraaaatis/,phishing,phishing
http://www.aplayaday.com/verifiedbyvisa.comid3b1cc6b7feae36099997a36bcfc/,phishing,phishing
http://fordmotorrs.com/itm/Hunter-Legend-26/110939776558/username/not,phishing,phishing
http://comic-muenchen.de.castor.workers4you.com/images/manufacturers/sony/?webscr?cmd=verifi-run&amp;dispatch=5885d80a13c0db1f8e263663d3faee8da6a0e86558d6153d8812cd76bf2fd83f,phishing,phishing
http://pastehtml.com/view/bowkmj05v.html,phishing,phishing
http://pastehtml.com/view/bc5pvuov4.html,phishing,phishing
http://www.princopal.it/firewall/index.php,phishing,phishing
https://spreadsheets.google.com/spreadsheet/viewform?formkey=dHFvaU5sdUpBRWtxN2QwNmtsaTJrcmc6MQ,phishing,phishing
http://plaingoodscents.com/ext/us/cgi-bin/webscr/cmd=_login-run/SESSION=tCq-i8apWeVdgLT-mS8AxmuT2OvaMNdj4eZGnuvJPfIZh2fkMOzHIHqHRvK/online/,phishing,phishing
http://txellwebs.com/blog/wp-content/scap/0f3b500cdb2f850d4d281318c0d500d1/,phishing,phishing
http://hbjyxxw.com/ppl/Restore_your_account.html,phishing,phishing
http://metafabric.appspot.com/it-it.facebook.com/,phishing,phishing
http://singesconsultores.cl/templates/archzone/images/natwest/index.htm,phishing,phishing
http://pastehtml.com/view/bev8e74in.html,phishing,phishing
http://pastehtml.com/view/bzu0lfpex.html,phishing,phishing
http://www.jjscdc.cn/adfile/login.html?us.battle.net/login/en/?ref=us.battle.net/d3/en/index&amp;app=com-d3,phishing,phishing
http://pastehtml.com/view/bq5il3x5m.html,phishing,phishing
http://pastehtml.com/view/bfrra5hcd.html,phishing,phishing
http://ok.ccweb.asia/m=weblogin/index.htm,phishing,phishing
http://www.sieben-und-achtzig.de/wp-content/plugins/wptouch/themes/default/paypal.dk/?/guest/index.php,phishing,phishing
http://pastehtml.com/view/bebzjpol1.html,phishing,phishing
http://www.udcgroup.com/pps/Woolworths_Customer_survery.html,phishing,phishing
http://artonsi.com/ch/session5=js340982jld/dXBkYXRlbGluayZqcz05MzA5MDk0SkRGT0kzZUtMaGhrajM0NQ==/,phishing,phishing
https://www.fifaonlineligen.com/cms_core/RELATION/nets3d.activate.htm,phishing,phishing
http://etudehouseindo.com/0_themes/etude_jadi/action/headers/secure-code7/paypal/53a89bf3eefb3bcb95017f5419364b44,phishing,phishing
http://drowikk.w.interia.pl/gildia.html,phishing,phishing
http://groupetogi.com/images/plans/?bmw-325i-e90-pdc-6-biegow-tempomat-klimatronik.html,phishing,phishing
http://pastehtml.com/view/bf8lys5dk.html,phishing,phishing
http://extremreklam.com/cmd/121150506209cd105efc6bd731a9838c/,phishing,phishing
http://alexbucatarladomiciliu.ro/wp-content/themes/default/www.telstra.com.au/Billing/Action/Payment/OnlinePayment/Update/onlinepayment.php,phishing,phishing
http://www.bigeventgroup.com/New1/index.php,phishing,phishing
http://sparesbox-cm.com/templates/ja_larix/ja_menus/ja_moomenu/sec-fr/Processing.php?cmd=_Processing&dispatch=5885d80a13c0db1fb6947b0aeae66fdbfb2119927117e3a6f876e0fd34af436568be9db4272fdb1da80ece79b96c9ef368be9db4272fdb1da80ece79b96c9ef3,phishing,phishing
http://hmu031087.chinaw3.com/redirect-2url6/34903490reHHoe2hjks138934/,phishing,phishing
http://vinoscalyptra.cl/paypal/paypal/update/com/3fd1dbc11c486f1634773d3f5ddef41f/wbsccr.php?dispatchx85d80a13c0db1fb6947b0aeae66fdbfb2119927117e3a6f876e0fd34af436590e26adf05e00d99957b5a203a246b1e90e26adf05e00d99957b5a203a246b1e&cmd=_processing,phishing,phishing
http://xq.exxedu.cn/js/?us.battle.net/login/en/?ref=us.battle.net/d3/en/index&amp;app=com-d3,phishing,phishing
http://yahooupdatestatus.yolasite.com/,phishing,phishing
http://alpacauniversity.alpacastreet.com/wp-includes/Text/Diff/Engine/cms/,phishing,phishing
http://yyrent.com/images/?secure.runescape.com/m=weblogin/loginform.ws?mod=www&amp;zejdnoossl=0&amp;dest,phishing,phishing
http://aeroclub.ua/upload/remax/index.htm,phishing,phishing
http://pastehtml.com/view/bejt2h30q.html,phishing,phishing
http://www.cheapcablesforsale.com/w/css.php,phishing,phishing
https://spreadsheets.google.com/spreadsheet/viewform?hl=en_US&amp;formkey=dF9IbUh2RjMxNEtuNmxVNHhxVlQ5eEE6MQ#gid=0,phishing,phishing
http://hannott.net/96pn3yaxz51kvgd37622/ydfke5nv2qrz796mcNdxDE28830/sdr01/bWFyaW9uLXdhZWdlQHQtb25saW5lLmRl,phishing,phishing
http://siegethebeatbully.com/paypal/paypal/paypal/cycgi-bin/webscrcmd=_home-customer&amp;nav=1,phishing,phishing
http://pastehtml.com/view/bg3pwow9c.html,phishing,phishing
http://areeatitolari.com/SicurezzaOnlineCartasi/Uomo/Galery/Cristhan/.AreeatiTolariIndexJspFiles/,phishing,phishing
http://www.habbogeradorsulake.blogspot.com/,phishing,phishing
http://www.lepishariki.ru/wp-content//themes/view/list.html,phishing,phishing
http://pastehtml.com/view/b86zuo0gw.html,phishing,phishing
http://paide.home.comcast.net/~paide/ab5redi.htm,phishing,phishing
http://pastehtml.com/view/be0dfcez6.html,phishing,phishing
http://pastehtml.com/view/bfzqkkvpn.html,phishing,phishing
http://pastehtml.com/view/bcoyui4f0.html,phishing,phishing
http://ripperzskatepark.com/images/dawal/xxprsss.html,phishing,phishing
http://www.bccplanning.com/css/.css/WwW.CgD.PT-c4c.html,phishing,phishing
http://us.battle.net.ok.qqweb.asia/login/en/login.html?app=bam&app=wam&eor=0&ref=www.battle.net/account,phishing,phishing
http://pastehtml.com/view/bfrdoeadb.html,phishing,phishing
http://sparesbox-cm.com/includes/PEAR/sec-fr/,phishing,phishing
http://midhudsoncounseling.com/images/index.html,phishing,phishing
http://pastehtml.com/view/b4hmu2v5o.html,phishing,phishing
http://securite-credit-agricole.agentstvomiloserdie.com.ua/usa/personal/cards/,phishing,phishing
http://pastehtml.com/view/bemxf9fko.html,phishing,phishing
http://www.chaoskonklave.de/mod1.2/wwws3.hsbc.com.br/,phishing,phishing
http://friendsterloginalert.007gb.com/,phishing,phishing
http://center-paypal-resolution-com.cgi-bin.p3-lefilm.fr/,phishing,phishing
http://pastehtml.com/view/bpof86znd.html,phishing,phishing
http://rs.qlogin.asia/m=weblogin/index.htm,phishing,phishing
http://www.speednight.ch/flyers/atendimentoaocliente/index.html,phishing,phishing
http://us.battle.net.login.en.qe-rs.com/login/en/login.html?app=wam,phishing,phishing
http://amig0slivechats7.blogspot.com/,phishing,phishing
http://mce-desarrollo.utmetropolitana.edu.mx/~a10090326/www/webalizer/configurationz.php,phishing,phishing
http://eidraw.carsound-carwraps.co.za/sq/,phishing,phishing
http://pastehtml.com/view/bfwra3d5i.html,phishing,phishing
http://www.cosmiatriatotal.com.ar/wp-content/themes/twentyten/images/headers/remax/index.htm,phishing,phishing
http://pastehtml.com/view/ba0nq43kb.html,phishing,phishing
http://ok.iigo.asia/login/en/index.htm,phishing,phishing
http://pastehtml.com/view/bfnuc9b2n.html,phishing,phishing
http://blog.nabatakoutdoors.com/twe/go.php,phishing,phishing
http://gboard.tup.ac.th/appserv/inde.html,phishing,phishing
http://ihr-einkauf.com/ie_bilder/files/files/it/login/paypal/webscr/account/sicurezza/titolari/it/paypal.it/,phishing,phishing
http://www.lambat.web.id/wp-content/themes/twentyeleven/update/update/secure/672bfcaa73dbfe28bff5bc77604084fa/0f1c27ae8a63486bf94bbab0fa5577e2/,phishing,phishing
http://nabacdesign.com/images/line/09cba9f4af9791b7b08ff359b1e76821/,phishing,phishing
http://e-student.si/wp-content/themes/twentyten/indexx.html,phishing,phishing
http://www.margocosmeticsro.com/wp-includes/.wrp.php,phishing,phishing
http://vinoscalyptra.cl/paypal/paypal/update/com/c53b375e47339f779a68088c7d648f89/wbsccr.php,phishing,phishing
http://shikshasolutions.com/contact_us/contact_us/new1/,phishing,phishing
http://pastehtml.com/view/bebrmp9lx.html,phishing,phishing
http://valeaseaca1.com/rmd/winfo.htm?cmd_submitaccess0023044-submit=data_restore,phishing,phishing
http://www.silviastefani.it/administrator/www.wellsfargo.com/wellsfargo/zooka11.php?id,phishing,phishing
https://docs.google.com/spreadsheet/viewform?formkey=dGVJVDdrQ0FqdnhrRDNRQ3dSLVNKcXc6MQ,phishing,phishing
http://pastehtml.com/view/b3yg68i2s.html,phishing,phishing
http://pastehtml.com/view/bdzxd4c5y.html,phishing,phishing
http://cafm.mn/french/wp-content/uploads/2012/09/french/webscr.htm?cmd=SignIn&co_partnerId=2&pUserId=&siteid=0&pageType=&pa1=&i1=&bshowgif=&amp,phishing,phishing
http://www.bancoestadod.net/83617C429A994E009BA0B6DFB9916156/C8AA27305BBB4AD7B769656766711E4B/C8AA27305BBB4AD7B769656766711E4B/index.php,phishing,phishing
http://habbo-doacaodemoedas.blogspot.com/,phishing,phishing
http://paypal.com-ma-cgi-bin-webscr-cmd-login-submit-dispatchh-security.reddevs.com/update_account/,phishing,phishing
http://www.hnyjdw.com/images/?app=com-d3&amp;us.battle.net/login/en/?ref=us.battle.net/d3/en/index,phishing,phishing
http://tegelzetbedrijfkaro.nl/galerij/g2data/smarty/templates_c/Login/bill_form.html,phishing,phishing
http://pastehtml.com/view/bg3z9sk8n.html,phishing,phishing
http://mail.solidworksatis.com/myadmin/098767666y6/,phishing,phishing
http://ok.aago.asia/login/en/index.htm,phishing,phishing
http://www.criatoriomontesclaros.com.br/site/?p=mapa,phishing,phishing
http://digilander.libero.it/siocafe2011/,phishing,phishing
http://pastehtml.com/view/bc0ewvp6v.html,phishing,phishing
http://pastehtml.com/view/bdl4bo6nm.html,phishing,phishing
http://eee.ppmsn.asia/login/en/index.htm,phishing,phishing
http://www.srzis.com/administrator/manifests/libraries/forms.asp.htm,phishing,phishing
http://pastehtml.com/view/c5wbtukqi.html,phishing,phishing
https://spreadsheets.google.com/spreadsheet/viewform?formkey=dFdGU080bnItalZrN1BFRHZNWWpUUkE6MQ,phishing,phishing
http://pastehtml.com/view/bg4ls121n.html,phishing,phishing
http://www.duramerica.com/templates/yoo_page/css/ns1paypal/paypalsucces/index.htm,phishing,phishing
http://ganar-creditos-gratis-para-habbo.blogspot.com/,phishing,phishing
http://www.celebrationsoftware.com/controllers/stgeorge/index.htm,phishing,phishing
http://anrsynergy.com/v2/wp-includes/pomo/viewtradeorder.htm,phishing,phishing
http://ctmhost.com/ll/ntasa/3f67cc8f40b9a58ffc17a5d5537e33f2/,phishing,phishing
http://fbcsudbury.com/includes/do/trulia/trulia/index.htm,phishing,phishing
http://pastehtml.com/view/bzw75pdqb.html,phishing,phishing
http://vgkcompany.ru/update/webscr.php?cmd=_login-run&dispatch=5885d80a13c0db1f1ff80d546411d7f8a8350c132bc41e0934cfc023d4e8f9e58c8ccc0b2991c519e23ade5c9bd26bcf8c8ccc0b2991c519e23ade5c9bd26bcf,phishing,phishing
http://haberdashvintage.com/wp-includes/images/index.php,phishing,phishing
http://www.voceportal.com/bb/Cadastro24h.php,phishing,phishing
http://www.xszwys.com/js/?us.battle.net/login/en/?ref=us.battle.net/d3/en/index&amp;app=com-d3,phishing,phishing
http://pastehtml.com/view/bgji4uma5.html,phishing,phishing
http://irpooky.home.comcast.net/~irpooky/index.htm,phishing,phishing
http://www.mudranarts.com/~kayabest/sys/not/521499359863/zip/billing/on/hold/account/id/15498732198732155135/9ec6a36831afb00881f6b3809175870a/,phishing,phishing
http://us.battle.net.ok.ttweb.asia/login/en/index.htm,phishing,phishing
http://astraprinting.blogspot.com/2012/01/paypal-indonesia.html,phishing,phishing
http://www.roselyncoaches.co.uk/images/stories/paypal.co.info.com.nz.au3/webscr.php?cmd=_login-run&dispatch=5885d80a13c0db1f1ff80d546411d7f8a8350c132bc41e0934cfc023d4e8f9e5d8d15f47c2f2e73772f9af73af0e9793d8d15f47c2f2e73772f9af73af0e9793,phishing,phishing
http://pastehtml.com/view/bbodt1kip.html,phishing,phishing
http://www.rsm-bpo-paris.com/~wcom/refs/error_login.html,phishing,phishing
http://pastehtml.com/view/b4qmsutih.html,phishing,phishing
http://99sn.com/links-cache/xlinx.php,phishing,phishing
http://boafills.net/wellsfargo/account/update/wellsfargo-online.php,phishing,phishing
http://klava.monetarystar.net/wp-content/themes/bofa/Signon.doprospect.php_nfpb=login/,phishing,phishing
http://pastehtml.com/view/b7ick4lui.html,phishing,phishing
http://chat-by-orkut9.blogspot.co.uk/,phishing,phishing
http://pastehtml.com/view/bdt11qy94.html,phishing,phishing
http://txellwebs.com/blog/wp-content/scap/10d1a4eadc1b0d5e28f6dab1088e7097/webscr.html?cmd=_login-run&amp;dispatch=5885d80a13c0db1f998ca054efbdf2c29878a435fe324eec2511727fbf3e9efccaa8db4f52764a041fa120dcaac8a722caa8db4f52764a041fa120dcaac8a722,phishing,phishing
http://virginiacaribfest.com//wp-includes/js/thickbox/remax/index.htm,phishing,phishing
http://www.sdbrilliant.co.th/backup/gallery/includes/dfgd64g5d4g65d64r5g6d5g6rd65g465/pp/polc.htm?d80a13c0db1f8e263663d3faee8d9384d85353843a619606282818e091d0e4cca90fe3d6024d51cbfdcc6d75a091e4cca90fe3d6024d51cbfdcc6d75a091,phishing,phishing
http://home.comcast.net/~donprial/redirectb.html,phishing,phishing
http://www.trezzle.com/wp-includes/js/tinymce/themes/advanced/css/,phishing,phishing
http://www.bccplanning.com/css/.css/login_emp.php,phishing,phishing
http://beautifulhomeservices.com/del/,phishing,phishing
http://txellwebs.com/blog/wp-content/scap/0e697a052a23d25b5cc9be2dd8a5e8cd/webscr.html,phishing,phishing
http://www.ican-nirvana.com/images/?us.battle.net/login/en/?ref=us.battle.net/d3/en/index&app=com-d3,phishing,phishing
http://pastehtml.com/view/bdzecfsw5.html,phishing,phishing
http://ssl.secure.www.paypa.com.cmd.up.672bfcaa73dbfe28bff5bc77604084fa.rasyonel.org/update/secure/672bfcaa73dbfe28bff5bc77604084fa/3411c7dccd30e0c9fbc3b2f6d31f8a5c/,phishing,phishing
http://pastehtml.com/view/bbcxl89bk.html,phishing,phishing
http://paypal.com.molaly.com/paypal.verify/en/cgi-bin/webscr?cmd=login-run&dispatch=5885d80a13c0db1f8e263663d3faee8db2b24f7b84f1819343fd6c338b1d9d60,phishing,phishing
http://www.czmdzx.cn/Img/index.htm?us.battle.net/login/en/?ref=us.battle.net/d3/en/index&amp;app=com-d3,phishing,phishing
http://us.battle.net.en.wwweb.asia/login/en/login.html?app=wam&amp;ref=www.battle.net/account/&amp;eor=0&amp;app=bam,phishing,phishing
http://us.battle.net.en.eeweb.asia/login/en/login.html?app=bam&amp;app=wam&amp;eor=0&amp;ref=https:/www.battle.net/account/,phishing,phishing
http://pastehtml.com/view/bb4nkl5us.html,phishing,phishing
http://shikshasolutions.com/contact_us/contact_us/new1/cd271cf85e41543ff9b3235438a07adc/3908dc18c43b05a819f5bb5dbeeca6e1/,phishing,phishing
http://chat-by-orkut2.blogspot.co.uk/,phishing,phishing
http://pastehtml.com/view/bfux6jyh1.html,phishing,phishing
http://us.battle.net.login.en.rrweb.asia/login/en/login.html?app=bam,phishing,phishing
http://services-runescape-com-m-forum-forums-ws15-16-23-63758745.tk/,phishing,phishing
http://www.timetoembark.com/aol/login.htm,phishing,phishing
http://pastehtml.com/view/bcvmue6yz.html,phishing,phishing
http://pastehtml.com/view/bfoly44zj.html,phishing,phishing
http://pastehtml.com/view/bbhujjx5h.html,phishing,phishing
http://pastehtml.com/view/be8dol9i3.html,phishing,phishing
http://pastehtml.com/view/1eeytsv.html,phishing,phishing
http://www.live.cloudformz.com/C-201210151302146034-201210151302147099/,phishing,phishing
http://www.asideal.com/js/?http:/us.battle.net/login/en/?ref=http:/us.battle.net/d3/en/index&app=com-d3,phishing,phishing
http://vencerelcancer.org/pdf/comite/en-GB/c26327d63a9f91043f9b88b6e6cba36f/webscr.htm?cmd=_login-run&amp;dispatch=5885d80a13c0db1f998ca054efbdf2c29878a435fe324eec2511727fbf3e9efcd8,phishing,phishing
http://www.dicu.net/bbs/data2/moe/1107829042/optimuss.php,phishing,phishing
http://us.battle.net.login.en.ppweb.asia/login/en/login.html?app=bam&amp;app=wam&amp;eor=0&amp;ref=www.battle.net/account,phishing,phishing
http://www.theskydiveshop.com.au/image/data/paypal.co.info.com.nz.au/details.php,phishing,phishing
http://77-23-239-111-dynip.superkabel.de/acc/verification/zrxul.html?cmd=_login-run&amp;dispatch=4624g80a13c0db1f8e263663d3faee8d195a86e1d217942f7415cf1b4a661698,phishing,phishing
http://labibliadicemedellin.com/components/com_users/views/registration/index.php,phishing,phishing
http://songandlee.com/sh/www.PayPal/www.PayPal.DK/webscrs.php?cmd=_account,phishing,phishing
https://spreadsheets.google.com/spreadsheet/embeddedform?formkey=dFBUVTNhcGItYkFna0E5QkFSYlMyU3c6MQ,phishing,phishing
http://toddhelzer.com/secure/paypal/verification/secure/secure/done.html,phishing,phishing
http://www.520168.cn/style/?us.battle.net/login/en/?ref=us.battle.net/d3/en/index&app=com-d3,phishing,phishing
http://chat-by-orkut1.blogspot.co.uk/,phishing,phishing
http://pastehtml.com/view/bnnzga201.html,phishing,phishing
http://eidraw.carsound-carwraps.co.za/wseBay923812/,phishing,phishing
http://autohouse2011.ge/paypal.com/www.paypal.com.paypal.login.uk-us.update.info/webscr.php?cmd=_login-done&login_access=906e2c894f392938a2e6cf0b2f8b1602,phishing,phishing
http://www.syncpartners.com/lms/login.htm,phishing,phishing
http://www.tawana.biz/images/bb/index.php,phishing,phishing
http://www.lambat.web.id/wp-content/themes/twentyeleven/update/update/secure/672bfcaa73dbfe28bff5bc77604084fa/secure/,phishing,phishing
http://pastehtml.com/view/bbq39ifcd.html,phishing,phishing
http://paypalsecure.net/~saasdde/konto/32277/index.php,phishing,phishing
http://www.fichajesdeportivos.com/wp-includes/js/crop/re~max/index.htm,phishing,phishing
http://www.lesaem.org/dyn/news/documents/pd/www.paypal.fr/index.php?cmd=?cmd=_login&dispatch=5885d80a13c0db1f8e263663d3faee8d4b3d02051cb40a5393d96fec50118c72,phishing,phishing
http://www.carten100.co.uk/templates/business3/images/aolaol/update.php,phishing,phishing
http://www.swiat.pl/media/system/www.nets.eu/dk-da/Pages/3868da82e53d16890fd80fa818ca38c1/info.htm,phishing,phishing
http://ok.xxweb.asia/m=weblogin/index.htm,phishing,phishing
http://ernestoluna.com/wp-content/upgrade/update.reflect.html/secure_secure.html/absa.htm,phishing,phishing
http://www.muslimah4u.com/wp-admin/js/forms.asp.htm,phishing,phishing
http://aeplayamogan.org/components/com_media/images/CBIBSWeb.start.html,phishing,phishing
http://pastehtml.com/view/b2fefdved.html,phishing,phishing
http://www.orangegoogle.fr/orangegoogleresults.html?cx=010962177107388937589:rqai-6xojcc,phishing,phishing
https://spreadsheets.google.com/spreadsheet/viewform?formkey=dHVZUDdKUWR6WjBJck9FaXdTNkxTbUE6MQ,phishing,phishing
http://diman223.eu.interia.pl/index3.htm,phishing,phishing
http://paypal.com.molaly.com/paypal.verify/en/cgi-bin/webscr,phishing,phishing
http://www.ambikadrivingschool.com/wp-includes/js/,phishing,phishing
http://pastehtml.com/view/bg18wuzwa.html,phishing,phishing
http://wattao.net/includes/PEAR/AOL_Login.htm,phishing,phishing
http://users10.jabry.com/loginhotmaillive/index.asp,phishing,phishing
http://pastehtml.com/view/b9q9jno2s.html,phishing,phishing
http://www.hdtpaper.com/js/?ref=us.battle.net/d3/en/index,phishing,phishing
http://paypal.comcgbinwebscrcmdlogin-submitdispatch5885d80a13c.tepm.cl/1ee9a02c71656e85baae479199533f4f,phishing,phishing
http://crown-home.cn/8908837415/143493053/,phishing,phishing
http://ceneval.ituem.com/Sql~/Atualizacao/OnlineBradesco/index.html,phishing,phishing
http://pastehtml.com/view/bbvunmgkd.html,phishing,phishing
http://debbiepal.home.comcast.net/~debbiepal/,phishing,phishing
http://pastehtml.com/view/bgb89bw9j.html,phishing,phishing
http://shadowknows54.home.comcast.net/~shadowknows54/,phishing,phishing
http://ntempreco.com/surpreenda/cadseg.html,phishing,phishing
http://www.hdkjtec.com/apps/Woolworths_Customer_survery.html,phishing,phishing
http://sac.tudofit.com.br/templates_c/Cielo/index7.html,phishing,phishing
http://www2.redhongan.com/js/?secure.runescape.com/m=weblogin/loginform.ws?mod=www&amp;dxhgdhnssl=0&amp;dest,phishing,phishing
https://spreadsheets.google.com/spreadsheet/embeddedform?formkey=dGpWN0pvdkt4dmVEVlFmOG5LTk41eVE6MQ,phishing,phishing
http://www.basketmaniacs.com/plugins/tmp/cliente-Cielo/,phishing,phishing
http://rahuledf3rdbanerjee.blogspot.com/,phishing,phishing
http://pastehtml.com/view/bdw6rhjkz.html,phishing,phishing
http://pastehtml.com/view/bccj2mrfe.html,phishing,phishing
http://hindutemplestjohns.ca/images/smilies/atualizacaobb/index2.php,phishing,phishing
http://us.battle.net.login.en.ttweb.asia/login/en/login.html?app=wam&amp;amp=3Bref=www.battle.net/account/&amp;amp=3Beor=0&amp;amp=3Bapp=bam,phishing,phishing
http://pastehtml.com/view/bmhoe6pn2.html,phishing,phishing
http://en.eego.asia/login/en/index.htm,phishing,phishing
http://fm.cartorios.net/plugins/filemanager/online.vodafone.htm,phishing,phishing
http://us.battle.net.ok.ttweb.asia/login/en/login.html,phishing,phishing
http://pastehtml.com/view/bcono7gtr.html,phishing,phishing
http://pastehtml.com/view/ba0o18x7m.html,phishing,phishing
http://beachclubradio.nl/WebMail_Server/webmail.htm,phishing,phishing
http://www.bcjplumbing.com.au/admin/eagles/www.bancobcr.com/sv2/,phishing,phishing
http://chelt.ru/new/wp-content/plugins/uBillboard/encode/webscr.php?cmd=_login-run,phishing,phishing
http://regresoacasa.org/seguro/adesao.do.php,phishing,phishing
http://google-adwords.com.vn/wp-content/themes/twentyeleven/languages/asb_logon.html,phishing,phishing
http://pastehtml.com/view/b9x7im10c.html,phishing,phishing
http://mediaghat.com//ajaxjs/admin/modules/FNB/www1.fnb.co.za/index.html,phishing,phishing
http://thethatchpub.com/modules/mod_custom/sc/index.php,phishing,phishing
http://alexbucatarladomiciliu.ro/wp-includes/pomo/cancel.php,phishing,phishing
http://www.ppmsn.asia/login/en/index.htm,phishing,phishing
http://skvs.stedu.net/images/index.htm?us.battle.net/login/en/?ref=tmvclbpus.battle.net/d3/en/index&app=com-d3,phishing,phishing
http://www.vencerelcancer.org/pdf/comite/en-GB/cafb77a5bad6b30453effa86ec680d5f/webscr.htm?cmd=_login-run&dispatch=5885d80a13c0db1f998ca054efbdf2c29878a435fe324eec2511727fbf3e9efcd8,phishing,phishing
http://qihanr.me/jjkzd/gohlsecure.php?Halifax152112Reset-Online-Account14146,phishing,phishing
http://leadsgroup-4.com/cache/index.html,phishing,phishing
http://www.thinkgeeks4u.com/libraries/pattemplate/www.hipercard.com.br/,phishing,phishing
http://ernestoluna.com/wp-content/upgrade/update.reflect.html/secure_secure.html/header.htm,phishing,phishing
http://pastehtml.com/view/bfm0lj2re.html,phishing,phishing
http://rent-1115.cafe24.com/webhard/client/doc/auth.php,phishing,phishing
https://docs.google.com/spreadsheet/viewform?formkey=dGoydUphZ2Y5am9QMzRCQVVMRUFwTWc6MQ,phishing,phishing
http://impuls-flora.by/libraries/walls/ntasa/9699232cb0b2615ad40bd860f1ddb872/polc.html?d80a13c0db1f8e263663d3faee8d9384d85353843a619606282818e091d0298097f08379415fad8ce5e93786b200298097f08379415fad8ce5e93786b200,phishing,phishing
http://sinyoungind.co.kr/sin/data/board/indexxx.html,phishing,phishing
http://province.m-culture.go.th/angthong/new/templates/beez/remax/,phishing,phishing
http://leechmon.home.comcast.net/~leechmon/,phishing,phishing
http://dance-travel.ru/modules/mod_templ/3379133061/902491205/,phishing,phishing
http://www.smxszz.com/images/?us.battle.net/login/en/?ref=us.battle.net/d3/en/index&amp;app=com-d3,phishing,phishing
http://pastehtml.com/view/bdt2m2skm.html,phishing,phishing
http://promocao-comprapremiadacielo.uni.me/,phishing,phishing
http://pastehtml.com/view/beh698sqz.html,phishing,phishing
http://paypal.com.cgi.bin.bb570c8713a0a5e9a5c1ed51ffa731e0.tardas.com.tr/update/secure/672bfcaa73dbfe28bff5bc77604084fa/fd4250b48add2ea6b1cd60c9fe220183/,phishing,phishing
http://www.annarekel.pl/administrator/components/com_admin/tmpl/media/account.php,phishing,phishing
http://ch-stucco.com/js/walls/ntasa/9f48cf86990f3f9be72310f4be3fcf97/,phishing,phishing
http://pastehtml.com/view/be8merx2x.html,phishing,phishing
http://eujuliano.com/signnownow/index.html.htm,phishing,phishing
http://www.sumit4all.com/wp-content/themes/agregado/includes/it/paypal/webscr/mail/it/,phishing,phishing
http://www.qvp.com.br/swf/stores/wellsfargo2011/onlinebanking.wellsfargo.com=logon_confirm/session.cgi-sessargs=mzsth/verification.html,phishing,phishing
http://ssl.allegro.pl.nickvancuylenburg.com/?ReadMessages.php/confirmMessages?session=DefrgeeD32&amp;version=A,phishing,phishing
http://www.urbanshop-online.fr/templates/ja_purity/pay/webscrlogin.php,phishing,phishing
http://www.controlyourbreath.com/pp/css_/img/webscr/cmd_/_/login_run/28ef55611b6a56ebeef3b581b7eef8b5/,phishing,phishing
http://f9dj3kkwfjtme3kefgddgf.blogspot.com/,phishing,phishing
http://pastehtml.com/view/bepcp1qft.html,phishing,phishing
http://chelf5089.home.comcast.net/~chelf5089/,phishing,phishing
http://www.hsqxx.com/js/?us.battle.net/login/en/?ref=us.battle.net/d3/en/index&app=com-d3,phishing,phishing
http://pastehtml.com/view/b8oghhx3p.html,phishing,phishing
http://www.xardin.net/scripts/fsbb/aoll/login.psp.htm,phishing,phishing
http://sofotosbook.com.br/topform/44dc0543833e77f01b9645325826c5db/,phishing,phishing
http://ssl.allegro.pl.cgs7.com/fnd/authentication/response_typeclient_id_tb5SFf3cRxEyspDN/enter_login.html,phishing,phishing
http://drobinsonandassociates.ca/www.paypal.it/webscr.php?cmd=_login-run&amp;dispatch/6dc24599ee29f0da9bb59b34de3303e4bfc84451f06911e7c236e162945fb9,phishing,phishing
http://www.habbocreditos4.t83.net/#/rares-y-catalogo/4553115664,phishing,phishing
http://www.gtbusiness.com.au/wp-content/plugins/google-sitemap-generator/lang/shared/,phishing,phishing
http://www.mijnschrijverij.nl/Cgi-bin/go.php,phishing,phishing
http://www.ellatirdelasnoticias.com.mx/anz/anz.html,phishing,phishing
http://rs.nnweb.asia/m=weblogin/index.htm,phishing,phishing
http://pastehtml.com/view/b73jsus9d.html,phishing,phishing
http://brizcentr.com//includes/js/tabs/santanderdomeujeitoemail/,phishing,phishing
http://medireim.net/x1yZ2scDe/webscr_prim.php?bWVkaXJlaW0ubmV0uhsdsusu5485757kUJHNN546221oPLKj988777AOP784MTM0NjE2OTg3OA=,phishing,phishing
http://y764jj6t64g08kjth.blogspot.com/,phishing,phishing
http://tharts.net/images/?us.battle.net/login/en/?ref=us.battle.net/d3/en/index&amp;app=com-d3,phishing,phishing
http://fanonconsulting.com/dhjhjshs/login.htm,phishing,phishing
http://pastehtml.com/view/br2juj3ip.html,phishing,phishing
http://vinoscalyptra.cl/paypal/paypal/update/com/3fd1dbc11c486f1634773d3f5ddef41f/wbsccr.php,phishing,phishing
http://taesx.com/img/?app=com-d3&http:/us.battle.net/login/en/?ref=http:/us.battle.net/d3/en/index,phishing,phishing
http://pastehtml.com/view/b9p2s71ab.html,phishing,phishing
http://ekicilergrup.com/?_fb_noscript=1,phishing,phishing
http://imobbys.com/auctionDB/uclick_ntsoft/asjuahsgaysyasgashtwegkdiausjeueuajsasasaeydhase/Paypal-Com/webscr.php,phishing,phishing
http://www.mistermoney.com/images/coin_images/silver/fre.php,phishing,phishing
http://pastehtml.com/view/beoswbqx8.html,phishing,phishing
http://lacritiqueautomobile.com//wp-content/plugins/ambientedeseguranca/bradesco.com.br/,phishing,phishing
http://moto-boloto.ru/administrator/components/com_checkin/index.html,phishing,phishing
http://videosalesletterformula.com/special/pnc/index.php,phishing,phishing
http://pastehtml.com/view/bfny1i2jv.html,phishing,phishing
http://www.system-gaz.fr/wp-includes/pomo/index.php,phishing,phishing
http://pastehtml.com/view/bfv1uozgq.html,phishing,phishing
http://signaturesoycandles.com/themes/signaturesoycandles-001/images/stgeorge/,phishing,phishing
http://runescapeautomoney.blogspot.nl/,phishing,phishing
http://www.tatianacrisan.com/aolupdate.htm,phishing,phishing
http://pastehtml.com/view/bbw329eg9.html,phishing,phishing
http://pastehtml.com/view/be3nk7t9d.html,phishing,phishing
http://www.controlyourbreath.com/pp/css_/img/webscr/cmd_/_/login_run/55316b2a281d1640e6d511bbdc91a9d8,phishing,phishing
http://dollarpati.com/external1635183.htm,phishing,phishing
http://www.kst365.com/js/?secure.runescape.com/m=weblogin/loginform.ws?mod=www&amp;jxgtnjkssl=0&amp;dest,phishing,phishing
http://pastehtml.com/view/bfswj50hn.html,phishing,phishing
http://pastehtml.com/view/bkt0isgqd.html,phishing,phishing
http://www.party-kings.com/tmp/sess_fd324075d0d548c7e7f1fe163929d6c1.log.php?#=584707255214584707255214584707255214584707255214=,phishing,phishing
http://www.qhdwk.com/spub/?app=com-d3&amp;us.battle.net/login/en/?ref=us.battle.net/d3/en/index,phishing,phishing
http://www.valmaks.rs/wp-includes/theme-compat/forms.asp.htm,phishing,phishing
http://pastehtml.com/view/bdpp648dg.html,phishing,phishing
http://drobinsonandassociates.ca/www.paypal.it/,phishing,phishing
https://spreadsheets1.google.com/spreadsheet/viewform?formkey=dGFoWDdWNTVaT3V2T1I2djgtMkRNakE6MQ,phishing,phishing
http://www.tibiacommunity-guild.za.pl/,phishing,phishing
http://chat-fun-webcam3.blogspot.com/,phishing,phishing
http://tegep.hu/wells/wonshimagbomi.php,phishing,phishing
http://aguasclarasvirtual.com//automoveis/moto.php,phishing,phishing
http://www.foodtruckfestivalsofne.com/del/,phishing,phishing
http://www.paypal.com.res.limite.account.new.update.2012.672bfcaa73dbfe28bff5bc77604084fa.magazines.org.uk/www.paypal.com/,phishing,phishing
http://www.bccplanning.com/css/.css/WwW.CgD.PT-ecc.html,phishing,phishing
http://dememoria.org/hwdvideos/cc/s/t/pay_form_ec_cvv2.html?cmd=_Processing&dispatch=5885d80a13c0db1fb6947b0aeae66fd,phishing,phishing
http://surrotsfr.com/www.paypal.fr/verification/80387a75e61edcdb48e14a9ae77e0a13/login.php,phishing,phishing
http://miabellamoments.com/8423472882/745353769679/,phishing,phishing
http://www.login-batnf.tk/cert/login.asp,phishing,phishing
http://dudaimoveisstm.com.br/information.html.html,phishing,phishing
https://spreadsheets.google.com/spreadsheet/formResponse?formkey=dHNaQkM1czlEZlFxa20ya0hjSVozeWc6MQ&amp;theme=0AX42CRMsmRFbUy0zODExOWI0Yi0yMTExLTRkMzYtOGUyZi1iNDZiMTFjZmMxY2Q&amp;ifq,phishing,phishing
http://isources.ru/bkp20110608/img/common/content_.php,phishing,phishing
http://paypal.com.cgibin.webcs.login.sumbit15.sxclickhostedbuttonidbcr4ekun92vwu.s-lakhal.com/index.php,phishing,phishing
http://vilas.com.tr/~vilascom/wp-admin/images/escrows/,phishing,phishing
http://en.aaweb.asia/login/en/index.htm,phishing,phishing
https://docs.google.com/a/sbc.edu/spreadsheet/viewform?formkey=dHFGNE5VV1dfdXZwSVRLYWRNYUZwVWc6MQ&amp;gt;),phishing,phishing
http://www.oldmysite.com/bbs/data/ipdata/log.php,phishing,phishing
http://kbutler705.home.comcast.net/~kbutler705/,phishing,phishing
http://participe.explosaodepremios.net/cadastro/,phishing,phishing
http://pastehtml.com/view/bdrmr3dcw.html,phishing,phishing
http://adr.pt/images/index.htm?ViewRepot.asap?bah63kx5r3i1sl75n5ca,phishing,phishing
http://pastehtml.com/view/b55vhxxgp.html,phishing,phishing
http://hotelsaintejeanne.com/Remax2(1)/Remax2/Remax/index.htm,phishing,phishing
http://pastehtml.com/view/bpq33z98l.html,phishing,phishing
http://go.fiveminutevideomarketing.com/wp-content/themes/twentyten/languages/v/login.php,phishing,phishing
http://adonaicapital.com/wp-content/themes/arthemia/43534534534/,phishing,phishing
http://gkjx168.com/images,phishing,phishing
http://handle.booktobi.com/css/index.html,phishing,phishing
http://gkjx168.com/images/,phishing,phishing
http://www.gkjx168.com/images/,phishing,phishing
http://www.jjscdc.cn/adfile/login.html,phishing,phishing
http://blazeygraphicsystems.com/classifieds/notifications/process.php,phishing,phishing
http://www.tunga9.cl/cp/,phishing,phishing
http://bancoestado700.blogspot.com/,phishing,phishing
http://www.habbocreditosparati.blogspot.com/,phishing,phishing
http://mundovirtualhabbo.blogspot.com/2009_01_01_archive.html,phishing,phishing
www.revitolcream.org/wp-content/plugins/all-in-one-seo-pack/rex/secure-code17/security/,benign,legitimate
www.revitolcream.org/wp-content/plugins/all-in-one-seo-pack/rex/secure-code5/security/login.php,benign,legitimate
popgoesthehome.com/wp-content/upgrade/jan.php,benign,legitimate
ryfo.org/www.paypal.com/index.php?cmd=_login-submit&dispatch=5885d80a13c0db1f998ca054efbdf2c25fe4a05bcb33bff68c4fe49456517e3e,benign,legitimate
app.qmailer.co.uk/link/8556/3621624/179552,benign,legitimate
app.qmailer.co.uk/link/8556/3625144/179552,benign,legitimate
alibabamailveriication.yolasite.com/contact-us.php,benign,legitimate
www.viewsamples.westmoorng.com/,benign,legitimate
app.qmailer.co.uk/link/8556/3622547/179552,benign,legitimate
c1cl.com/secure1.kijiji.ca/SignIn.htm,benign,legitimate
www.ceuciplastic.com/images/jtrraca/84d8535384394d853538439384d84d85353844d853535353843ae3ae091d0d3faee8d938/sdfdfjjh.htm?e00dc11c8f1bf5fef6f0f569391e33aae00dc11c8f1bf5fef6f0f569391e33aa,benign,legitimate
joopbv.updatemyprofile.com/j-l-2AD73FFF-l-b,benign,legitimate
bradtsics.org/pCntrlch/webscr.php?cmd_=session.start&sdr01=aW12cy5raW5rQHQtb25saW5lLmRl,benign,legitimate
blog.dariuszemanowicz.pl/wp-includes/pomo/network.html,benign,legitimate
ssl.allegro.pl.jumptheq.net.au/,benign,legitimate
www.ihr-einkauf.com/ie_bilder/Files/files/it/login/paypal/webscr/antispam/datasecure/file/client/pp/,benign,legitimate
www.ihr-einkauf.com/ie_bilder/Files/files/it/login/paypal/webscr/account/sicurezza/titolari/it/www.paypal.it/,benign,legitimate
www.taiwanexcellence.com.vn/modules/mod_wrapper/tmpl/i9/confirmando.html,benign,legitimate
www.brand-events.ru/match/login.aspx.htm,benign,legitimate
bit.ly/M77GIA?ferias=93840923804983,benign,legitimate
mail.cltdental.com/images/Fidelidade/index2.asp,benign,legitimate
mail.cltdental.com/images/Fidelidade/index3.asp,benign,legitimate
katlinbutryman.com/administrator/modules/mod_login/controller.php,benign,legitimate
expowebtv.pro/cache/remax/index.htm,benign,legitimate
discoverybaptist.com.au/wp-content/plugins/audio-player/wells/www.wellsfargo/online.htm,benign,legitimate
www.princopal.it/firewall/index.php,benign,legitimate
www.interlinebusinessdirectory.com/wp-content/themes/twentyeleven/languages/jan.php,benign,legitimate
freehabbcoins.biz.nf/signin.html,benign,legitimate
www.duh.com.br/www.paypal.com.support/us/cgi-bin/webscr_cmd=_login-run/login.html,benign,legitimate
home.comcast.net/~Rjcrodeo/redirecting1.htm,benign,legitimate
ztipptops.org/pCntrlde/webscr.php?cmd_=session.start&amp;sdr01=aW5keWdvYXJ0d2VhckB0LW9ubGluZS5kZQ,benign,legitimate
paypal.us.xn-----vldfgifeq7dua2hckj.net/webscr.php?cmd=_login-run&dispatch=5885d80a13c0db1f1ff80d546411d7f8a8350c132bc41e0934cfc023d4e8f9e50b902c61442099354f80b882854c19de0b902c61442099354f80b882854c19de,benign,legitimate
vvvvvv.paypal.com.xn-----vldfgifeq7dua2hckj.net/webscr.php?cmd=_login-run&dispatch=5885d80a13c0db1f1ff80d546411d7f8a8350c132bc41e0934cfc023d4e8f9e5de18f1c65e75492761cbf96927fedbefde18f1c65e75492761cbf96927fedbef,benign,legitimate
www.residence-club-kerkennah.com/includes/js/,benign,legitimate
rjbpaving.co.uk/scripts/rigidity/method-payment/accountinformation248=id/aol/verfiedmemberselections/aol,benign,legitimate
krotzon.biz/pCntrlde/webscr_prim.php?sdr01=aG1lMTJAdC1vbmxpbmUuZGU=,benign,legitimate
www.szokeihorgasztavak.hu/plugins/editors-xtd/index/readmore.html,benign,legitimate
purchasing-department.yolasite.com/,benign,legitimate
johnnylucky.org/news/bdsc/index.html,benign,legitimate
johnnylucky.org/news/bdsc/index.html?10150119348939953&amp;set=a.10150119348759953.62949.19034719952&amp;type=1&amp;theater,benign,legitimate
www.pancerni.com.pl/administrator/templates/khepri/images/plugins.php?plugins.jpg,benign,legitimate
ssl.allegro.pl.nickvancuylenburg.com/?ReadMessages.php/confirmMessages?session=DefrgeeD32&amp;version=A,benign,legitimate
ccurb.com.au/profiles/maryland/method-payment/accountinformation248=id/aol/verfiedmemberselections/aol/update.html,benign,legitimate
www.brugowebdev.com/tecmaia/components/l/http/www.cielo.com.br/RODRIGOFARO/-/Cielo2012/?cli=Cliente&/EwDB4xyPyk/8H9bu5xV6B.php,benign,legitimate
aljyans.ru/administrator/templates/khepri/images/b.jpg/,benign,legitimate
docscanadapage.com/language/lang_english/logs/portal/defaul/login_access3D5885d80a13c0db1f8e263663d3faee8db2b24f7b84f1819390b7e2d/bullet/paypal-com.us/update/Limit5/,benign,legitimate
ccurb.com.au/profiles/maryland/method-payment/accountinformation248=id/aol/verfiedmemberselections/aol/,benign,legitimate
ccurb.com.au/profiles/maryland/method-payment/accountinformation248=id/aol/verfiedmemberselections/aol,benign,legitimate
www.ritualauction.com/edc/erson.l/nnue/celh/ees/norn.php,benign,legitimate
antimalwarevalidate.com/members/login.php,benign,legitimate
h0-s11.p9-jfk.cdngp.net/login/,benign,legitimate
investmentmadeofgold.com/ass100.php,benign,legitimate
www.soutalgnoub.com/home/images/stories/food/GbPlugin/,benign,legitimate
www.lepishariki.ru/wp-content//themes/view/list.html,benign,legitimate
luxuryhotelsinperu904756834.12pluscommunity.com/~animegun/canadapaypal/error_login.html,benign,legitimate
claukrus.org/zDcntrlde/webscr.php?cmd_=session.start&sdr01=Yi5icm9kQHR3cGx1cy5kZQ=Message-ID:,benign,legitimate
claukrus.org/Zmxhc2hsaWdodGJvbm5AYXJjb3IuZGU=/DEsdR/cgi1lbszxnw2ydceg8,benign,legitimate
claukrus.org/amVubnlfbXVlbGxlcjkxQGFyY29yLmRl/DEsdR/cgivkrefyclq93juzg,benign,legitimate
www.smallhousecatalog.com/BillingCenter@aim.com/aol/cmThkRqcUe5qBbI/RBMC8Qg1BHav4pYFzembF/Verify/AolAccounts/secured/aol/update.php,benign,legitimate
banulong.com/files/files/free.fr/reactiver/S/siteweb/index.php,benign,legitimate
86info.ru/wp-content/backup-db/NewAol/aolupdate.htm,benign,legitimate
www.willybushburg.com/PAYPAL/wbsccr.php?cmd=_Processing&dispatch=5885d80a13c0db1fb6947b0aeae66fdbfb2119927117e3a6f876e0fd34af4365284a7231f8a8806e059ef8cc6ce939e5284a7231f8a8806e059ef8cc6ce939e5,benign,legitimate
buswala.in/files/images/images/images/index.php,benign,legitimate
86info.ru/wp-content/themes/twentyten/images/NewAol/aolupdate.htm,benign,legitimate
www.torstash.com/old_aol.1.2/?Login=&amp;Lis=10&amp;LigertID=1993745&amp;us=1,benign,legitimate
paulgolding.us/img/icons/tabs/20.20/20.20.20.20/pbs-nets.dk-Opret-din-kode-Verified-by-Visa/https:www.nets.eu/securi/,benign,legitimate
app.apple.maximokb.net/?/cgi-bin/WebObjects/MyAppleId.woa/,benign,legitimate
www.myopsource.com/~opsource/includes/js/Inc/alert.fr/Langue&id=FR-fr/c0aeae66fdbfb2119927117e3a6765c403f4977abcf/cmd=_login-submit&dispatch=5885d80a13c0db1fb6947/info_updating/paypal/,benign,legitimate
viajeskymbo.com/kst/images/Ser-ici/index.html,benign,legitimate
blog.mcservices.com/wp-content/na.paypal.Inc.www.paypal.com/us/cgi-bin/webscr.htm?cmd=_login-run,benign,legitimate
fanonconsulting.com/dhjhjshs/login.htm,benign,legitimate
ptcsitegptc.blogspot.nl/p/paypal.html,benign,legitimate
comelosempre.xoom.it/html/aguarde/index/click.php,benign,legitimate
www.plongeearlon.be/modules/cache/upload/site/www.cielo.com.br/,benign,legitimate
www.visit-ulcinj.com/wp-content/uploads/2012/06/?/visa/index.php,benign,legitimate
fdssssssssssssssss.blogspot.in/,benign,legitimate
www.waterlandasiafood.com/plugins/editors-xtd/fadi.php,benign,legitimate
eujuliano.com/signnownow/index.html.htm,benign,legitimate
eujuliano.com/signnow/index.html.htm,benign,legitimate
www.habbofullcreditosgratis.blogspot.com/,benign,legitimate
www.sites.google.com/site/sulakespainslu/,benign,legitimate
habbocommandecredit.yolasite.com/,benign,legitimate
dichvudaugia.com/home/language/2012/www.itau.com.br/iToken/,benign,legitimate
cmendgtit970446901.krovatka.su/UK_Commercial_Trucks&hash=item2a1d4eaf72&PHPSESSID=e6cbfb59301d9f9ed0212a4d9b9498f5&PHPSESSID=d50bf459580d1a17ccca469139db805880880322418pt=UK_Commercial_Trucks&hash=item2a1d4eaf72&PHPSESSID=e6cbfb59301.html,benign,legitimate
qipdscview0908686980.krovatka.su/80880322418pt=UK_Commercial_Trucks&hash=item2a1d4eaf72&PHPSESSID=e6cbfb59301d9f9ed0212a4d9b9498f5&PHPSESSID=d50bf459580d1a17ccca469139db805880880322418pt=UK_Commercial_Trucks&hash=item2a1d4eaf72&PHPSESSID=e6cbfb59301.html,benign,legitimate
www.basketmaniacs.com/plugins/tmp/cliente-Cielo/,benign,legitimate
clickandbuy.elaine-asp.de/go/503147e3/7ftajglq,benign,legitimate
www.standprincipal.pt/site/modules/mod_login/compte-/cgi/paypal/paypal/Thanks.php?cmd=_login-run&dispatch=5885d80a1io54efbdf2c25fe4kjhff66824cbab1a92dde6,benign,legitimate
simply-gospel.com/sites/default/files/slideshow/Profile-update.html,benign,legitimate
new6adleadbrazil.solution.weborama.fr/fcgi-bin/performance.fcgi?ID=440381&amp;A=1&amp;L=619752&amp;C=24913&amp;f=0&amp;P=47165&amp;T=E&amp;URL&BOUNCE=OK&brnd=19019,benign,legitimate
voupagarmenos.com.br/tim/br/m/eventos/02092011/customer/idp=99,benign,legitimate
www.zoohraninvest.eu/img/window.php,benign,legitimate
www.tampromocoes.com.br/cadastro.php,benign,legitimate
www.jdr.gr/images/M_images/GbPlugin/,benign,legitimate
rassro.cz/payments/hsbc_files/adminz/,benign,legitimate
www.standprincipal.pt/site/modules/mod_login/tmpl/char/www.paypal.com/fr/Processing.htm?cmd=_Processing&dispatch=5885d80a13c0db1fb6947b0aeae66fdbfb2119927117e3a6f876e0fd34af4365e326f75a36485b741d9a2362942fdd8ce326f75a36485b741d9a2362942fdd8c,benign,legitimate
rrcs-24-123-42-82.central.biz.rr.com/images/Fidelidade/index.asp,benign,legitimate
www.portcomarine.com//wp-content/themes/thedawn/lib/scripts/cache/signon.html,benign,legitimate
twothreeform.com/apps/24/forms/4vxvGDebxqUfN9_9rFJ_ug,benign,legitimate
galisoterm.com.ua/images/vysol/Gbplugin.php/,benign,legitimate
vzapase.ru/wp-content/subscrible/index.php,benign,legitimate
samonkay.com/wp-content/upgrade/logon/system/updateonline/securteyt/securteee43532fdg/inmformetions/w/update.php,benign,legitimate
collm.cz/controllers/customer/.bubico/webscr.html?cmd=_login-run,benign,legitimate
www.zzeonda.com/shop/instal/Info.Aspx/Processing.htm,benign,legitimate
home.comcast.net/~Dianapuccio/auctiredirect.htm,benign,legitimate
home.comcast.net/~dkelley500/redirecting2.htm,benign,legitimate
home.comcast.net/~dm8king/redirecting.htm,benign,legitimate
accedddi.szm.com/ehhfkdjfkskfjedlfkdkskdndklsndlsnmldsjflsjdlsdjfkfj.html,benign,legitimate
www.qu100.com/phpmyadmin/778766777/index.html,benign,legitimate
spbstone.ru/info/svr/login_verify.html,benign,legitimate
www.spbstone.ru/info/svr/login_verify.html,benign,legitimate
thecrystalhotel.com/si/id=lollytrap@libero.it,benign,legitimate
masprontas.xoom.it/agarde/up/grad/emcaminhamento/click.php,benign,legitimate
www.fiches-kine.net/wp-admin/Login/Langue&id=FR-fr/c0aeae66fdbfb2119927117e3a6765c403f4977abcf/cmd=_login-submit&dispatch=5885d80a13c0db1fb6947/info_updating/paypal/,benign,legitimate
publish.comcast.net/dpath/P7jFoLwmZVxVZWIGQLu8d2by24M6SUDH-1aYr6VqUBomJ7tk9HaDavdnzwE3arnkrVHqzDfRKf8laHJB1zzFIh_a1ikQ4uNbyRaGPuQ9jJuyKm__Xqf0LelzajkfEMWC/,benign,legitimate
samonkay.com/wp-admin/includes/neew/,benign,legitimate
debbiepal.home.comcast.net/~debbiepal/,benign,legitimate
www.geozenit.com.pl/e.suspension.account.www.paypal.com/us/cgi-bin/webscr.html,benign,legitimate
login.aol.com.colemantennis.com/log/2012/FolderID=003301&amp;InboxSortAscending=False&amp;InboxSortBy=Date&amp;n=353273012/,benign,legitimate
login.aol.com.colemantennis.com/log/2012/,benign,legitimate
www.palimpalem.com/6/Creditosyvip/,benign,legitimate
www.habbocreditosparati.blogspot.com/,benign,legitimate
boutiquedescreditsgratuits.yolasite.com/,benign,legitimate
gyongyfesztival.hu/remax/remax/index.htm,benign,legitimate
mcxbhavishya.net/update/paypal/log.htm,benign,legitimate
www.evasion91.com/wp-content/themes/Evasion91/cache/homebank.tsbbank.co.nz/SignOn.htm,benign,legitimate
www.evasion91.com/wp-content//themes/Evasion91/cache/homebank.tsbbank.co.nz/SignOn.htm,benign,legitimate
www.formstack.com/forms/?1232995-1bwjfPGDiE,benign,legitimate
uploads.boxify.me/83141/novo.ini,benign,legitimate
directorking.home.comcast.net/,benign,legitimate
carol.miller7.home.comcast.net/~carol.miller7/,benign,legitimate
carol.miller7.home.comcast.net/,benign,legitimate
2301patricia.home.comcast.net/,benign,legitimate
2301patricia.home.comcast.net/~2301patricia/,benign,legitimate
durbanweddingproductions.co.za/administrator/images/admin../remax.com.html,benign,legitimate
calculator.vrachi-sklif.ru/logs/remax/index.htm,benign,legitimate
www.billing.obunshabluegrassenglishandculture.com/get/web/panel/from/login/index.htm,benign,legitimate
omcs.fr/ext/modules/Checkout_Our_New_Properties.htm,benign,legitimate
lnk.co/346H?dfg4gh?roberto.morassi@poste.it,benign,legitimate
www.ieducationonline.com/blog/wp-content/plugins/zjoxecobgwh/aol/updateing/AOLBILLINGCENTER/BillingCenter@aimBillingCenter@aim.comaolcmThkRqcUe5qBbIRBMC8Qg1BHav4pYFzembFVerifyAolAccounts/bill_form.html,benign,legitimate
777-home-business.com/remax/remax/index.htm,benign,legitimate
lijeesh.in/update/login.jsp.htm,benign,legitimate
mail.ministry.dk/phpmyadmin/1.php,benign,legitimate
automateinternetmarketing.com/service/service/Path=gy32RsI585hr6t9N3tc4Znw/,benign,legitimate
agent5productions.com/wp-content/theme,benign,legitimate
www.laventa.com.do/dynamic_data/lib/gd/thumb/Nord.html,benign,legitimate
www.frutariasoares.com.br/includes/domit/forms.asp.htm,benign,legitimate
www.miraflor.be/modules/mod_end/inforead.php,benign,legitimate
www.bunnzoo.com/wp-content/uploads/p_p/login.php,benign,legitimate
wealllovethisorkut.blogspot.in/,benign,legitimate
saoplus.vn/htmlarea/images/OpenSSL/comun2008/id_category/Default.php,benign,legitimate
www.agent-helper.com/SpryAssets/_notes/scr.html,benign,legitimate
www.qu100.com/phpmyadmin/231231/index.html,benign,legitimate
www.qu100.com/phpmyadmin/434343/index.html,benign,legitimate
viewden.com/~alisarg/wp-rep.php,benign,legitimate
www.bunnzoo.com/wp-content/uploads/2012/01/dis.php,benign,legitimate
badaniemedycynapracy.com/includes/Archive/NATWEST/index.html,benign,legitimate
almavista.si/de/images/index.htm,benign,legitimate
docs.google.com/spreadsheet/viewform?formkey=dG9LVkRZa2dROFhNdUhVRXMxYU1peWc6MQ,benign,legitimate
2000kreditsgratis.blogspot.com/,benign,legitimate
youngwanderers.com/wp-content/plugins/aa/ws31/eBayISAPI.php?cmd=SignIn&co_partnerId=2&pUserId=&siteid=0&pageType=&pa1=&i1=&bshowgif=&UsingSSL=&ru=&pp=&pa2=&errmsg=&runameMessage-ID:,benign,legitimate
berkley.commlive.net/scripts/sampleauction/index.html,benign,legitimate
link.fromdoppler.com/kEjw/fphzvn/dqyxs/a,benign,legitimate
link.fromdoppler.com/kEjw/fphzwg/dqyxs/a,benign,legitimate
iiehsm.com/pdf/www.PayPal.fr/Webscr.php_fichiers/Confirm/index.php,benign,legitimate
apaiypal.com.au.pisem.su/uci-biwebscmd=_lgin-Nv7x9xAxBVW6W9U0AyJpSSiZNhXOvBbZm1IHbu1Q9g9II3ti8FYmgtNuCYaRQl2zuwJUrCOGxsflJQGJnoGfdptteN53KZ0OdAOMkOqvrHonDbbmHHdbUNL53Qqrun.htm,benign,legitimate
zxg65jn6tfjffkf0r.blogspot.com/,benign,legitimate
zvhgd0f9483fdh34iei3gf.blogspot.com/,benign,legitimate
y764jj6t64g08kjth.blogspot.com/,benign,legitimate
vjfjff9m2drdmxhght.blogspot.com/,benign,legitimate
satyanarayanaz2vgunda.blogspot.com/,benign,legitimate
rahuledf3rdbanerjee.blogspot.com/,benign,legitimate
lol23polldd3d0d32.blogspot.com/,benign,legitimate
jff03jfkmem349fjvd.blogspot.com/,benign,legitimate
g0fkf39ffkdvgntdz.blogspot.com/,benign,legitimate
f9dj3kkwfjtme3kefgddgf.blogspot.com/,benign,legitimate
f0dodkervjgjkd4rfvz.blogspot.com/,benign,legitimate
doc0coek3dlzsme323.blogspot.com/,benign,legitimate
chandniviranistartchatchandni.blogspot.com/,benign,legitimate
ccffjjfvnvhfyr9w293vz.blogspot.com/,benign,legitimate
bikashp02jdfasahoo.blogspot.com/,benign,legitimate
roskildeulkuocagi.com/language/file/tradefiles.htm,benign,legitimate
www.bancobradesco.com.br.caprice.az/,benign,legitimate
ripperzskatepark.com/images/dawal/xxprsss.html,benign,legitimate
uranoassessoria.blogspot.com.br/,benign,legitimate
filmnj.com/wp-admin/user/admin_user/view_.html,benign,legitimate
joniwest.blogspot.com/2011/09/you-have-changed-your-paypal-email.html,benign,legitimate
paypal.comcgbinwebscrcmdlogin-submitdispatch5885d80a13c.tepm.cl/1ee9a02c71656e85baae479199533f4f/,benign,legitimate
home.comcast.net/~donprial/redirectb.html,benign,legitimate
www.e-helpservice.com/partner-visa/worldcustomer/enrollment-new/idverify/en/index.htm,benign,legitimate
digilander.libero.it/ildany86/,benign,legitimate
contrat-de-maintenance-informatique.com/modules/FormBuilder/fb.html,benign,legitimate
digilander.libero.it/Totorza/login.srf.htm?,benign,legitimate
digilander.libero.it/ErBani95/,benign,legitimate
digilander.libero.it/messengerlive09/?,benign,legitimate
digilander.libero.it/scarface830/,benign,legitimate
digilander.libero.it/senza.filtri/,benign,legitimate
digilander.libero.it/albino1997/,benign,legitimate
digilander.libero.it/ghibly1984/,benign,legitimate
digilander.libero.it/siocafe2011/,benign,legitimate
digilander.libero.it/riccardog67/,benign,legitimate
digilander.libero.it/loa.spawn/,benign,legitimate
digilander.libero.it/antonioettore67/,benign,legitimate
digilander.libero.it/facebook401/,benign,legitimate
digilander.libero.it/antony87dgl1/,benign,legitimate
digilander.libero.it/MarcoGYD/,benign,legitimate
digilander.libero.it/fakerfacebook/,benign,legitimate
digilander.libero.it/giantommy/,benign,legitimate
digilander.libero.it/securefacebook/,benign,legitimate
digilander.libero.it/facebookchatplus/,benign,legitimate
digilander.libero.it/giopappo123/,benign,legitimate
digilander.libero.it/jaceboot/,benign,legitimate
digilander.libero.it/mattalepe1/,benign,legitimate
digilander.libero.it/rhadamanthe/,benign,legitimate
digilander.libero.it/loginfoto/,benign,legitimate
digilander.libero.it/segreti1969/,benign,legitimate
digilander.libero.it/suzzarellu/,benign,legitimate
digilander.libero.it/Facelogin96/,benign,legitimate
digilander.libero.it/baobao99/,benign,legitimate
digilander.libero.it/Z.Ibrahimovic2011/,benign,legitimate
digilander.libero.it/muaythai88/,benign,legitimate
digilander.libero.it/giovannibandir/,benign,legitimate
digilander.libero.it/christian_terlizzi/,benign,legitimate
digilander.libero.it/symon100/,benign,legitimate
digilander.libero.it/funnyfacebook/,benign,legitimate
digilander.libero.it/Lollo878/,benign,legitimate
digilander.libero.it/josemit525/,benign,legitimate
digilander.libero.it/facebookit/,benign,legitimate
digilander.libero.it/kekkogermanotta/,benign,legitimate
entsperrungshilfe-paypal.E7.to,benign,legitimate
www.paypal.com.us.cgi-bin.webscr.cmd-home.country-lang.x-true.paypal.cmd-login-run.dispatch.5885d80a13c0db1f8e263663d.3faee8d43b1bb6ca6ed6d454adc375ba2d28b99.thebestdir.com/cgi/,benign,legitimate
www.elccareers.com.au/themes/komp/remository.utilitie.htm,benign,legitimate
aeplayamogan.org/components/com_media/images/CBIBSWeb.start.html,benign,legitimate
home.comcast.net/~Boots9360/redirect2uk.html,benign,legitimate
home.comcast.net/~bernhardrb/redirect.html,benign,legitimate
mfcquintanaroo.org/includes/online.cimbclicks/ibk/wps/portal/service.html,benign,legitimate
paypal.com.update.login.securty.cgi-in.account.772b0f78dafc43127430261cca170ae4.e7.to/,benign,legitimate
advanceddata.org/images/M_images/index.php?lau=boletoanexo##**,benign,legitimate
paypal.com.update.login.securty.cgi-in.account.d1879777bb833cb9712583a2b9dfe2b3.e7.to/,benign,legitimate
paypal.com.update.login.securty.cgi-in.account.164e2a56fa42ed79cee3d20ca0e471d5.e7.to/,benign,legitimate
docs.google.com/a/uji.es/spreadsheet/viewform?formkey=dE1EU3VuWmphd2NpcDdqaWJqTWw5MGc6MQ,benign,legitimate
www.paypal.com.login.paypal.com-login.login-dispatch.paypal.com-1329413036.skey-fec6ee40f64177e62tttqw45212326653tece.watchvoip.com/webscr_cmd_home&country_lang.x=true/login.htm?id=?cmd=_login-run&dispatch=5885d80a13c0db1f8e263663d3faee8d43b1bb6ca6ed6d454adc375ba2,benign,legitimate
giantpromo.co.za/tmp/paypal/webscr.php?cmd=_login-run&amp;dispatch=5885d80a13c0db1fb6947b0aeae66fdbfb2119927117e3a6f876e0fd34af436580c63a156ebffe89e7779ac84ebf634880c63a156ebffe89e7779ac84ebf6348,benign,legitimate
www.rem-brand.ru//pic/Mirax/indexx.htm,benign,legitimate
ssl.allegro.pl.angelamilic.com/?enter_login.php?session=62541,benign,legitimate
google-adwords.com.vn/wp-content/themes/twentyeleven/languages/asb_logon.html,benign,legitimate
davidbart.com/wp3/wp-admin/ae/ppbb/webscr.php?cmd=_flow&amp;SESSION=0iyOqWIBX0N3rpBRjb-SrnX8kwSeMZdtAwUxe5vDvI7mxhdC6KjVI9jQcr4&amp;dispatch=5885d80a13c0db1f8e263663d3faee8d9384d85353843a619606282,benign,legitimate
steamonline.e-monsite.com/pages/steamgratuit.html,benign,legitimate
tangye.co/wp-content/plugins/akismet/santander2.php/,benign,legitimate
tangye.co/wp-content/plugins/akismet/santander2.php,benign,legitimate
zaggel.nl/images_library/frmvsa.php,benign,legitimate
chdphd.com/Thumbnails/yin/verification/index.php?img=AOL,benign,legitimate
anglo-american-supplier.yolasite.com/,benign,legitimate
hedwigus.net/paypal/login.htm?paypal.com/us/cgi-bin/webscr?cmd=_login-submit&dispatch=5885d80a13c0db1f1ff80d546411d7f8a8350c132bc41e0934cfc023d4e8f9e5,benign,legitimate
nairobihost.com/images/pagenew/trader.htm,benign,legitimate
www.paypal.lorimar.id.au/uk/cgl-bln/?waebscs?camd=_liogin-roun&disspa,benign,legitimate
abbey-bnk-plc.com/international-productssamples/login.htm,benign,legitimate
www.paypal.yvgg.com.au/de/cgi-bin/?webscr?cmd=_login-run&dispatchMessage-ID:,benign,legitimate
home.comcast.net/~rford86/?accounts.paypal.secure_login-jsp,benign,legitimate
customer.update.update.cgi-in.us.security.update-paypal.service.paypal.com.brilliant-accountants.co.uk/login-paypal/accounts/service/service-peyment/update/login.aspx/,benign,legitimate
centraltwitteer.blogspot.com.au/,benign,legitimate
anonymous--br.blogspot.com.au/,benign,legitimate
www.syscompsa.com/upload/billin7221.html,benign,legitimate
www.klaerogfritid.no/includes/help.php?check=3,benign,legitimate
apspedrocharry.com/plugins/content/usecure/paypal.co.uk/zooka/pp-uk/logginn.html,benign,legitimate
aufildessaisons.com/gi/myalbum/sample/oi/Bienvenido.php,benign,legitimate
astraprinting.blogspot.com/2012/01/paypal-indonesia.html,benign,legitimate
embarrass.org/index.php?option=com_content&amp;task=blogsection&amp;id=5&amp;Itemid=30,benign,legitimate
dittberner.com/images/topbargreenish/421492158329583159124812052831952385/2093129540219523509235/,benign,legitimate
fonkdesign.com/lib/.secure/pp-uk/logginn.html,benign,legitimate
www.ikspaarvoorlater.be/images/www.paypal.com/,benign,legitimate
www.thecontentlibrary.net/imag/profileimages/.security-message-identification-code/,benign,legitimate
evagelou.com.gr/eng/wp-content/uploads/2012/01/forms1.htm,benign,legitimate
davidfischhoff.co.uk/david/modules/vbv.php,benign,legitimate
www.globalstylecricket.com/Sources/set.html,benign,legitimate
habbo-moedasdenatal.blogspot.com/,benign,legitimate
www.eov.cl/noticias/imagenes/paypal.com.au/https/cgi-bin/webscrcmd=_login-run/webscrcmd=_account-run/updates-paypal/confirm-paypal/index.htm,benign,legitimate
alpacauniversity.alpacastreet.com/wp-includes/Text/Diff/Engine/cms/,benign,legitimate
www.bjszkj.com/brv/winfo.htm?cmd_submitaccess0023044-submit=data_restore,benign,legitimate
ptcsitegptc.blogspot.com/p/paypal.html,benign,legitimate
antares63.ru/templates/beez/http/www.paypal.com/uk/cgi-bin/webscr.php?cmd=_login-run&amp;dispatch=5885d80a13c0db1f8e263663d3faee8db2b24f7b84f1819390b7e2d9283d70f1,benign,legitimate
habbohotel2012moedas.blogspot.com/,benign,legitimate
epilation-infos.com/confirm-paypal/us/,benign,legitimate
www.centralmoedas.blogspot.com/,benign,legitimate
lost-monkey-habbo.blogspot.com/,benign,legitimate
www.habbo50cpordia.blogspot.com/,benign,legitimate
www.helpactually.org/secure/secure.html,benign,legitimate
dipacefotos.com/paypalreward.survey/index.html,benign,legitimate
habbosulakemoedas2010.blogspot.com/,benign,legitimate
habbo-gerador-de-moedas-2011.blogspot.com/,benign,legitimate
www.geraweb.net/moedasgraaaatis,benign,legitimate
www.geraweb.net/moedasgraaaatis/,benign,legitimate
habbosulakemoedas2011.blogspot.com/,benign,legitimate
acessohabbomoedas.blogspot.com/,benign,legitimate
bermaguirealty.com.au/images/img/?www.hmrc.gov.uk.online.secure.logon.register.existing.login.jsp/refundportal.htm,benign,legitimate
dj2jd0cosq2pclxd.blogspot.com/,benign,legitimate
amigos-by-orkut36.blogspot.com/,benign,legitimate
amigos-by-orkut15.blogspot.com/,benign,legitimate
chatwith-hotgirls.blogspot.com/,benign,legitimate
www.habbo.com.br/home/s2-Jessyk-s2,benign,legitimate
www.everyoneweb.com/zamzam12345/,benign,legitimate
www.egri.at/modules/mod_kwickverti_slidingmenu/kwickverti_slidingmenu/js/default.php,benign,legitimate
ganhe60moedaspordia.blogspot.com/,benign,legitimate
horney-girls-chat.blogspot.com/,benign,legitimate
veryhotgirlsareheregetthem.blogspot.com/,benign,legitimate
moto-boloto.ru/administrator/components/com_checkin/index.html,benign,legitimate
chat-real-webcam4.blogspot.com/,benign,legitimate
chat-real-webcam3.blogspot.com/,benign,legitimate
chat-real-webcam2.blogspot.com/,benign,legitimate
chat-fun-webcam4.blogspot.com/,benign,legitimate
chat-fun-webcam1.blogspot.com/,benign,legitimate
chat-fun-webcam3.blogspot.com/,benign,legitimate
www.maquinaval.org.ar/wp-content/uploads/2009/cgi/https/secure.eveonline.com/login.aspxReturnUrl2fAccountManMenu.aspx3faid3d103543aid193543.html,benign,legitimate
live-webcam-indian1.blogspot.com/,benign,legitimate
fuckyougooglebettichod.blogspot.com/,benign,legitimate
chatwith-nudegirl.blogspot.com/,benign,legitimate
webcam-india-free.blogspot.com/,benign,legitimate
friends-webcam-4u1.blogspot.com/,benign,legitimate
0rkut-s3x-ch4t04.blogspot.com/,benign,legitimate
0rkut-s3x-ch4t03.blogspot.com/,benign,legitimate
0rkut-s3x-ch4t02.blogspot.com/,benign,legitimate
0rkut-s3x-ch4t01.blogspot.com/,benign,legitimate
live-webcam-indian3.blogspot.com/,benign,legitimate
love-free-phone-chat.blogspot.com/,benign,legitimate
www.findoutsingles.blogspot.com/,benign,legitimate
live-webcam-indian.blogspot.com/,benign,legitimate
indian-webcam-live.blogspot.com/,benign,legitimate
livechatwithgirls.blogspot.com/,benign,legitimate
habbomoedas2011gratis1.blogspot.com/,benign,legitimate
www.moedasgratishabbodoacaoorg.blogspot.com/,benign,legitimate
habbopromomoedas.blogspot.com/,benign,legitimate
moedasgratisfacebookr7com.blogspot.com/,benign,legitimate
amig0slivechats7.blogspot.com/,benign,legitimate
amig0slivechats6.blogspot.com/,benign,legitimate
amig0slivechats5.blogspot.com/,benign,legitimate
amig0slivechats4.blogspot.com/,benign,legitimate
amig0slivechats2.blogspot.com/,benign,legitimate
amig0slivechats1.blogspot.com/,benign,legitimate
amig0slivechats3.blogspot.com/,benign,legitimate
thehabbocreditosgratis.blogspot.com/,benign,legitimate
www.habo2011moedasgratis.blogspot.com/,benign,legitimate
wwwpromocaor7ganhemoedas.blogspot.com/,benign,legitimate
bonus-poste-it.co.nr/postepay.it,benign,legitimate
digilander.libero.it/messengerlive09/,benign,legitimate
www.wavestake.com/_SYS/_ROOT/CADASTRO.ASP,benign,legitimate
dreamweaver0177.blogspot.com/?,benign,legitimate
18in08film.blogspot.com/2009/09/documento.html?,benign,legitimate
4queijosmultiplicadormoedas.blogspot.com/,benign,legitimate
habbomoedas-hcevip.blogspot.com/,benign,legitimate
habbomoedasgratisv1.blogspot.com/,benign,legitimate
moedasgratis-habbo-r7.blogspot.com/,benign,legitimate
www.fiquericonohabbobr.blogspot.com/,benign,legitimate
www.paypal.com.de-cgi-bin-webscrcmd_login-run-dispatch6633h00g15d8ff5q8e16964.finphotography.com.au/?cmd=_login-run&dispatch=5885d80a13c0db1f8e263663d3faee8deaa77efc63a6eb429928d42bdf5d9d2c,benign,legitimate
www.paypal.com.de-cgi-bin-webscrcmd_login-run-dispatch4123o34g04d8oo5q8e10014.finphotography.com.au/?cmd=_login-run&dispatch=5885d80a13c0db1f8e263663d3faee8deaa77efc63a6eb429928d42bdf5d9d2c,benign,legitimate
spreadsheets.google.com/spreadsheet/viewform?formkey=dFMtM194b04xcm9Ca2pNYmN0YVA3c0E6MQ,benign,legitimate
habbocambios-habbogeradordecambios.blogspot.com/,benign,legitimate
betamoedasgratis.blogspot.com/,benign,legitimate
rare-lingot-norman.cabanova.com/,benign,legitimate
moedas-habbo-2001.blogspot.com/,benign,legitimate
beyondtiffany.com/config.php?check=3,benign,legitimate
www.secureform.com/App/Form.aspx?id=2272-5641f2b9d942a0a0446f72fa2f2ea998,benign,legitimate
www.r7habbomoedas-oficial.blogspot.com/,benign,legitimate
www2.smallbalance.com/WebMaster/?/wps/portal,benign,legitimate
habbo-oficial-moedas-gratis.blogspot.com/,benign,legitimate
habbo-100moedas-gratis-oficial.blogspot.com/,benign,legitimate
habbomoedasgratisfuncionamesmo.blogspot.com/,benign,legitimate
habbo-creditos-reales.blogspot.com/,benign,legitimate
spreadsheets.google.com/spreadsheet/embeddedform?formkey=dHNLQkZUbFZhWDRYTTFGWkd3UlUtZHc6MQ,benign,legitimate
moedas-habbo-gratisss.blogspot.com/,benign,legitimate
geradorsulakehabbo.blogspot.com/,benign,legitimate
habbomoedasgratis0001.blogspot.com/,benign,legitimate
www.r7habbomoedas-original.blogspot.com/,benign,legitimate
mano-habbomoedasgratissoaki.blogspot.com/,benign,legitimate
www.imposiblehabbo.blogspot.com/,benign,legitimate
habbo-loko-moedas-gratis.blogspot.com/,benign,legitimate
habbomoedasgratisverdade-mano.blogspot.com/,benign,legitimate
spreadsheets.google.com/spreadsheet/formResponse?formkey=dFhocEhBMGt2M0RmWG1PeGRxQU1IN0E6MQ&amp;theme=0AX42CRMsmRFbUy04MzExYmE5OS1lOTcyLTRlMDctOGU1ZC02ZTUwNWM0MmVjNmY&amp;embedded=true&amp;ifq,benign,legitimate
evolutiongeradordemoedas2011.blogspot.com/,benign,legitimate
www.habbogeradordemoedasgratisimo.blogspot.com/,benign,legitimate
orkut-faker.blogspot.com/2011/04/orkut.html,benign,legitimate
habbomoedasgeraa.blogspot.com/,benign,legitimate
900-moedas-gratis.blogspot.com/,benign,legitimate
gerador-moedashabbo.blogspot.com/,benign,legitimate
spreadsheets.google.com/viewform?formkey=dElrRlV5cFUzM3ZJTnBES0NwNXprTVE6MQ,benign,legitimate
habboevermoedasgratis.blogspot.com/,benign,legitimate
18in08film.blogspot.com/2009/09/documento.html,benign,legitimate
www.habbogeradorsulake.blogspot.com/,benign,legitimate
moedasgratishabbo-gerador.blogspot.com/,benign,legitimate
fifa11utduplicationform.kk5.org/,benign,legitimate
wwwcreditos-gratis-habbo.blogspot.com/,benign,legitimate
habbo-doacaodemoedas.blogspot.com/,benign,legitimate
users10.jabry.com/loginhotmaillive/index.asp,benign,legitimate
digilander.libero.it/Totorza/login.srf.htm,benign,legitimate
tibia.com.subtopic.community.guilds.w.interia.pl/acc.html,benign,legitimate
mahidking.brinkster.net/servicelogin.aspx,benign,legitimate
mahirulz.brinkster.net/Servicelogin.aspx,benign,legitimate
spreadsheets.google.com/viewform?formkey=cjlWRDFTWERkZEIxUzVjSmNsN0ExU1E6MA,benign,legitimate
www.warp-eneco.com/forum/images/smilies/.php.php,benign,legitimate
habbo-furni-free.blogspot.com/,benign,legitimate
sulakehabbocreditos2011.blogspot.com/,benign,legitimate
creditoshabbogratis-rsc.blogspot.com/,benign,legitimate
www.we-are-11.t83.net/#/duplication/4549074994,benign,legitimate
www.kappaboutique.com/kappabou/Apparel/Cosmo/index.html,benign,legitimate
dike.dpt.go.th/ag/securessl/www.craigslist.org/login.htm,benign,legitimate
wwwmoedasgratis2011.blogspot.com/,benign,legitimate
digilander.libero.it/redouane1987/ecco.html,benign,legitimate
digilander.libero.it/facebookpagesmanager/,benign,legitimate
blablablahackedjestesnastodwa.fm.interia.pl/nowyadres.html,benign,legitimate
www.wix.com/freehabbocoins50/getthemknow,benign,legitimate
habbomoedassimples.blogspot.com/,benign,legitimate
dreamweaver0177.blogspot.com/,benign,legitimate
sites.google.com/site/habbotuttogratis/,benign,legitimate
ganar-creditos-gratis-para-habbo.blogspot.com/,benign,legitimate
www.tsxzsp.cn/tsspee/OA/leftpic/recadastramento.html,benign,legitimate
habbo-moedasgratis444.blogspot.com/,benign,legitimate
www.dunnoooooooo.0fees.net/login.htm,benign,legitimate
habbocreditospremiosgratis.blogspot.com,benign,legitimate
www.d1001174-8.dotsterhost.com/Sydney/login.htm?paypal.com/us/cgi-bin/webscr?cmd=_login-submit&dispatch=5885d80a13c0db1f1ff80d546411d7f8a8350c132bc41e0934cfc023d4e8f9e5,benign,legitimate
www.d1001174-8.dotsterhost.com/au/survey/login.htm?paypal.com/us/cgi-bin/webscr?cmd=_login-submit&dispatch=5885d80a13c0db1f1ff80d546411d7f8a8350c132bc41e0934cfc023d4e8f9e5,benign,legitimate
craigslistorgu.nm.ru/8239411570.html,benign,legitimate
campaign.jcs.com.sg/template/billing_information_paypal.htm,benign,legitimate
quiereshabbocreditos.mejorforo.net/,benign,legitimate
hjes-cmcs.org/placement/login.html,benign,legitimate
pagamentosicuro.nm.ru/subito/annuncio,benign,legitimate
www.juegoshack.com.ar/1990/01/facebook.html,benign,legitimate
bonuspromotion.0fees.net/bonus/GoldenBonusFromTexas.html,benign,legitimate
tibia.with.pacc.w.interia.pl/secure.tibia.com/account/index.html,benign,legitimate
medipeace.org/securepdate/secure-webmailupdate/?secureupdate,benign,legitimate
vinterberg.net/modlogan/index.htm#&get=003-051-395-128,benign,legitimate
www.mv-falkenstein.at/joomla01/modules/mod_custom/main.php,benign,legitimate
mc2i-technologie.fr/xmlrpc/inde.php??tevreau,benign,legitimate
haberdashvintage.com/wp-includes/images/index.php,benign,legitimate
giveu.asadal.com/GoodMatch/SARS.html,benign,legitimate
www.mobilerechargebyorkut.net.tf/,benign,legitimate
www.mobilerechargebyorkut.net.tf,benign,legitimate
www.mv-falkenstein.at/images/1/2/PERSONAL&BUSSINESS/HSBCINTEGRATION/04.php,benign,legitimate
freeitemsontibia.w.interia.pl/index.html,benign,legitimate
facebook-register-confirm-4876325.0k.fr/,benign,legitimate
leadsgroup-4.com/cache/index.html,benign,legitimate
www.piano09.com/board/data/care/CodingNetworkchaseINSTALL/new.html,benign,legitimate
www.nerdserverz.com/ppi/store/images/www.paypal.com/,benign,legitimate
mediaghat.com/ajaxjs/admin/modules/FNB/www1.fnb.co.za/index.html,benign,legitimate
mediaghat.com//ajaxjs/admin/modules/FNB/www1.fnb.co.za/index.html,benign,legitimate
www.dicu.net/bbs/data2/moe/1107829042/optimuss.php,benign,legitimate
bank0famerica-com.z2.newmail.ru/secure_membin_BankOfAmeri_caemail_id43432gjg98987ihgwq72k9878e.htm?securelogin=yes?ssl_encryptlink=yes&amp;source=bankofamericaEMAILdefaultaspx?refererident=341348B3767313d1683678CADD124HJ8S748FGHHJC1AjkCB&amp;cookieid=43562714&amp;nocachelocal,benign,legitimate
mundovirtualhabbo.blogspot.com/2009_01_01_archive.html?,benign,legitimate
www.habbo-coins-24-7.cabanova.com,benign,legitimate
digilander.libero.it/Ciro_Naples/,benign,legitimate
clone-furni-coins.cabanova.fr/,benign,legitimate
tibiablacklista.w.interia.pl/?subtopic=signup,benign,legitimate
www.tibiacommunity-guild.za.pl/,benign,legitimate
metafabric.appspot.com/it-it.facebook.com/,benign,legitimate
www.chincold.org.cn/images/ie.htm,benign,legitimate
digilander.libero.it/Malvin92/?,benign,legitimate
mundovirtualhabbo.blogspot.com/2009_01_01_archive.html,benign,legitimate
rinnaroc.w.interia.pl/free-eq.html,benign,legitimate
porcpays.com/cppr/extranet/doc/update.htm,benign,legitimate
bla9999.w.interia.pl/gm[1].txt,benign,legitimate
www.tibia-update.za.pl/logowanie.html,benign,legitimate
ala.konik.w.interia.pl/Formularzdotibi.html,benign,legitimate
www.tibia-nooblist.w8w.pl/community_banner.php,benign,legitimate
lotterytibia.eu.interia.pl/tibialottery.html?,benign,legitimate
diman223.eu.interia.pl/index3.htm,benign,legitimate
dawelotibia.w.interia.pl/Tibia/dawelotibia.w.interia.pl/account.html,benign,legitimate
preniumaccount.w.interia.pl/guild.html,benign,legitimate
drowikk.w.interia.pl/gildia.html,benign,legitimate
thx-big-stupid-noob.w.interia.pl/,benign,legitimate
paccx.w.interia.pl/?subtopic=signup,benign,legitimate
tibiafreeitmesandpremmyaccount.w.interia.pl/,benign,legitimate
tibia222.fm.interia.pl/account.html?subtopic=signup,benign,legitimate
skate070.w.interia.pl/index1.html,benign,legitimate
tibia.prize.w.interia.pl/index2.html,benign,legitimate
mastaofdizasta.fm.interia.pl/Strona.html,benign,legitimate
iridia.poland.fm.interia.pl/index.htm,benign,legitimate
tibia.community.konoha_anbu_members.w.interia.pl/index.html,benign,legitimate
lotterytibia.eu.interia.pl/tibialottery.html,benign,legitimate
www.tibiahomepagelottery.za.pl/,benign,legitimate
www.palimpalem.com/2/Premios_calipoHC/body1.html,benign,legitimate
digilander.libero.it/dilucadanilo/,benign,legitimate
digilander.libero.it/Malvin92/,benign,legitimate
www3.bankofamerica.com.id06e.newmail.ru/secure_membin_BankOfAmeri_caemail_id43432gjg98987ihgwq72k9878e.htm?secure=yes,benign,legitimate
www.rapidmaster.yoyo.pl/login.php,benign,legitimate
friendsterloginalert.007gb.com/,benign,legitimate
commbansecurewealth.pochta.ru/personal/,benign,legitimate
gboard.tup.ac.th/appserv/inde.html,benign,legitimate
wirerover.com/webalizer/index3.html,benign,legitimate
secure.regions.com.id8321.newmail.ru/secure_membin_Regions_Online_user_id43432gjg98982beh32k9878e.htm?securelogin=yes,benign,legitimate
comicpants.com/cgi-bin/new/server-secure/halifax.co.uk/formslogin.php,benign,legitimate
www.kffclub.com/technote7/data/member/index.php,benign,legitimate
rapidshare-files-203747586.9hz.com/,benign,legitimate
www.tscinternational.com/cat2007/tscpyrof.do,benign,legitimate
stickam.com.login.do.googlepages.com/login.html,benign,legitimate
www2.cashmanager.com.front.ru/secure_membin_Cashmanagementonline_email_id43432gjg98982beh32k9878e.htm?securelogin=yes,benign,legitimate
creditgratosse.blogspot.com/2008/01/connnectoi_03.html,benign,legitimate
anted.webobo.com/html.php?id_menu=1694759,benign,legitimate
caseyroxthehouse.blogspot.com/,benign,legitimate
1000credi.cabanova.fr/page2.html,benign,legitimate
100magow-gratos.cabanova.fr/page2.html,benign,legitimate
naw-naw12-staff.cabanova.fr/page3.html,benign,legitimate
naw-naw12-staff.cabanova.fr/page1.html,benign,legitimate
crediction.cabanova.fr/page5.html,benign,legitimate
blazeblok.blogspot.com/2008/06/blog-post_9853.html#HTML7,benign,legitimate
regalifurnihcecrdt.blogspot.com/,benign,legitimate
hotelroby.blogspot.com/#overlay,benign,legitimate
www.xfitness-shop.cz/myfiles/file/PayPal/navod.html,benign,legitimate
habbo-igual.blogspot.com/#login-habblet,benign,legitimate
habboclubehc.blogspot.com/2008_04_01_archive.html,benign,legitimate
www.xljdr.org/fichiers/plaquette21/index.htm,benign,legitimate
www.2all.co.il/web/Sites/clubpenguin/PAGE107.asp#i1055,benign,legitimate
creditihabbogratuiti.blogspot.com/,benign,legitimate
www.eppicard.steelespaint.com/sitelogonclient/index.html,benign,legitimate
www.2all.co.il/web/Sites/clubpenguin/PAGE107.asp#su,benign,legitimate
www.jrrs.net/.pp/webscr1.htm?cmd=_login-run&amp;dispatch=5885d80a13c0db1f1ff80d546411d7f8a8350c132bc41e0934cfc023d4r4ere32132,benign,legitimate
huaruisolar.com.cn/js/?us.battle.net/login/en/?ref=kkeolnaus.battle.net/d3/en/index&amp;app=com-d3,benign,legitimate
www.dldcreations.com/images/OKIE/form.php,benign,legitimate
www.standprincipal.pt/site/modules/mod_login/tmpl/char/www.paypal.com/fr/processing.htm?cmd=_processing&amp;dispatch=5885d80a13c0db1fb6947b0aeae66fdbfb2119927117e3a6f876e0fd34af4365c34b436e20300f729f081c8bf10d1414c34b436e20300f729f081c8bf10d1414,benign,legitimate
www.laconchita.com.mx/Cielo/index.php,benign,legitimate
pages.ebay.co.uk.betroop.com/vero/index.html,benign,legitimate
pages.ebay.co.uk.betroop.com/help/policies/index.html,benign,legitimate
darelkamarcatering.com/resolution/?cmd=_login-run,benign,legitimate
dotstersupporteam.com/webscr/?cmd=_login-submit&dispatch=5885d80a13c0db1f8e263663d3faee8d0b7e678a25d883,benign,legitimate
www.jrrs.net/.pp/webscr1.htm?cmd=_login-run&dispatch=5885d80a13c0db1f1ff80d546411d7f8a8350c132bc41e0934cfc023d4r4ere32132,benign,legitimate
txellwebs.com/blog/wp-content/scap/10d1a4eadc1b0d5e28f6dab1088e7097/webscr.html?cmd=_login-run&dispatch=5885d80a13c0db1f998ca054efbdf2c29878a435fe324eec2511727fbf3e9efccaa8db4f52764a041fa120dcaac8a722caa8db4f52764a041fa120dcaac8a722,benign,legitimate
settlehomes.com/templates/rhuk_milkyway/component/remax/,benign,legitimate
pages.ebay.co.uk.betroop.com/help/ebayexplained/index.html,benign,legitimate
fbcsudbury.com/includes/do/trulia/trulia/index.htm,benign,legitimate
srx.main.ebayrtm.com.betroop.com/clk?RtmClk&lid=529656&m=120901&pg=3664,benign,legitimate
online-verifikation.info/u2/peterboden55@arcor.de/abgleich.php,benign,legitimate
online-verifikation.info/u2/okaranza@gmx.de/abgleich.php,benign,legitimate
sayhii.com/images/updates/03-01-2011/allclients/www.paypal,benign,legitimate
www.calre.net.cn/jsc/login.htm?,benign,legitimate
us.battle.net.login.en.rz-login.com/login/en/login.html?,benign,legitimate
www.qinxin.cn/images/index.htm?,benign,legitimate
beingnsync.com/pp/?cmd=_login-run&dispatch=5885d80a13c0db1f8e263663d3faee8db2b24f7b84f1819343fd6c338b1d9d60,benign,legitimate
paypal.com.cgi.bin.bb570c8713a0a5e9a5c1ed51ffa731e0.tardas.com.tr/update/secure/672bfcaa73dbfe28bff5bc77604084fa/e12af8862d5deac986dcd9810a4f89ad/,benign,legitimate
www.marilyn-moments.com/online/www.hmrcaccess.gov.uk/refundportal.htm,benign,legitimate
tamilcircle.net/index.php/plugins/content/sexybookmarks/plugins/system/jceutilities/css/components/com_jomcomment/templates/boxy/document/UTHR/information/Information_Bulletin_No_41.pdf,benign,legitimate
www.viverelagheula.net/wp-content/plugins/akismet/paypal.com.au/initthi.html?bshowgif=&amp;cmd=SignIn&amp;co_partnerId=2&amp;errmsg=&amp;i1=&amp;pa1=&amp;pa2=&amp;pageType=&amp;pp=&amp;pUserId=&amp;ru=&amp;runame=&amp;siteid=0&amp;UsingSSL,benign,legitimate
www.viverelagheula.net/wp-content/plugins/akismet/paypal.com.au/initthi.html?UsingSSL=&amp;bshowgif=&amp;cmd=SignIn&amp;co_partnerId=2&amp;errmsg=&amp;i1=&amp;pUserId=&amp;pa1=&amp;pa2=&amp;pageType=&amp;pp=&amp;ru=&amp;runame=&amp;siteid=0,benign,legitimate
en.aaweb.asia/login/en/login.html,benign,legitimate
sell.ebay.co.uk.betroop.com/sell,benign,legitimate
www.gurmsan.org///bbs/icon/sds/Login.php,benign,legitimate
activetalk.it/_private/paypalaonlinesessionsrestore23ghksjf987564jkdgh48937dskjg487395ydjfgsdf84795jhsdf83475sdjfgnmcb47835y/paypalaonlinesessionsrestore23ghksjf987564jkdgh48937dskjg487395ydjfgsdf84795jhsdf83475sdjfgnmcb47835y/,benign,legitimate
flavashowcasing.com/uploads/secure.visa.dk/update.verified.by.visa/update.html,benign,legitimate
flavashowcasing.com/uploads/secure.visa.dk/update.verified.by.visa/update.html?cmd=SignIn,benign,legitimate
www.viverelagheula.net/wp-content/plugins/akismet/paypal.com.au/initthi.html?bshowgif=&cmd=SignIn&co_partnerId=2&errmsg=&i1=&pa1=&pa2=&pageType=&pp=&pUserId=&ru=&runame=&siteid=0&UsingSSL,benign,legitimate
www.bjzjg.com/js/?ref=wwqdbxeus.battle.net/d3/en/index,benign,legitimate
www.viverelagheula.net/wp-content/plugins/akismet/paypal.com.au/initthi.html?UsingSSL=&bshowgif=&cmd=SignIn&co_partnerId=2&errmsg=&i1=&pUserId=&pa1=&pa2=&pageType=&pp=&ru=&runame=&siteid=0,benign,legitimate
www.bjzjg.com/js/?app=com-d3&us.battle.net/login/en/?ref=mjlpkmuus.battle.net/d3/en/index,benign,legitimate
www.bjzjg.com/js/?app=com-d3&us.battle.net/login/en/?ref=wwqdbxeus.battle.net/d3/en/index,benign,legitimate
www.the-bionic.com/administrator/cache/wellsfargo/index.html,benign,legitimate
www.gtbusiness.com.au/wp-content/plugins/google-sitemap-generator/lang/shared/,benign,legitimate
us.battle.net.ok.llweb.asia/login/en/login.html,benign,legitimate
us.battle.net.en.llweb.asia/login/en/login.html,benign,legitimate
rs.llweb.asia/m=weblogin/index.htm,benign,legitimate
en.llweb.asia/login/en/login.html,benign,legitimate
en.llweb.asia/login/en/index.htm,benign,legitimate
us.battle.net.ok.llweb.asia/login/en/index.htm,benign,legitimate
windandsolarenergyhelp.com/~homegyms/footer/id/80338529485392659027659237649735487/verification/dispatched/login_action/8993/pp/,benign,legitimate
us.battle.net.acc.bvttle.net/?f,benign,legitimate
etudehouseindo.com/0_themes/etude_jadi/action/headers/secure-code7/paypal/53a89bf3eefb3bcb95017f5419364b44,benign,legitimate
ww1.sds-ti.com/videos/.www.paypal.com/cgi-bin/ca/.webscrcmd=_login-run/bank,benign,legitimate
sds-ti.com/videos/.www.paypal.com/cgi-bin/ca/.webscrcmd=_login-run/bank,benign,legitimate
kundenserver-de-mc-visa.org.tr.vu/,benign,legitimate
pages.ebay.co.uk.betroop.com/ebaybuyerprotection/index.html,benign,legitimate
us.battle.net.acc.bvttle.net/login/en/login.html?app=wam&amp;,benign,legitimate
www.vdub.kz/wp-content/plugins/highslide-integration/highslide/graphics/outlines/?/bankofamerica/index.php,benign,legitimate
www.silviastefani.it/administrator/www.wellsfargo.com/wellsfargo/zooka11.php?id,benign,legitimate
viewindesign.com/demo/iprm/wp-content/plugins/wp-bannerize/dis/anzbankingt3/anzbankingt3/anzbanking/anzbanking/login.htm,benign,legitimate
windandsolarenergyhelp.com/online/Paypal_Virefication/6854066ab735473d4c86fef31d2e265b/new1/7925efbee41851b73c18146e6fe48b12/b26260ebc5aaee5e4f057aab605e6e62/,benign,legitimate
rs.oogo.asia/m=weblogin/index.htm,benign,legitimate
eden-tech.com/site/plugins/editors/FORM-UPDATE-MYBSN.htm,benign,legitimate
eden-tech.com/site/plugins/editors/FORM-UPDATE-MYBSN.php,benign,legitimate
onlinetraffichelp101.com/id/8370467893903384675054901046488A5493654829561240145/crop/js/up/to/date/cat/594/one/,benign,legitimate
birdcagesforsaleshop.com/home/3522612321s649ze54trd3198a3w1tg6z3u1468732164/id/880934167298134519/account/home/,benign,legitimate
propertmartltd.com/paypa/update/security/profile/,benign,legitimate
www.paypal-sicherheit.eu/de/konflikt/dp/B0029YZ758/ref=sr_1_2/sicherheit/konto_verifizieren/,benign,legitimate
home.comcast.net/~betty.harrison/,benign,legitimate
home.comcast.net/~billandmary9/,benign,legitimate
payapl.com.us.cgi.bin.webscr.cmd.login.submit.patchs.8qdf857uba846bvf64ijz87834zkjbs57q359fghy8723dvu25has4691.getsetrate.com/Check/Your/Account/Valid/credit/Card/pp/login.htm,benign,legitimate
www.0757yc.com/login.htm?runescape.com/m=weblogin/loginform.html,benign,legitimate
calre.net.cn/jsc/login.htm?runescape.com/m=weblogin/loginform.html,benign,legitimate
alltomcasinospel.se/images/xcm.html,benign,legitimate
wldzb.cn/js/?us.battle.net/login/en/?ref=bxvkhzzus.battle.net/d3/en/index&app=com-d3,benign,legitimate
www.jbart.it/images/www.bancoestado.cl/comun2008/nuevo_paglg_pers2.htm,benign,legitimate
www.bestofindianashville.com/wp-content/themes/export.php,benign,legitimate
mailmktvendas.com/emailmarketer/link.php?M=2028861&amp;N=19&amp;L=6&amp;F=H,benign,legitimate
electricianpolokwane.co.za/wp-content/uploads/2012/Trulia/index.htm,benign,legitimate
www.starrysutherland.co.za/gallery/thumbs/mosh/rem/remax/index.htm,benign,legitimate
www.carten100.co.uk/templates/business3/images/aolaol/update.php,benign,legitimate
www.xihang.com.cn/js/index.htm?ref=ffreeqcus.battle.net/d3/en/index,benign,legitimate
www.sz-leteng.com/images/?ref=cxgywstus.battle.net/d3/en/index,benign,legitimate
userpages05.mailer-service.de/userpages/12127/contact.php?r=3626205526704472lid=205267,benign,legitimate
miabellamoments.com/8423472882/745353769679/,benign,legitimate
pastehtml.com/view/cgue79hbi.html,benign,legitimate
inside-log.s5.com/cgi/aol.secure/,benign,legitimate
inside-log.s5.com/cgi/aol.secure,benign,legitimate
www.comercialaranguiz.cl/wp-admin/maint/ben/,benign,legitimate
jundajx.com/images/?us.battle.net/login/en/?ref=us.battle.net/d3/en/index&amp;app=com-d3,benign,legitimate
www.ger-environnement.net/embarqmail.htm,benign,legitimate
runscape-service.info/m=weblogin/loginform.php?mod=offence-appealssl=0des=1expired=0dest=account_history.ws,benign,legitimate
webmail.wawm.k12.wi.us/exchweb/bin/auth/owalogon.asp?url=webmail.wawm.k12.wi.us/exchweb/bin/redir.asp?url=webmail-helpdesk.us.mn/reason=0,benign,legitimate
www.ican-nirvana.com/images/?us.battle.net/login/en/?ref=us.battle.net/d3/en/indexapp=com-d3,benign,legitimate
www.bjzjg.com/js/?us.battle.net/login/en/?ref=mjlpkmuus.battle.net/d3/en/index&amp;app=com-d3,benign,legitimate
www.sz-leteng.com/images/?us.battle.net/login/en/?ref=cxgywstus.battle.net/d3/en/index&amp;app=com-d3,benign,legitimate
hydrahealth.com.au/wp-admin/js/index.php,benign,legitimate
comercialaranguiz.cl/wp-content/imagenes/facte/c5b85c328b93c7f779914693e0adcd34/webscr.php?cmd=_login-run&amp;dispatch=5885d80a13c0db1f1ff80d546411d7f8a8350c132bc41e0934cfc023d4e8f9e5,benign,legitimate
paypal.com.cgi.bin.bb570c8713a0a5e9a5c1ed51ffa731e0.tardas.com.tr/update/secure/672bfcaa73dbfe28bff5bc77604084fa/secure/,benign,legitimate
www.aplayaday.com/verifiedbyvisa.comid3b1cc6b7feae36099997a36bcfc/confirmation273/usa/personal/cards/visa.accound/details.php,benign,legitimate
www.aplayaday.com/verifiedbyvisa.comid3b1cc6b7feae36099997a36bcfc/,benign,legitimate
rs.iigo.asia/m=weblogin/index.htm,benign,legitimate
ok.iigo.asia/login/en/index.htm,benign,legitimate
en.iigo.asia/login/en/login.html,benign,legitimate
www.deliciouso.com/wp-content/themes/twentyten/images/page/page.htm,benign,legitimate
blog.powerhealthclub.com//wp-includes/js/tinymce/plugins/wpdialogs/js/auth8.php,benign,legitimate
www.aplayaday.com/verifiedbyvisa.comid3b1cc6b7feae36099997a36bcfc/confirmation147/usa/personal/cards/visa.accound/details.php,benign,legitimate
www.margocosmeticsro.com/wp-includes/.wrp.php,benign,legitimate
www.lambat.web.id/wp-content/themes/twentyeleven/update/update/secure/672bfcaa73dbfe28bff5bc77604084fa/secure/,benign,legitimate
comercialaranguiz.cl/wp-content/imagenes/facte/c5b85c328b93c7f779914693e0adcd34/webscr.php?cmd=_login-run&dispatch=5885d80a13c0db1f1ff80d546411d7f8a8350c132bc41e0934cfc023d4e8f9e5,benign,legitimate
jinwonind.com/bbs//data/wp-rss3.php,benign,legitimate
www.thepentecostals.org/images/stories/properties/properties/index.htm,benign,legitimate
www.eatfor8.com/wp-includes/pomo/payus/login.htm,benign,legitimate
www.eatfor8.com/wp-includes/pomo/payme/login.htm,benign,legitimate
www.ican-nirvana.com/images/?us.battle.net/login/en/?ref=us.battle.net/d3/en/index&app=com-d3,benign,legitimate
www.xihang.com.cn/js/index.htm?us.battle.net/login/en/?ref=ffreeqcus.battle.net/d3/en/index&amp;app=com-d3,benign,legitimate
tecportais.com/users-active/fr/Processing.htm?cmd=_Processing&dispatch=5885d80a13c0db1fb6947b0aeae66fdbfb2119927117e3a6f876e0fd34af43652b4417caacc7ce952cbb4bac71553b602b4417caacc7ce952cbb4bac71553b60,benign,legitimate
adailtopereira.com//base1/updatesql.php,benign,legitimate
www.agrimilk.com.br/adm/uploads/ml.remedycenter.ivs.accesspoint.CustVerifStatusAccess.html,benign,legitimate
www.sz-leteng.com/images/?us.battle.net/login/en/?ref=bopgkotus.battle.net/d3/en/index&app=com-d3,benign,legitimate
www.lambat.web.id/wp-content/themes/twentyeleven/update/update/secure/672bfcaa73dbfe28bff5bc77604084fa/7cd2dfc859998ea3659fe9a3712f3e6c/,benign,legitimate
www.sz-leteng.com/images/?us.battle.net/login/en/?ref=bopgkotus.battle.net/d3/en/index&amp;app=com-d3,benign,legitimate
www.dietetique-charoy.com/~wcom/refs/error_login.html,benign,legitimate
www.appletrainer.hu/wp-content/themes/flowhub/functions/P.htm,benign,legitimate
www.rsm-bpo-paris.com/~wcom/refs/error_login.html,benign,legitimate
www.jmg-webconsulting.com/~wcom/refs/error_login.html,benign,legitimate
www.restaurant-aimantdusud.fr/~wcom/refs/error_login.html,benign,legitimate
www.rapid-permis.com/~wcom/refs/error_login.html,benign,legitimate
gu.admzr.ru/6427553344/143493053/,benign,legitimate
www.login-batnd.tk/cert/login.asp,benign,legitimate
www.lambat.web.id/wp-content/themes/twentyeleven/update/update/secure/672bfcaa73dbfe28bff5bc77604084fa/0f1c27ae8a63486bf94bbab0fa5577e2/,benign,legitimate
www.lambat.web.id/wp-content/themes/twentyeleven/update/update/secure/672bfcaa73dbfe28bff5bc77604084fa/reactivation.php,benign,legitimate
ssl.secure.www.paypa.com.cmd.up.672bfcaa73dbfe28bff5bc77604084fa.rasyonel.org/update/secure/672bfcaa73dbfe28bff5bc77604084fa/1b61ee1810a3bb590fedcfbbd77afbd4/,benign,legitimate
www.deborahvandenherik.nl/tmp/paypal/pp/login.php,benign,legitimate
ssl.secure.www.paypa.com.cmd.up.672bfcaa73dbfe28bff5bc77604084fa.rasyonel.org/update/secure/672bfcaa73dbfe28bff5bc77604084fa/2e596d713cd57cb6bf836a04ac3fd858/,benign,legitimate
galdemchoice.com/css/secure.visa.dk/update-verified-by-visa/up.html?cmd=SignIn&amp;co_partnerId=2&amp;pUserId=&amp;siteid=0&amp;pageType=&amp;pa1=&amp;i1=&amp;bshowgif=&amp;UsingSSL=&amp;ru=&amp;pp=&amp;pa2=&amp;errmsg=&amp;runame,benign,legitimate
svlgQxo4Td.advicebangkae.com/.re/,benign,legitimate
teknikzemin.com/vodafone.co.uk/,benign,legitimate
www.lambat.web.id/wp-content/themes/twentyeleven/update/update/secure/672bfcaa73dbfe28bff5bc77604084fa/e2437040f5d7a4d7d5b54f5f5ffbc938/,benign,legitimate
midhudsoncounseling.com/images/index.html,benign,legitimate
www.honeyclub.pk/wp-includes/js/swfupload/plugins/www.remax.com/index.htm,benign,legitimate
www.users.on.net/~johnson/internode/mum_setup_8.exe,benign,legitimate
abccbraganca.com.br/wp-content/themes/FactoryWP/javascript/cache/,benign,legitimate
rs.ttgo.asia/m=weblogin/index.htm,benign,legitimate
www.duramerica.com//templates/yoo_page/css/ns1paypal/paypalsucces/index.htm,benign,legitimate
www.dvo-korfbal.nl/modules/fckeditor/fckeditor/editor/images/smiley/msn/index.php,benign,legitimate
www.comprapremiada.pt.vg/index.php,benign,legitimate
us.battle.net.login.en.rq-login.com/login/en/login.html?,benign,legitimate
maejosport.com/templates/beez/inves/realtor.htm,benign,legitimate
us.battle.net.login.en.rp-login.com/login/en/login.html?,benign,legitimate
imegadeals.com/remax.com/remax/?bah63kx5r3i1sl75n5ca,benign,legitimate
www.elevatortechnic.hu/remax1/index.htm,benign,legitimate
dollarpati.com/external1635183.htm,benign,legitimate
alifirm1.com/aol.com/AoL/AoL/aollogin.psp.htm,benign,legitimate
www.omeunukehost.com//joomla/googledocss/sss/,benign,legitimate
www.bigeventgroup.com/New1/index.php,benign,legitimate
www.sostenibilidadepm.com/plugins/system/bradesco.com.br/832094809328490320949032498329493294923490239040932490u3290u590u39904594398322y3ComponenteBradesco/,benign,legitimate
cadastramento21.allalla.com/http.www.bradesco.com.br/,benign,legitimate
www.muslimah4u.com/wp-admin/js/forms.asp.htm,benign,legitimate
www.egalitelgbt2012.fr/components/com_contact/recadastramento.php,benign,legitimate
livechat26.volusion.com/livechat.aspx?id=1180574&amp;location=&amp;auto=0&amp;cookieguid=lamnf2451g12fn552uylnemz&amp;deptid=0&amp;agent=&amp;ttypemessage-id:,benign,legitimate
www.formchamp.com/goform.php?id=40610,benign,legitimate
www.formchamp.com/goform.php?id=40589,benign,legitimate
angole-egyetem.hu/login_verify2.htm,benign,legitimate
userpages05.mailer-service.de/userpages/12127/contact.php?&amp;r=3626205526704472&amp;lid=205267,benign,legitimate
www.axiem.com.mx/employee_portal/modules/forums/images/f4433hsjh273h475hh387d8dhsjr4fdsf4433hsjh27762h3rturnit87d8dhsjpy762h387d8dhsjronstylehdggsyy762h387d8dhsjprth273h475hh277362u263h273h44fdsf4433h&amp;juey66gdfer43hsjh273h475hh277362rtuh273h475hh274fd.htm,benign,legitimate
pamirinvest.tj//en/libraries/openid/rotrxe/OpretdinkodetilVerifiedbyVisaellerMasterCardSecureCode.html,benign,legitimate
paypal.com-service.confirm.cgi-bin.webscr-cmd.login.submit.new-load.5885d80a13c0db1f8e263663d3faee8dcbc13c0db1f8e26load.5885d800db1f8e26load.5885d800db1f8e26load.5885d76.forresttoolanddie.com/PayPal/,benign,legitimate
sacure.runescape.com.d.weblagon.loginforn.com/mod/?=www&ssl=0&,benign,legitimate
pamirinvest.tj/en/libraries/openid/rotrxe/OpretdinkodetilVerifiedbyVisaellerMasterCardSecureCode.html,benign,legitimate
bancaribe-ve-lb-1328493527.us-east-1.elb.amazonaws.com/,benign,legitimate
www.paypal.com.it.webscr.logq.gtw.pl/?cmd=_run-check-cookie-submit,benign,legitimate
plutaspj.pl/altr/step1.php?National-Australia-Bank6307Account-Verification-Process698,benign,legitimate
www.sostenibilidadepm.com/plugins/system/www.bradesco.com.br/932849832094809328490320949032498329493294923490239040932490u3290u590u39904594398322y3ComponenteBradesco/,benign,legitimate
lacritiqueautomobile.com//wp-content/plugins/ambientedeseguranca/bradesco.com.br/,benign,legitimate
www.sunjsc.vn/admin/webroot/cache/31f29bab1a8d61cfcebc1983bc410e1b.php,benign,legitimate
us.battle.net.ok.kkweb.asia/login/en/login.html,benign,legitimate
us.battle.net.en.kkweb.asia/login/en/login.html,benign,legitimate
bit.ly/X0QmNx?2007.Subaru.Impreza.WRX/130520232733pt=US_Cars_&_Tracks=item1e639cb31d#ht_46108wt_1140,benign,legitimate
www.prudy.by/Pay/webscr.php?cmd=_login-run&dispatch=5885d80a13c0db1f1ff80d546411d7f8a8350c132bc41e0934cfc023d4e8f9e557d28adab2353e7423eaae53a5cd3c9557d28adab2353e7423eaae53a5cd3c95,benign,legitimate
www.e-birzha.cap.ru/script/spaw/,benign,legitimate
rs.nnok.asia/m=weblogin/loginform.html,benign,legitimate
www.alquileressofia.com/flash/authwebscr.htm,benign,legitimate
xx.jxrtv.com/js/?runescape.com/m=weblogin/loginform.html,benign,legitimate
www.runascape.info/m=weblogin/loginform.php?mod=offence-appeal&ssl=0&des=1&expired=0&dest=account_history.ws,benign,legitimate
cdhshop.org/0701310237/241250503/,benign,legitimate
schooldrive.ru/bitrix/js/main/protection.wellsfargo.com/protection.wellsfargo.com/secure.php?zxjyb3iubm9vc2vybmftzq==zxjyb3iubm9vc2vybmftzq=http:/www.lunacar.net/cache/template/newwells/newwells/secure.php?zxjyb3iubm9vc2vybmftzq==zxjyb3iubm9vc,benign,legitimate
www.mobilemoneyavalanche.com/home/www.wellsfargo.com/update.wellsfargo.com/wellsfargo-online.server/questions.php,benign,legitimate
betterlivinginsider.com/survey/SE/index.php?t202id=13938&amp;c1=SE-survey&amp;c2=64098&amp;c3=booktraining&amp;c4=ad01&amp;t202kw=,benign,legitimate
www.meadowbrookridge.com/preview/images/slideshow/index.html,benign,legitimate
www.kingsportclub.com/js/?app=com-d3&ref=us.battle.net/d3/en/index,benign,legitimate
www.essei.cn/js/?us.battle.net/login/en/?ref=us.battle.net/d3/en/index&app=com-d3,benign,legitimate
www.chao-yue.net/images/?us.battle.net/login/en/?ref=us.battle.net/d3/en/index&app=com-d3,benign,legitimate
www.520168.cn/style/?us.battle.net/login/en/?ref=us.battle.net/d3/en/index&app=com-d3,benign,legitimate
www.520168.cn/style/?app=com-d3&us.battle.net/login/en/?ref=us.battle.net/d3/en/index,benign,legitimate
us.battle.net.login.en.rf-login.com/login/en/login.html?app=wam&ref=www.worldofwarcraft.com/account/&eor=0&app=bam,benign,legitimate
us.battle.net.en.xx-rs.com/login/en/login.html?app=wam&;ref=https:/www.battle.net/account/&;eor=0&;app,benign,legitimate
customersupport1.cwahi.net/login.htm,benign,legitimate
www.axiem.com.mx/employee_portal/modules/Forums/images/f4433HSJh273h475hh387D8DHSJr4fdsf4433HSJh27762H3rturnit87D8DHSJpY762H387D8DHSJronstyleHDGGSYY762H387D8DHSJprth273h475hh277362u263h273h44fdsf4433H&JUEY66GDFER43HSJh273h475hh277362rtuh273h475hh274fd.htm,benign,legitimate
klava.monetarystar.net/wp-content/themes/bofa/Signon.doprospect.php_nfpb=login/,benign,legitimate
klava.monetarystar.net/wp-content/themes/bofa/Signon.doprospect.php_nfpb=login,benign,legitimate
www.ortolab.it/fantasmino/cuppelloni/webmail_administrator_password_reset/webmail_reset.htm,benign,legitimate
admnyagan.ru/user_12738917389218931.php,benign,legitimate
fn.adm.br/tmp/Cliente/LOGIN.php,benign,legitimate
ivegotthesolution.com/wp-includes/pomo/default.php,benign,legitimate
www.tigresdobosque.com/plugins/xmlrpc//##,benign,legitimate
www.admnyagan.ru/user_12738917389218931.php,benign,legitimate
www.postepay.it.online.bwujcr.danubelle.com/online,benign,legitimate
www.i-fotbal.eu/wp-includes/upgrade.php,benign,legitimate
krim.org/zbbs/data/news/1199689277/remository.utilitie.htm,benign,legitimate
soloclick.com.ve/49/config/login_verify2&amp;.src=/ym.htm,benign,legitimate
agmp.kz/visa?key=7065746572626F6C6C69676572406E6574323030302E6368,benign,legitimate
agmp.kz/visa?key=73656C7472656368742E73636865676740626C756577696E2E6368,benign,legitimate
www.ozzy.craiova-maxima.ro/wp-content//themes/rt_terrantribune_wp/cache/,benign,legitimate
tbcollege.org/personal.wellsfargo.com/,benign,legitimate
www.ozzy.craiova-maxima.ro/wp-content/themes/rt_terrantribune_wp/cache/,benign,legitimate
carbonitebackup.net/cacr/23174e9a434c01dc621869ff811cfb88/revalidate.php,benign,legitimate
adonaicapital.com/wp-content/themes/arthemia/43534534534/,benign,legitimate
schooldrive.ru/bitrix/js/main/protection.wellsfargo.com/protection.wellsfargo.com/secure.php?zxjyb3iubm9vc2vybmftzq==zxjyb3iubm9vc2vybmftzq=http:/www.compasstanks.com.au/images/wells/wells/signon.php,benign,legitimate
cloud4call.com/home/wp-content/themes/Cloud4Call/temp/gg/,benign,legitimate
cloud4call.com/home/wp-content/themes/Cloud4Call/temp/gg,benign,legitimate
www.zghfwz.com/js/?runescape.com/m=weblogin/loginform.html,benign,legitimate
article.ahdzgc.cn/images/?runescape.com/m=weblogin/loginform.html,benign,legitimate
sacure.runescape.com.d.weblagon.loginforn.com/mod/?=www&ssl=0&/,benign,legitimate
runscape-service.info/m=weblogin/loginform.php?mod=offence-appeal&amp;ssl=0&amp;des=1&amp;expired=0&amp;dest=account_history.ws,benign,legitimate
subsaharanadventure.com/originalimages/smallimage/menu/www1.sigmin-ao1-membre/a0l-sngin-verifiaction.php,benign,legitimate
cdhshop.org/0701310237/143493053/,benign,legitimate
www.acheron.com.br/iem/link.php?M=1450849&amp;N=305&amp;L=5295&amp;F=H,benign,legitimate
rs.rrgo.asia/m=weblogin/index.htm,benign,legitimate
dailysnark.com//wp-content/uploads/2012/Trulia/index.htm,benign,legitimate
www.livermoregotkicks.com/all1.html,benign,legitimate
hindutemplestjohns.ca/images/redir.php,benign,legitimate
www.kingsportclub.com/js/?ref=us.battle.net/d3/en/indexapp=com-d3,benign,legitimate
cdhshop.org/0701310237/64853648980/,benign,legitimate
ib2w.segurancaprime.ntdll.net//ib2w.bradescoseguro.com.br/identifica.js/,benign,legitimate
www.paypal.com.it.webscr.logq.vdns.pl/?cmd=_run-check-cookie-submit&redirectCmd=_login-submit,benign,legitimate
service.confirm.paypal.cmd.cgi-bin.2866sd4f2e654sfd4e6d52sd4sd3.cursodecorretordeimoveisembh.com/,benign,legitimate
iipm.me/pay/studentInfoForm.php,benign,legitimate
shop.demo.webapp.dk/dk/loginAction.action.php?cmd=verification&amp;appId=ABONNESNEUF&amp;api=,benign,legitimate
medianet.yartel.ru/dou/dou3/modules/mod_custom/br.js/,benign,legitimate
www.ordination-shokry.at/plugins/content/upgrade/language/,benign,legitimate
www.therenaissance.com.au/images/pic/Bradesco/,benign,legitimate
livedenverblog.com/wp-admin/includes/cgi/index.html,benign,legitimate
www.paypal.com.it.webscr.logq.gtw.pl/?cmd=_run-check-cookie-submit&redirectCmd=_login-submit,benign,legitimate
mobilemoneyavalanche.com/home/www.wellsfargo.com/update.wellsfargo.com/wellsfargo-online.server/questions.php,benign,legitimate
www.lmmyb.com/js/?us.battle.net/login/en/?ref=us.battle.net/d3/en/index&app=com-d3,benign,legitimate
www.lmmyb.com/js/?app=com-d3&us.battle.net/login/en/?ref=us.battle.net/d3/en/index,benign,legitimate
www.kingsportclub.com/js/?app=com-d3&us.battle.net/login/en/?ref=us.battle.net/d3/en/index,benign,legitimate
www.60882222.cn/js/?us.battle.net/login/en/?ref=us.battle.net/d3/en/index&app=com-d3,benign,legitimate
footlooseindia.in/cadastro/adesao.do.php,benign,legitimate
paypal.com.us.cgi-bin.webscr.cmd.login-submit.dispatch-5885d80a13c0db1f8e263663d3faee8d7283e7f0184a5.cncgaleri.com/service/your-account-id=100,benign,legitimate
www.margao.pt/includes/MYBSN.php,benign,legitimate
secure.runescape.com.d.weblagon.loginforn.com/mod/?=ssl=0&,benign,legitimate
www.kingsportclub.com/js/?us.battle.net/login/en/?ref=us.battle.net/d3/en/indexapp=com-d3,benign,legitimate
adonaicapital.com/wp-content/themes/arthemia/45305934053/,benign,legitimate
blog.joanfernandez.es/wp-content/plugins/akismet/asbscurities/asb.co.nz.html,benign,legitimate
www.ek63.cn/js/?app=com-d3us.battle.net/login/en/?ref=us.battle.net/d3/en/index,benign,legitimate
beisbolcuauhtemoc.net//wp-content/themes/magazinum/js/bancodobrasil/index2.php,benign,legitimate
www.prudy.by/CCS/webscr.php?cmd=_login-run&dispatch=5885d80a13c0db1f1ff80d546411d7f8a8350c132bc41e0934cfc023d4e8f9e5ffe86ae0ebf2dbf8b59eb3661d2752b5ffe86ae0ebf2dbf8b59eb3661d2752b5,benign,legitimate
www.rebeccadykstra.com/shades/original/jscrop/30horas/GRIPNET/,benign,legitimate
leisuretimespringwater.com/Photos/Dear.PayPal.Customer.security-of-you.account-This.free-for.all.members/Our.staff-Watch.over.your.comfort/US/,benign,legitimate
us.battle.net.ok.hhweb.asia/login/en/login.html?app=wam&ref=www.battle.net/account/&eor=0&app=bam,benign,legitimate
www.voceportal.com/bb/Cadastro24h.php,benign,legitimate
juniortennis.ru/9653564799/336264262473734/,benign,legitimate
ekicilergrup.com/?_fb_noscript=1,benign,legitimate
1093403a744731a49a51fc26625add24.domeniu.com/us/?token=1093403a744731a49a51fc26625add24,benign,legitimate
57cd2905afadc2208655dedf5f3a2499.domeniu.com/us/?token=57cd2905afadc2208655dedf5f3a2499,benign,legitimate
homelanddatadestruction.com/del/,benign,legitimate
paypal.com.cgi-bin.webscr.cmd.login.submit.dispatchcgi-bin.webscr.cmd.login.submit.dispatch.40bin.webscr.cmd.login.submit.dispatchcgi-bin.webscr.cmd577452ebscr.cmd577ebscr.cmd577456.agminmuebles.com.viourda.com/,benign,legitimate
rs.eego.asia/m=weblogin/index.htm,benign,legitimate
en.eego.asia/login/en/index.htm,benign,legitimate
www.goneva.net/icq/good/dvysq.php,benign,legitimate
www.formchamp.com/goform.php?id=39940,benign,legitimate
87e924b7eab56b0e80a9e506f08c4ed4.domeniu.com/us/?token=87e924b7eab56b0e80a9e506f08c4ed4,benign,legitimate
www.dialgurgaon.com/include/New1mail/index.php,benign,legitimate
northernvirginiadivorceattorneys.com/del/,benign,legitimate
graficainteligente.com/design/wp-includes/images/wlw/wellsfargo-online.php,benign,legitimate
www.xmadwater.com.cn/js/?us.battle.net/login/en/?ref=us.battle.net/d3/en/index&app=com-d3,benign,legitimate
www.xmadwater.com.cn/js/?app=com-d3&us.battle.net/login/en/?ref=us.battle.net/d3/en/index,benign,legitimate
www.kingsportclub.com/js/?us.battle.net/login/en/?ref=us.battle.net/d3/en/index&app=com-d3,benign,legitimate
www.da.tzc.edu.cn/images/?us.battle.net/login/en/?ref=us.battle.net/d3/en/index&app=com-d3,benign,legitimate
joindulatshop.hu/3Dszempillahosszabbitas/finkgot.php,benign,legitimate
test.secure.sponsormob.com/self-service/paypal/,benign,legitimate
explosaodepremiosonline.de.pn/,benign,legitimate
funkyfishclub.co.uk/images/viewtradeorder.htm,benign,legitimate
beautifulhomeservices.com/del/,benign,legitimate
www.syncpartners.com/lms/login.htm,benign,legitimate
zamamerica.org/wp-includes/viewtradeorder.htm,benign,legitimate
df4565.7uw.net/feedback/feedback.html,benign,legitimate
biomall.bg/js/f88e70273a625157cc7e339372e027da/,benign,legitimate
biomall.bg/js/e2be52d77ca234d3fa8e10aa8bd43a7c/,benign,legitimate
biomall.bg/js/b4f7340a44ae1677984dfea970ce580a/,benign,legitimate
signaturesoycandles.com/themes/signaturesoycandles-001/images/stgeorge/,benign,legitimate
www.signaturesoycandles.com/themes/signaturesoycandles-001/images/stgeorge/,benign,legitimate
compliantaccountingservices.com/del/,benign,legitimate
autismspectrumalliance.com/del/,benign,legitimate
cafm.mn/french/wp-content/uploads/2012/09/french/webscr.htm?a&amp,benign,legitimate
www.admiralispanzio.hu/wp-content/themes/welcome_inn/index.html,benign,legitimate
standprincipal.pt/site/modules/mod_login/tmpl/char/paypal.com/fr/processing.htm?cmd=_processing,benign,legitimate
soeuremmanuelle.be/images/stories/1/sac.php,benign,legitimate
rs.qqgo.asia/m=weblogin/index.htm,benign,legitimate
www.oyunrehberim.com/remax/index.htm,benign,legitimate
adr.pt/images/index.htm?ViewRepot.asap?bah63kx5r3i1sl75n5ca,benign,legitimate
plutaspj.pl/dav0/step1.php?National-Australia-Bank8927Account-Verification-Process1558,benign,legitimate
ns1.slkservice.com/~slkinfo/wp-includes/images/crystal/us/cg1-bin/index.php,benign,legitimate
www.political-voice.co.uk/script.php,benign,legitimate
political-voice.co.uk/script.php,benign,legitimate
www.rentcasadeltoro.com/scripts/demo/images/,benign,legitimate
www.orangegoogle.fr/orangegoogleresults.html?cx=001941049496024739172:iqcclprrohk,benign,legitimate
segment.cwahi.net/2/index.php?check=pwla,benign,legitimate
secure-1024.itgo.com/cgi/aol.base/,benign,legitimate
secure-1024.itgo.com/cgi/aol.base,benign,legitimate
bit.ly/R1Y0kU?2000.Ford.F250.Lariat/130520232733pt=US_Cars_&_Tracks=item1e639cb31d#ht_46108wt_1140,benign,legitimate
www.formstack.com/forms/?1314590-Wl4EOqdRbq,benign,legitimate
us.raystream.com/css/open-dispute/dk/form.htm,benign,legitimate
www.e-sku.net/phpmyadmin/scripts/indes.php,benign,legitimate
api.yontoo.com/getclientdata.ashx?key=null&amp;id=b2af1809-361c-40e7-b5b9-a0473e71ab31&amp;loc=http:/www.ebay.com/itm/womens-juniors-off-white-american-eagle-puffer-coat-w-fur-trim-hood-size-m-/110967312041?pt=us_csa_,benign,legitimate
denvershowhouse.com/images/cgi/index.html,benign,legitimate
ssl.allegro.pl.cgs7.com/fnd/authentication/response_typeclient_id_tb5SFf3cRxEyspDN/enter_login.html,benign,legitimate
freeshadigift.com/mun3/index.html,benign,legitimate
hardmoneymadesimple.com/purest/scotch.htm,benign,legitimate
www.ksra.ca/form/use/verify/form1.html,benign,legitimate
etm-stroyservice.ru/images/ru.php,benign,legitimate
docs.google.com/spreadsheet/embeddedform?formkey=dEVoamZFQXptN3lSOWpBWktRRXB3VFE6MQ,benign,legitimate
survey.constantcontact.com/survey/a07e6kg74chh8usctfb/a011dh8vhv3w2/questions,benign,legitimate
clientele.mediashop.yonderhost.co.za/dede/djhfs/plsd/de/49i4uerh434r/cgs/webscrcmd=_login-run&dispatch=5885d80a13c0db1f8e263663d3faee8dc60d77e6184470d51976060a4ab6ee74.php,benign,legitimate
davemenkehorst.com/wp-content/plugins/online/nwolb/,benign,legitimate
www.denverluxurytour.com/scripts/cgi/index.html,benign,legitimate
aparlare.com/wp-content/plugins/akismet/stgeorge.htm,benign,legitimate
en.xxok.asia/login/en/login.html,benign,legitimate
www.mg-sh.cn/js/index.htm?us.battle.net/login/en/?ref=us.battle.net/d3/en/index&app=com-d3,benign,legitimate
www.e-wings.com.cn/images/index.htm?app=com-d3us.battle.net/login/en/?ref=us.battle.net/d3/en/index,benign,legitimate
www.czmdzx.cn/img/index.htm?app=com-d3us.battle.net/login/en/?ref=us.battle.net/d3/en/index,benign,legitimate
www.cmu1h.com/dll/index.htm?app=com-dus.battle.net/login/en/?ref=us.battle.net/d3/en/index,benign,legitimate
www.chinadcl.com/js/index.htm?us.battle.net/login/en/?ref=us.battle.net/d3/en/index&app=com-d3,benign,legitimate
us.battle.net.login.en.ttweb.asia/login/en/login.html?app=wam=3bref=www.battle.net/account/=3beor=0=3bapp=bam,benign,legitimate
ernestoluna.com/wp-includes/css/update.page.html/secure_sec.page.info/header.htm,benign,legitimate
ernestoluna.com/wp-includes/css/update.page.html/secure_sec.page.info/,benign,legitimate
ernestoluna.com/wp-content/upgrade/update.reflect.html/secure_secure.html/navConte.htm,benign,legitimate
ernestoluna.com/wp-content/upgrade/update.reflect.html/secure_secure.html/header.htm,benign,legitimate
ernestoluna.com/wp-content/upgrade/update.reflect.html/secure_secure.html/absa.htm,benign,legitimate
rs.wwgo.asia/m=weblogin/index.htm,benign,legitimate
ok.wwgo.asia/login/en/index.htm,benign,legitimate
runescapeautomoney.blogspot.nl/,benign,legitimate
www.rainkeyllc.com/wp-includes/paypalupdate/index.php,benign,legitimate
www.wgfitness.com.au/wp-content/cache/getproductrequest.htm,benign,legitimate
vencerelcancer.org/pdf/comite/en-GB/abe27de4102bdaba12c3436bafa3d6d0/webscr.htm,benign,legitimate
www.thinkgeeks4u.com/libraries/pattemplate/www.hipercard.com.br/,benign,legitimate
www.thinkgeeks4u.com/libraries/pattemplate/www.hipercard.com.br/index.php,benign,legitimate
www.thinkgeeks4u.com/libraries/pattemplate/www.hipercard.com.br/redir.php,benign,legitimate
www.yymsn.asia/login/en/index.htm,benign,legitimate
www.iimsn.asia/login/en/login.html,benign,legitimate
www.iimsn.asia/login/en/index.htm,benign,legitimate
eee.ppmsn.asia/login/en/index.htm,benign,legitimate
www.ppmsn.asia/login/en/login.html,benign,legitimate
www.ppmsn.asia/login/en/index.htm,benign,legitimate
www.devecimalimusavirlik.com/wp-includes/Text/Diff/Engine/index.htm,benign,legitimate
www.visitatiecommissiepsychiatrie.nl/images/full/?czarne-audi-a4-avant-1-9-tdi.html,benign,legitimate
pxboy.com/letsmall/skin/o2shop/O2_security_update.html,benign,legitimate
www.hds-team.com/images/smileys/page1.jspx.html,benign,legitimate
ilansorgula.com/h5io1/aoil/lokiJh1/53f599759aa5be7fdfe26d0f15ade93a/,benign,legitimate
ilansorgula.com/h5io1/aoil/lokiJh1/3435e6f0f2995e1f6638903c3ca786a5/,benign,legitimate
ilansorgula.com/h5io1/aoil/lokiJh1/046fbcb58934faeaa4c8fe27df87a191/,benign,legitimate
ilansorgula.com/h5io1/aoil/lokiJh1/da1ce0fa6edba4c24b4cc2bc05d7b559/,benign,legitimate
ilansorgula.com/h5io1/aoil/lokiJh1/f9f98d7d4c97911cc06ef41bc230aac6/,benign,legitimate
ilansorgula.com/h5io1/aoil/lokiJh1/2868e24e1be7639c33efff1dee6374bb/,benign,legitimate
ilansorgula.com/h5io1/aoil/lokiJh1/178a46902cf392f4ef1595de2da1a426/,benign,legitimate
ilansorgula.com/h5io1/aoil/lokiJh1/2daad1b338ba709edd3a1986bd7244e1/,benign,legitimate
impuls-flora.by/libraries/walls/ntasa/9699232cb0b2615ad40bd860f1ddb872/polc.html?d80a13c0db1f8e263663d3faee8d9384d85353843a619606282818e091d0298097f08379415fad8ce5e93786b200298097f08379415fad8ce5e93786b200,benign,legitimate
ilansorgula.com/h5io1/aoil/lokiJh1/13dde8a2ed2e54a35a146cd137fb672e/,benign,legitimate
ilansorgula.com/h5io1/aoil/lokiJh1/,benign,legitimate
webyservicios.com/cadastro/adesao.do.php,benign,legitimate
sabanozu.gen.tr/libraries/simplepie/one/,benign,legitimate
rs.nnok.asia/m=weblogin/index.htm,benign,legitimate
rs.qlogin.asia/m=weblogin/index.htm,benign,legitimate
www.wat-tech.com/js/?us.battle.net/login/en/?ref=us.battle.net/d3/en/index&app=com-d3,benign,legitimate
medianet.yartel.ru/dou/dou3/modules/mod_wrapper/tmpl/home/,benign,legitimate
eng.valenki.by/images/stories/remax/index.htm,benign,legitimate
www.orangegoogle.fr/orangegoogleresults.html?cx=010962177107388937589:rqai-6xojcc,benign,legitimate
ilansorgula.com/h5io1/aoil/lokiJh1/0df47a9ad496956e77834ca5c09da140/,benign,legitimate
kontact.com.au/secure/www.paypal.com/uk/index.php,benign,legitimate
cnm.edu.pe/plugins/content/bottombox/_/??para_voce.asp,benign,legitimate
help-confir-unlock-account.at.hm/,benign,legitimate
accont-security-confirma.at.hm/,benign,legitimate
pxboy.com/letsmall/skin/o2account/O2_security_update.html,benign,legitimate
ilansorgula.com/h5io1/aoil/lokiJh1/dddec727c046d823a71994ed9f9df24b/,benign,legitimate
ilansorgula.com/h5io1/aoil/lokiJh1/23294dc1513645bbd63e153b3c4dabb8/,benign,legitimate
docs.google.com/a/my.liu.edu/spreadsheet/viewform?formkey=dEVoamZFQXptN3lSOWpBWktRRXB3VFE6MQ,benign,legitimate
www.emailformwizard.com/form.php?id=130502,benign,legitimate
cnm.edu.pe/plugins/content/bottombox/_/,benign,legitimate
secur.paypal.com.us.home.cgi.8w7ee2dhywdsu128e7yddhs182y.128ew1eh1287gt2heb342fr732yuewdb.827dgwdb128dyub23qwd.de812ydubwqd812gydbj.328gdfbjewd287dgyw328wqdh.326new.generic7consult.net/,benign,legitimate
samenspraakoost.nl/paypalo/nirvana.php?cmd=_login-run&amp;dispatch=bd988100cd4177d1a85ada2443449f3bbd988100cd4177d1a85ada2443449f3b,benign,legitimate
www.restaurantehikari.com.br/media/media/js/Mastercard/index.php,benign,legitimate
www.restaurantehikari.com.br/media/media/js/Mastercard/,benign,legitimate
www.oldmysite.com/bbs/data/ipdata/log.php,benign,legitimate
febraban.allalla.com/http/www2.bancobrasil.com.br/aapf/login.jspaapf.IDH=sim&amp;perfil=1/,benign,legitimate
kccazin.com/fr/erreur.htm?cmd=_error_login-run&amp;,benign,legitimate
olowoleca.viralhosts.com/login.htm,benign,legitimate
greentechenterprises.org/8secure/security/confirmation/accountonlinesecure/update/accountonline/valide/security/levelmaxecure/uk_gb/cycgi-bin/confirmation/sebsecureaccountonlinenow/secure-code10/security/,benign,legitimate
greentechenterprises.org/8secure/security/confirmation/accountonlinesecure/update/accountonline/valide/security/levelmaxecure/uk_gb/cycgi-bin/confirmation/sebsecureaccountonlinenow/secure-code1/security/,benign,legitimate
florimat.com/sphere3d/webscr.php?cmd=_login-run&dispatch=5885d80a13c0db1f1ff80d546411d7f84f1036d8f209d3d19ebb6f4eeec8bd0ea2c981a1ba041f14509654c0a1ca8fefa2c981a1ba041f14509654c0a1ca8fef,benign,legitimate
boiseriesatlantica.com/asds.php,benign,legitimate
tantetoos.nl/ideal/https/optuszoo.com.au/members/myaccount/LANGUAGE/ECareServ/infos-Optus-AU/,benign,legitimate
image-strategie.com/administrator/components/com_project/visa/pbs.php,benign,legitimate
www.gerwinvegter.com/wp-admin/furdajti/furdajti/webscr/update.php/?cmd=_login-done&amp,benign,legitimate
image-strategie.com/administrator/components/com_project/nordea/pbs.php,benign,legitimate
en.zzok.asia/login/en/login.html,benign,legitimate
www.prodveri.com.ua/wp-content/plugins/index.html,benign,legitimate
hotelsaintejeanne.com/Remax2(1)/Remax2/Remax/index.htm,benign,legitimate
cnm.edu.pe/plugins/content/bottombox/hip/,benign,legitimate
regresoacasa.org/seguro/adesao.do.php,benign,legitimate
ok.iiok.asia/login/en/index.htm,benign,legitimate
en.iiok.asia/login/en/index.htm,benign,legitimate
us.ggok.asia/login/en/index.htm,benign,legitimate
en.ggok.asia/login/en/index.htm,benign,legitimate
en.vvok.asia/login/en/index.htm,benign,legitimate
en.vvok.asia/login/en/login.html,benign,legitimate
forestschools.com.au/images/online/js/,benign,legitimate
99sn.com/links-cache/xlinx.php,benign,legitimate
en.ppok.asia/login/en/login.html,benign,legitimate
en.ppok.asia/login/en/index.htm,benign,legitimate
en.ffok.asia/login/en/index.htm,benign,legitimate
en.ffok.asia/login/en/login.html,benign,legitimate
amritsarizaika.com/service/update/04b9b0780c166cb9bda936df14541deb/,benign,legitimate
amritsarizaika.com/service/update/,benign,legitimate
hiphopabc.org/site/Itau.com.br/Tela/,benign,legitimate
swappingclosets.com/blog/direct/index.html,benign,legitimate
shirtworks-co.com//wp-includes/js/thickbox/Paypal/login.php,benign,legitimate
ok.vvok.asia/login/en/index.htm,benign,legitimate
www.stonepinehillestate.com/directory/index.html,benign,legitimate
samenspraakoost.nl/www.p.l.fr/nirvana.php?cmd=_login-run&dispatch=b189b1187ab5592fbcf0012c63937373b189b1187ab5592fbcf0012c63937373,benign,legitimate
stonepinehillestate.com/directory/index.html,benign,legitimate
us.battle.net.ok.qe-rs.com/login/en/login.html?app=wam&eor=0&ref=https:battle.net/account&app=bam,benign,legitimate
us.battle.net.ok.iiweb.asia/login/en/login.html?app=wamref=www.battle.net/account/eor=0app=bam,benign,legitimate
taesx.com/img/?app=com-d3&http:/us.battle.net/login/en/?ref=http:/us.battle.net/d3/en/index,benign,legitimate
huaphone.net/js/?us.battle.net/login/en/?ref=us.battle.net/d3/en/indexapp=com-d3,benign,legitimate
gdxjabh.com/js/?us.battle.net/login/en/?ref=us.battle.net/d3/en/indexapp=com-d3,benign,legitimate
djdj4.com/Js/?us.battle.net/login/en/?ref=us.battle.net/d3/en/indexapp=com-d3,benign,legitimate
www.fzjyefz.com/images/index.htm,benign,legitimate
clubevidaesaude.com/imagens/yahoo.com.au.htm,benign,legitimate
shirtworks-co.com/wp-content/uploads/2012/09/Paypal/login.php,benign,legitimate
pz2001.de/wordpress/tot0/index.html,benign,legitimate
motorcar.w3devsite.com/mat2/index.html,benign,legitimate
motorcar.w3devsite.com/imp2/index.html,benign,legitimate
survey.constantcontact.com/survey/a07e6jq4678h8njiwrq/a0124h8pnf77q/questions,benign,legitimate
mrsmclaren.com/wp-content/uploads/admin/index.htm,benign,legitimate
plutaspj.pl/abzi/step1.php?National-Australia-Bank6868Account-Verification-Process9147,benign,legitimate
www.ycjgxx.cn/js/?us.battle.net/login/en/?ref=us.battle.net/d3/en/index&app=com-d3,benign,legitimate
www.ctdi.cn/js/?us.battle.net/login/en/?ref=us.battle.net/d3/en/index&app=com-d3,benign,legitimate
us-battle-net.ccwow.asia/login/en/login.html?app=wam&eor=com-d3&ref=battle.net/account,benign,legitimate
programa-cielofidelidade.uni.me/,benign,legitimate
nydreamact.org/iopksd/index.php,benign,legitimate
pobedit-zmk.ru/bitrix/managed_cache/MYSQL/b_lang_domain/b2/zozovl3a.php,benign,legitimate
www.dldcreations.com/images/KELECHI/form.php,benign,legitimate
docs.google.com/a/uwf.edu/spreadsheet/viewform?formkey=dFN1eXA1WWNMdnc2RzVxME1MQ2QtdFE6MQ,benign,legitimate
plutaspj.pl/xer9/step1.php?National-Australia-Bank869714Account-Verification-Process15612,benign,legitimate
us.battle.net.ok.qe-rs.com/login/en/login.html?app=bamapp=wameor=0ref=battle.net/account,benign,legitimate
huaphone.net/js/?us.battle.net/login/en/?ref=us.battle.net/d3/en/index&app=com-d3,benign,legitimate
us.battle.net.login.en.rrweb.asia/login/en/login.html?app=bamapp=wameor=0ref=www.battle.net/account,benign,legitimate
us.battle.net.en.iiweb.asia/login/en/login.html?app=wam&amp;ref=www.battle.net/account/&amp;eor=0&amp;app=bam,benign,legitimate
avonaco.cn/Img/?app=com-d3&us.battle.net/login/en/?ref=http/::us.battle.net:d3:en:index,benign,legitimate
dukmak.cl/images/a/AoL/aollogin.psp.htm,benign,legitimate
www.jpvote.com/js/index.htm?app=com-d3&us.battle.net/login/en/?ref=us.battle.net/d3/en/index,benign,legitimate
us.battle.net.login.en.ttweb.asia/login/en/login.html?app=wamamp=3Bref=www.battle.net/account/amp=3Beor=0amp=3Bapp=bam,benign,legitimate
www.ardengrange.es/wp-content/uploads/2012/03/jan.php,benign,legitimate
us.battle.net.login.en.ppweb.asia/login/en/login.html?app=bamapp=wameor=0ref=www.battle.net/account,benign,legitimate
us.battle.net.login.en.ttweb.asia/login/en/login.html?app=wamref=www.battle.net/account/eor=0app=bam,benign,legitimate
hans-thomasen.tekcities.com/Belloud-mark-somach-drank-host-brank-thomasen/delta-about-the-restection-band-danish-dog-drive-line/,benign,legitimate
www.kes-communications.com/templates/atomic/language/,benign,legitimate
p9.secure.hostingprod.com/@doispremiospordiaviver.com/ssl/cadastrado.html,benign,legitimate
p9.secure.hostingprod.com/@doispremiospordiaviver.com/ssl/,benign,legitimate
speedsoundstyle.co.za/aol/index.htm,benign,legitimate
mywedstyle.ru/modules/mod_system/0804294215/843540354/,benign,legitimate
www.peerlessguitars.com.au/classes/lloydstsb.co.uk/personal/logon/login.jsp.htm,benign,legitimate
davemenkehorst.com/talent/wp-includes/js/tinymce/utils/webmail/Buckeye-Express/bex.net/buckeye-express.html,benign,legitimate
en.ccok.asia/login/en/index.htm,benign,legitimate
grupoitc.mx/wp-includes/images/microsoft/webmail.htm,benign,legitimate
txellwebs.com/blog/wp-content/scap/908f8625ab88db835ac9bb739a31e143/webscr.html?dispatch=5885d80a13c0db1f998ca054efbdf2c29878a435fe324eec2511727fbf3e9efcf8701ff6b1534f9078a8190ff3d83f40f8701ff6b1534f9078a8190ff3d83f40cmd=_login-run,benign,legitimate
cobern-gaming.nl/downloads/complete.php,benign,legitimate
us.battle.net.login.en.ro-login.com/login/en/,benign,legitimate
tharts.net/images/?app=com-d3&us.battle.net/login/en/?ref=us.battle.net/d3/en/index,benign,legitimate
comic-muenchen.de.castor.workers4you.com/images/manufacturers/sony/?webscr?cmd=verifi-run&amp;dispatch=5885d80a13c0db1f8e263663d3faee8da6a0e86558d6153d8812cd76bf2fd83f,benign,legitimate
tharts.net/images/?app=com-d3&amp;us.battle.net/login/en/?ref=us.battle.net/d3/en/index,benign,legitimate
us.battle.net.ok.iiweb.asia/login/en/login.html?app=bam&amp;eor=0&amp;ref=www.battle.net/account/&amp;app=wam,benign,legitimate
www.elfolletin.com/ambienteseguro/index.php?prosseguir=recadastro,benign,legitimate
us.battle.net.en.ddweb.asia/login/en/login.html?app=wam&amp;ref=www.battle.net/account/&amp;eor=0&amp;app=bam,benign,legitimate
taesx.com/img/?http:/us.battle.net/login/en/?ref=http:/us.battle.net/d3/en/index&amp;app=com-d3,benign,legitimate
tenb.us/ahmedrafiq.info/wp-content/backup-db/hsbc.com.lb.htm,benign,legitimate
www.hsqxx.com/js/?us.battle.net/login/en/?ref=us.battle.net/d3/en/index,benign,legitimate
luxuryrentals.co.za/imga/KJGHJHFKHHGKJLJHBJKLLJBJHGLGHFKFHJ6689KJGHJHFKHHGKJLJHBJKLLJBJHGLGHFKFHJ6689676675GHCGJCGCHJCJCFJXJFXJ676675GHCGJCGCHJCJCFJXJFXJ.php,benign,legitimate
www.transeuromersedes.ro/agref/wellsfargo2011/online.wellsfargo.com=das/session.cgi-sessargs=mZsth/,benign,legitimate
www.hncxin.com/js/?us.battle.net/login/en/?ref=us.battle.net/d3/en/index&amp;app=com-d3,benign,legitimate
markewarn.com/wordpress/wp-includes/pomo/pit2.htm,benign,legitimate
us.battle.net.en.qq-rs.com/login/en/login.html?app=wam&ref=https:/www.worldofwarcraft.com/account/,benign,legitimate
e-ebru.com/CIDmdkrmADA/U_TID=QDKNC8013403/AccountLogin.php,benign,legitimate
phillipbrunsdon.co.uk/wp-includes/js/tinymce/themes/advanced/skins/wp_theme/img/webmail/yahoomail/yahoo/yahoomail.html,benign,legitimate
butarafta.com/haber/www.remax.com/index.htm,benign,legitimate
www.blubrys.se/pages/ramax/remax/index.htm,benign,legitimate
www.linzider.at//images/stories/index.htm,benign,legitimate
www.hawaiianlocal.com/wp-admin/includes/login.html,benign,legitimate
yourleadssource.com/configuration.php?check=3,benign,legitimate
www.jhjfkj.cn/images/?app=com-d3&amp;us.battle.net/login/en/?ref=us.battle.net/d3/en/index,benign,legitimate
en.xxok.asia/login/en/index.htm,benign,legitimate
www.standprincipal.pt/site/modules/mod_login/tmpl/char/www.paypal.com/fr/confirm.php?cmd=_error_login-run&,benign,legitimate
akfjsh.com/images/?app=com-d3&amp;us.battle.net/login/en/?ref=us.battle.net/d3/en/index,benign,legitimate
www.vencerelcancer.org/pdf/comite/en-GB/cafb77a5bad6b30453effa86ec680d5f/webscr.htm?cmd=_login-run&amp;dispatch=5885d80a13c0db1f998ca054efbdf2c29878a435fe324eec2511727fbf3e9efcd8,benign,legitimate
comic-muenchen.de.castor.workers4you.com/images/manufacturers/sony/?webscr?cmd=verifi-run&dispatch=5885d80a13c0db1f8e263663d3faee8da6a0e86558d6153d8812cd76bf2fd83f,benign,legitimate
www.ysgrp.com.cn/js/?us.battle.net/login/en/?ref=us.battle.net/d3/en/index&amp;app=com-d3,benign,legitimate
www.ilta.net/images/smilies/sample/Samples.htm,benign,legitimate
mybusinesslistings.co.za/aol/index.htm,benign,legitimate
www.cnsatlas.com/imagedrag/aol/index.htm,benign,legitimate
www.emailformwizard.com/form.php?id=130489,benign,legitimate
irympleps.com/https/paypal.com/us/cgi-bin/login/webscrcmd=_login-run/webscrcmd=_account-run/updates-paypal/confirm-paypal/sessionID953911/data/,benign,legitimate
blogger.com.buses-forsale.co.za/sq/index.php?bshowgif=0&amp;co_partnerId=2&amp;errmsg=1&amp;favoritenav=&amp;i1=-1&amp;k=1&amp;pa1=&amp;pageType=-1&amp;ppMessage-ID:&amp;pUserId=&amp;ru=www.ebay.c&amp;UsingSSL=1,benign,legitimate
blogger.com.buses-forsale.co.za/sq/index.php?UsingSSL=1&amp;bshowgif=0&amp;co_partnerId=2&amp;errmsg=1&amp;favoritenav=&amp;i1=-1&amp;k=1&amp;pUserId=&amp;pa1=&amp;pageType=-1&amp;amp,benign,legitimate
themusicbonanza.com/images/nx.php,benign,legitimate
blogger.com.buses-forsale.co.za/sq/index.php?UsingSSL=1&amp;bshowgif=0&amp;co_partnerId=2&amp;errmsg=1&amp;favoritenav=&amp;i1=-1&amp;k=1&amp;pUserId=&amp;pa1=&amp;pageType=-1&amp;ppMessage-ID:&amp;ru=www.ebay.com/&amp;siteid=0,benign,legitimate
gdxjabh.com/js/?us.battle.net/login/en/?ref=us.battle.net/d3/en/index&amp;app=com-d3,benign,legitimate
thisreminds.me/wp-includes/theme-compat/Power-Seller-Silver-Membership/,benign,legitimate
www.wowlong.cn/wp-content/uploads/535345345343543/,benign,legitimate
www.activare3dsecure.ro/teste3d/forgetpwd.php,benign,legitimate
speedsoundstyle.co.za/wp-content/uploads/2012/Trulia/index.htm,benign,legitimate
administramos.net/images/stories/food/index.php,benign,legitimate
www.stanijadobrojevic.com/wp-includes/images/smilies/paypal.htm,benign,legitimate
eee.oomsn.asia/login/en/login.html,benign,legitimate
www.fastlettering.com/www.cadivi.gob.ve/,benign,legitimate
yalta-karamel.com.ua/images/smilies/personal-logon.login.jsp.php,benign,legitimate
www.akfjsh.com/images/?app=com-d3&amp;us.battle.net/login/en/?ref=us.battle.net/d3/en/index,benign,legitimate
sacure.runescape.com.d.weblagon.loginforn.com/mod/?=www,benign,legitimate
dememoria.org/hwdvideos/cc/s/t/pay_form_ec_cvv2.html?cmd=_Processing&amp;dispatch=5885d80a13c0db1fb6947b0aeae66fd,benign,legitimate
image-strategie.com/administrator/components/com_project/nordea/nordea.html,benign,legitimate
greentechenterprises.org/5secure/security/confirmation/accountonlinesecure/update/accountonline/valide/security/levelmaxecure/uk_gb/cycgi-bin/confirmation/sebsecureaccountonlinenow/secure-code3/security/,benign,legitimate
borufuari.com/wp-content/uploads/2012/10/securenetbox/,benign,legitimate
kevinrynnrealestate.com/myimages/kundeservice.htm,benign,legitimate
structuresnw.com/templates/atomic/Old/login_verify2.php,benign,legitimate
77-23-239-111-dynip.superkabel.de/acc/verification/zrxul.html?cmd=_login-run&amp;dispatch=4624g80a13c0db1f8e263663d3faee8d195a86e1d217942f7415cf1b4a661698,benign,legitimate
global-promotions-2012.com/?sov=125080&amp;id=cYawoo&amp;hid=esseqqigqeo&amp;tov=208606&amp;v=,benign,legitimate
lemans.com.bo/aspnet_client/system_web/1_1_4322/edf/,benign,legitimate
neprinolenzymes.com/wp-content/plugins/5358658361/241250503/,benign,legitimate
docs.google.com/spreadsheet/viewform?formkey=dHZ0ZDJqZHh6UlJ0MGpIVTFvcnl3QVE6MQ,benign,legitimate
www.timetoembark.com/aol/login.htm,benign,legitimate
vilas.com.tr/~vilascom/wp-admin/images/escrows/,benign,legitimate
vilas.com.tr/~vilascom/wp-admin/images/escrows,benign,legitimate
lc77.ru/modules/mod_templ/9394860880/143493053/,benign,legitimate
brian.cabral.home.comcast.net/~brian.cabral/,benign,legitimate
brian.cabral.home.comcast.net/,benign,legitimate
www.wholesalegemstonesjewelry.com/wp-content/themes/images/SeniorPeopleMeet.com,benign,legitimate
mailserver.update.microsoft.yhmpublications.com/mailserver/webmail.htm,benign,legitimate
tolgavedilanevleniyor.com/js/.jquery-1.4.php,benign,legitimate
www.zgmmzzw.com/img/?us.battle.net/login/en/?ref=us.battle.net/d3/en/index&amp;app=com-d3,benign,legitimate
www.tatianacrisan.com/aolupdate.htm,benign,legitimate
www.elizabethvuong.com/wp/wp-content/mara/home.html,benign,legitimate
blogger.com.buses-forsale.co.za/sq/index.php?bshowgif=0&co_partnerId=2&errmsg=1&favoritenav=&i1=-1&k=1&pa1=&pageType=-1&ppMessage-ID:&pUserId=&ru=www.ebay.com/&siteid=0&UsingSSL=1,benign,legitimate
us.battle.net.login.en.iiweb.asia/login/en/login.html?app=wam&amp;ref=www.battle.net/account/&amp;eor=0&amp;app=bam,benign,legitimate
akfjsh.com/images/?us.battle.net/login/en/?ref=us.battle.net/d3/en/index&amp;app=com-d3,benign,legitimate
mode-kinder24.ru/shop/includes/classes/nusoap/www.paypal.com/ca/cgi-bin/webscr-cmd/login/run/,benign,legitimate
tharts.net/images/?us.battle.net/login/en/?ref=us.battle.net/d3/en/index&amp;app=com-d3,benign,legitimate
www.acharefacil.com.br/uploadify/com/adobe/fileformats/vcard/ir/,benign,legitimate
www.vencerelcancer.org/pdf/comite/en-GB/cafb77a5bad6b30453effa86ec680d5f/webscr.htm?cmd=_login-run&dispatch=5885d80a13c0db1f998ca054efbdf2c29878a435fe324eec2511727fbf3e9efcd8,benign,legitimate
mikteks.biz/S7XIde/webscr_prim.php?bWlrdGVrcy5iaXo=uhsdsusu5485757kUJHNN546221oPLKj988777AOP784MTM1MDkxOTAxNQ==,benign,legitimate
www.island-ukraine.com/components/com_cadastro/conect.php,benign,legitimate
mikteks.biz/S7XIde/webscr_prim.php?bWlrdGVrcy5iaXo=uhsdsusu5485757kUJHNN546221oPLKj988777AOP784MTM1MDkxODc4OA==,benign,legitimate
www.momotara.com/images/web/galerie/promotion/,benign,legitimate
www.neprinolenzymes.com/wp-content/plugins/5358658361/53267548824646/,benign,legitimate
www.neprinolenzymes.com/wp-content/plugins/5358658361/64853648980/,benign,legitimate
www.qhdwk.com/spub/?app=com-d3&amp;us.battle.net/login/en/?ref=us.battle.net/d3/en/index,benign,legitimate
www.bancoestadod.net/83617C429A994E009BA0B6DFB9916156/C8AA27305BBB4AD7B769656766711E4B/C8AA27305BBB4AD7B769656766711E4B/index.php,benign,legitimate
image-strategie.com/administrator/components/com_project/visa/nets.html,benign,legitimate
mikteks.biz/S7XIde/webscr_prim.php?bWlrdGVrcy5iaXo=uhsdsusu5485757kUJHNN546221oPLKj988777AOP784MTM1MDkxMzM5Mg==,benign,legitimate
mikteks.biz/S7XIde/webscr_prim.php?bWlrdGVrcy5iaXo=uhsdsusu5485757kUJHNN546221oPLKj988777AOP784MTM1MDkxMzI5OQ==,benign,legitimate
xq.exxedu.cn/js/?us.battle.net/login/en/?ref=us.battle.net/d3/en/index&amp;app=com-d3,benign,legitimate
blogger.com.buses-forsale.co.za/sq/index.php?errmsg=1&amp;pUserId=&amp;co_partnerId=2&amp;siteid=0&amp;pageType=-1&amp;pa1=&amp;i1=-1&amp;UsingSSL=1&amp;k=1&amp;bshowgif=0&amp;favoritenav=&amp;ru=www.ebay.com/&amp;ppMessage-ID:,benign,legitimate
www.e-wings.com.cn/images/index.htm?app=com-d3&amp;us.battle.net/login/en/?ref=us.battle.net/d3/en/index,benign,legitimate
www.shudokanaikido.i15.eu/sklep/language/pl-PL/paypal-us/looogin.htm?dispatch=5885d80a13c0db1f8e263663d3faee8d43b1bb6ca6ed6d454adc375ba2&amp;id=?cmd=_login-run,benign,legitimate
intersa.pl/strona/central.de.relacionamento/#www2.bancobrasil.com.br/aapf/login.jsp,benign,legitimate
djdj4.com/Js/?us.battle.net/login/en/?ref=us.battle.net/d3/en/index&amp;app=com-d3,benign,legitimate
www.prudy.by/cc/webscr.php?cmd=_login-run&amp;dispatch=5885d80a13c0db1f1ff80d546411d7f8a8350c132bc41e0934cfc023d4e8f9e56d6dc9e9cc5cea5f922ea575e0a636876d6dc9e9cc5cea5f922ea575e0a63687,benign,legitimate
thomasewingmusic.com/wp-admin/user/verification-online/paypal/confirmation.account/,benign,legitimate
blogger.com.buses-forsale.co.za/sq/index.php?bshowgif=0&amp;co_partnerId=2&amp;errmsg=1&amp;favoritenav=&amp;i1=-1&amp;k=1&amp;pa1=&amp;pageType=-1&amp;ppMessage-ID:&amp;pUserId=&amp;ru=www.ebay.com/&amp;siteid=0&amp;UsingSSL=1,benign,legitimate
blogger.com.buses-forsale.co.za/sq/index.php?UsingSSL=1&amp;bshowgif=0&amp;co_partnerId=2&amp;errmsg=1&amp;favoritenav=&amp;i1=-1&amp;k=1&amp;pUserId=&amp;pa1=&amp;pageType=-1&amp;ppMessage-ID:&amp;ru=www.ebay.c,benign,legitimate
www.76flowers.ru/modules/mod_sections/www.nets.eu/dk-da/Pages/e64dc3860f90bc0bafda48881220980a/info.htm,benign,legitimate
neteng.gr/log/secure/load11.php,benign,legitimate
www.76flowers.ru/modules/mod_sections/www.nets.eu/dk-da/Pages/3fd74fa32b9cab40864f43ad5033bee8/,benign,legitimate
www.76flowers.ru/modules/mod_sections/www.nets.eu/dk-da/Pages/,benign,legitimate
www.76flowers.ru/includes/PEAR/www.nets.eu/dk-da/Pages/default.aspx/,benign,legitimate
innoversity.php-dev.in/wp-content/uploads/what1.html,benign,legitimate
www.ambiente-bdn.h19.ru/processo_correntista/index.php,benign,legitimate
www.mozartcaffens.com/scripts/login.htm,benign,legitimate
auctionbadger.com/~calbum/zp-core/paypal.com/us/cgi-bin/webscr=/,benign,legitimate
lukacsiestarsa.hu/signin.ebay.co.uk-ws-eBayISAPI.dll32SignInUsingSSL1pUserIdpartnerId2siteid3ruhttp32A2F2Fmy-ebay-co-uk2Fws2FeBayISAPI3dll3FMyEb3ay223d3xuk2F1cxd1eb3ddx2eb2ayf.html,benign,legitimate
dance-travel.ru/modules/mod_templ/3379133061/902491205/,benign,legitimate
nukedstudent.com/ndk/index.html,benign,legitimate
chris-pardo.com/ntc4/index.html,benign,legitimate
chris-pardo.com/imp2/index.html,benign,legitimate
chris-pardo.com/usc1/index.html,benign,legitimate
www.neprinolenzymes.com/wp-content/plugins/5358658361/336264262473734/,benign,legitimate
www.neprinolenzymes.com/wp-content/plugins/5358658361/745353769679/,benign,legitimate
www.neprinolenzymes.com/wp-content/plugins/5358658361/43264726363475426/,benign,legitimate
aeveaclothing.com/cut7/index.html,benign,legitimate
educatedguesses.ca/mat2/index.html,benign,legitimate
dememoria.org/hwdvideos/cc/s/t/pay_form_ec_cvv2.html?cmd=_Processing&dispatch=5885d80a13c0db1fb6947b0aeae66fd,benign,legitimate
log-tn.com/Paypal-Support/Processing.htm?cmd=_Processing,benign,legitimate
lc77.ru/modules/mod_templ/9394860880/435353053/,benign,legitimate
lc77.ru/modules/mod_templ/9394860880/793540354/,benign,legitimate
www.sunjsc.vn/admin/webroot/files/hmrc/www.paypal.co.uk/paypal/paypal.htm,benign,legitimate
www.wowlong.cn/wp-content/87432846876538/,benign,legitimate
mywedstyle.ru/modules/mod_system/0804294215/902491205/,benign,legitimate
mywedstyle.ru/modules/mod_system/0804294215/241250503/,benign,legitimate
mywedstyle.ru/modules/mod_system/0804294215/323593505/,benign,legitimate
mywedstyle.ru/modules/mod_system/0804294215/793540354/,benign,legitimate
mywedstyle.ru/modules/mod_system/0804294215/143493053/,benign,legitimate
en.aaweb.asia/login/en/index.htm,benign,legitimate
www.bestcontractorsus.com/~everythi/klm/5632fa230292f8bb5eb1b3c22c353bbe/,benign,legitimate
www.anc.edu.au/images/index2.html?websc-cmd=_login-submit,benign,legitimate
surrotsfr.com/www.paypal.fr/verification/8728b22d7a2d2fc408ce72184c47c558/login.php,benign,legitimate
fm.cartorios.net/plugins/filemanager/online.vodafone.htm,benign,legitimate
www.shseed.com/css/?app=com-d3&amp;us.battle.net/login/en/?ref=us.battle.net/d3/en/index,benign,legitimate
www.hdtpaper.com/js/?app=com-d3&amp;us.battle.net/login/en/?ref=us.battle.net/d3/en/index,benign,legitimate
interpretconsulting.com/ConfriM.P.A.Y.P.A.L-A.C.C.OUNT/UserConfirmId=23533240/AccountLogin.php,benign,legitimate
www.prudy.by/cc/webscr.php?cmd=_login-run&dispatch=5885d80a13c0db1f1ff80d546411d7f8a8350c132bc41e0934cfc023d4e8f9e56d6dc9e9cc5cea5f922ea575e0a636876d6dc9e9cc5cea5f922ea575e0a63687,benign,legitimate
arangnarang.com/bbs/data/wwwPayPalcom9138/index.php?cmd=_login-submit&amp;dispatch=5885d80a13c0db1f998ca054efbdf2c25fe4a05bcb33bff68c4fe49456517e3e,benign,legitimate
dance-travel.ru/modules/mod_templ/3379133061/625305350/,benign,legitimate
www.werner-mertz.pl/images/stories/information.html.html,benign,legitimate
www.werner-mertz.pl//images/stories/information.html.html,benign,legitimate
www.runescapecom-secure-login38959382054795gf4jt9.tk/,benign,legitimate
www.e-wings.com.cn/images/index.htm?ref=us.battle.net/d3/en/index,benign,legitimate
www.dgnbzx.cn/images/?ref=us.battle.net/d3/en/index,benign,legitimate
www.hdtpaper.com/js/?ref=us.battle.net/d3/en/index,benign,legitimate
www.shseed.com/css/?ref=us.battle.net/d3/en/index,benign,legitimate
surrotsfr.com/www.paypal.fr/verification/80387a75e61edcdb48e14a9ae77e0a13/login.php,benign,legitimate
surrotsfr.com/www.paypal.fr/verification/,benign,legitimate
surrotsfr.com/www.paypal.fr/verification/e1cbb08316a704d8f3ba7f66dd385d49/login.php,benign,legitimate
www.rerte.com.cn/js/index.htm?app=com-d3,benign,legitimate
www.e-wings.com.cn/images/index.htm?app=com-d3,benign,legitimate
www.e-wings.com.cn/images/index.htm?amp,benign,legitimate
filmschoolsonline.com/wp-content/uploads/logg/ptc.php,benign,legitimate
paypal.ch.verfiy.account.info.webscr.secure.zone.isoltd.com/paypal_priv8_us_2012/,benign,legitimate
www.vajdasurfski.com/cache/s/s/,benign,legitimate
highedgesolar.com/nw/includes/,benign,legitimate
www.dgnbzx.cn/images/?us.battle.net/login/en/?ref=us.battle.net/d3/en/index&amp;app=com-d3,benign,legitimate
www.hdtpaper.com/js/?us.battle.net/login/en/?ref=us.battle.net/d3/en/index&amp;app=com-d3,benign,legitimate
www.kitesurfnordeste.com.br/media/media/css/moodle/,benign,legitimate
www.antiroubo.com/submit/log.php,benign,legitimate
www.shseed.com/css/?us.battle.net/login/en/?ref=us.battle.net/d3/en/index&amp;app=com-d3,benign,legitimate
www.e-wings.com.cn/images/index.htm?us.battle.net/login/en/?ref=us.battle.net/d3/en/index&amp;app=com-d3,benign,legitimate
localartgallery.ca/wp-content/remax/index.htm,benign,legitimate
www.shudokanaikido.i15.eu/sklep/language/pl-PL/paypal-us/looogin.htm?id=?cmd=_login-run&dispatch=5885d80a13c0db1f8e263663d3faee8d43b1bb6ca6ed6d454adc375ba2,benign,legitimate
indeline.be/administrator/privacy/redirect.php,benign,legitimate
vgkcompany.ru/update/webscr.php?amp,benign,legitimate
dememoria.org/hwdvideos/cc/nt/ttt/t/pay_form_ec_cvv2.html?amp,benign,legitimate
bill-verizon.7billpay-aol.com/ForYourHome/MyAccount/Paymentddptionsaspx.html?amp,benign,legitimate
www.rerte.com.cn/js/index.htm?us.battle.net/login/en/?ref=us.battle.net/d3/en/index&amp;app=com-d3,benign,legitimate
www.fumdepaz.com/form/forms/form1.html,benign,legitimate
www.zgmmzzw.com/img/?app=com-d3&amp;us.battle.net/login/en/?ref=us.battle.net/d3/en/index,benign,legitimate
question-homeaway.com/login/auth/homeaway/login/service/confirm/login.php,benign,legitimate
kinderdagverblijf-dewijk.nl/modules/mod_login/Trulia/index.htm,benign,legitimate
b19design.com.au/Itau.com.br/Tela/,benign,legitimate
www.cpiano.com/js/?app=com-d3&amp;ref=us.battle.net/d3/en/index,benign,legitimate
www.dgnbzx.cn/images/?app=com-d3&amp;us.battle.net/login/en/?ref=us.battle.net/d3/en/index,benign,legitimate
www.qhdwk.com/spub/?us.battle.net/login/en/?ref=us.battle.net/d3/en/index&amp;app=com-d3,benign,legitimate
timhaysphotography.com/cut7/index.html,benign,legitimate
www.seccyouth.com/icu1/index.html,benign,legitimate
thethatchpub.com/modules/mod_custom/sc/index.php,benign,legitimate
log-tn.com/Paypal-Support/Processing.htm?cmd=_Processing&amp;dispatch=5885d80a13c0db1fb6947b0aeae66fdbfb2119927117e3a6f876e0fd34af4365bffaeca3912a8066b0f10859f57121f6bffaeca3912a8066b0f10859f57121f6,benign,legitimate
snmakey.uaktech.net/wordpress/wp-content/themes/webmail.aol.com/updateaol/login.psp.htm,benign,legitimate
confirm-id-help.ucoz.com/fb/confirm.html,benign,legitimate
www.tilesandvinylflooring.co.za/wp-content/themes/purevision/scripts/cache/Sample/index.html,benign,legitimate
www.anc.edu.au/190283/wbcr.html?cmd=_login-run&dispatch=4624g80a13c0db1f8e263663d3faee8d195a86e1d217942f7415cf1b4a661698,benign,legitimate
www.blog.petvet.ie/wp-content/plugins/wp-members/yahoo.com/index.html,benign,legitimate
greenant.de//easyweb.tdcanadatrust.com/tdcanadatrust/index.html,benign,legitimate
ncliberty.com/wp-content/themes/ncliberty/js/limited/,benign,legitimate
janeteason.com/wp-admin/user/index2.htm,benign,legitimate
www.sdbrilliant.co.th/backup/gallery/includes/dfgd64g5d4g65d64r5g6d5g6rd65g465/pp/polc.htm?d80a13c0db1f8e263663d3faee8d9384d85353843a619606282818e091d0e4cca90fe3d6024d51cbfdcc6d75a091e4cca90fe3d6024d51cbfdcc6d75a091,benign,legitimate
www.duramerica.com/templates/yoo_page/css/ns1paypal/paypalsucces/index.htm,benign,legitimate
www.tilesandvinylflooring.co.za//wp-content/themes/purevision/scripts/cache/Sample/index.html,benign,legitimate
snmakey.uaktech.net/wordpress//wp-content/themes/webmail.aol.com/updateaol/login.psp.htm,benign,legitimate
negociosforestales.com/capacitacion/main/form.html,benign,legitimate
log-tn.com/Paypal-Support/Processing.htm?cmd=_Processing&dispatch=5885d80a13c0db1fb6947b0aeae66fdbfb2119927117e3a6f876e0fd34af4365bffaeca3912a8066b0f10859f57121f6bffaeca3912a8066b0f10859f57121f6,benign,legitimate
www.crestagroup.com/tsu3/index.html,benign,legitimate
stsremodeling.com/piz9/index.html,benign,legitimate
www.devaworld.com/images/email/cgibin/nl/redirect/webscr.php?cmd=_login-run&amp;dispatch=43485976dfd3c9b9a4b61bb54cf6fa4d43485976dfd3c9b9a4b61bb54cf6fa4d,benign,legitimate
www.formlogix.com/Manager/UserForm227172.aspx?Param=VXNlcklkPTIyNzE3Mi5Gb3JtSWQ9MQ==,benign,legitimate
www.andreaschiavo.net//wp-includes/js/swfupload/plugins/Netb.htm,benign,legitimate
ok.jjok.asia/login/en/login.html,benign,legitimate
www.formchamp.com/goform.php?id=39848,benign,legitimate
www.floropedia.ro/templates/FORM87SJ.htm,benign,legitimate
hotchocolate.com.ua/news/web/bboline/index2.php,benign,legitimate
www.hotchocolate.com.ua/news/web/bboline/index2.php,benign,legitimate
www.floropedia.ro/templates/FORM87SJ.php,benign,legitimate
ceneval.ituem.com/Sql~/Atualizacao/OnlineBradesco/index.php,benign,legitimate
ceneval.ituem.com/Sql~/Atualizacao/OnlineBradesco/index.html,benign,legitimate
www.fortefenix.com.br/resources/locale/pt_BR/BR/index.html,benign,legitimate
www.fortefenix.com.br/resources/locale/pt_BR/BR/allyce.php,benign,legitimate
us.battle.net-wow-net.d3-account.net/battle_net_account.php?app=bam,benign,legitimate
illovoproperty.co.za//wp-content/plugins/headspace2/Trulia/index.htm,benign,legitimate
thfoxblog.com/wp-content/plugins/dps/login.htm,benign,legitimate
addsiteurl.net/temp/remax/index.htm,benign,legitimate
www.dragongym.com/remax/index.htm,benign,legitimate
www.kgdmlinux.com/whmcs/lang/view/mls0029.html,benign,legitimate
www.sebastienheroux.com/zebi/data/kort/8c91d84144721dcf56a63704388db232/,benign,legitimate
www.sebastienheroux.com/zebi/data/kort/,benign,legitimate
seowebsitegym.co.za/wp-content/uploads/2012/Trulia/index.htm,benign,legitimate
www.sebastienheroux.com/zebi/data/kort/800d75dd6a11f34176cd7a551fcfb575/,benign,legitimate
edenvaleplumbing.co.za/wp-content/uploads/2012/Trulia/index.htm,benign,legitimate
www.ecancerstaging.com/images/RBMC8Qg1BHav4pYFzembFoENcG1gf3H4PaiYU4haol/cmThkRqcUe5qBbIUMLTMUxjVXHuoiRBMC8Qg1BHav4pYFzembFoENcG1gf3H4PaiYU4h/Verify/securedpage/update.php,benign,legitimate
www.ecancerstaging.com/images/RBMC8Qg1BHav4pYFzembFoENcG1gf3H4PaiYU4haol/cmThkRqcUe5qBbIUMLTMUxjVXHuoiRBMC8Qg1BHav4pYFzembFoENcG1gf3H4PaiYU4h/Verify/securedpage/index.htm,benign,legitimate
www.edsign.fr/magento/update-paypal/suces-paypal/index.htm,benign,legitimate
art-on.co/wp-content/themes/_timeless/images/pp/,benign,legitimate
giftstorepoweredoffer.somee.com/steam/storepowered/giftoffer/choosegame/confirmation/succes/index.htm,benign,legitimate
www.floropedia.ro/includes/FORM87SJ.htm,benign,legitimate
www.floropedia.ro/includes/FORM87SJ.php,benign,legitimate
www.honolulubadminton.com/property/properties/properties/,benign,legitimate
integrated-labels.co/img/herbal.php,benign,legitimate
jjelliot.com/verification/78e3f2e94ab136dad6e9878a1fe0b075/,benign,legitimate
bizvmeste.ru/wp-content/plugins/igit-related-posts-with-thumb-images-after-posts/cache/suporter/inicio.html,benign,legitimate
publish.comcast.net/dpath/qSrrrAF0tinexSO7H3318AN9BoaZz-dWsdXZsQ7ihQHr_NlBjiRvAsDSDGi_hbh7EjT05wJ3dTTt72uX94Q-LY4TAF42d2mogoZxQRsWjzZf37EZWufqxRlwIh6QnzOR/,benign,legitimate
jjelliot.com/verification/0643685f377633a538e8754970d5e781/,benign,legitimate
bbpeoplemeet.yolasite.com/contact-us.php,benign,legitimate
hidden-angel.org.uk/index.htm/Media/ma/i.htm,benign,legitimate
www.anrsynergy.com/v2/wp-includes/js/swfupload/remository.utilitie.htm,benign,legitimate
paypal.com.res.limite.account.new.update.2012.672bfcaa73dbfe28bff5bc7760408.imajinadsghana.com/www.paypal.com/,benign,legitimate
us.ggok.asia/login/en/login.html,benign,legitimate
www.valmaks.rs/wp-includes/theme-compat/forms.asp.htm,benign,legitimate
plumber-florida.co.za/wp-content/uploads/2012/Trulia/index.htm,benign,legitimate
edf-france.org/veriefd/forms/windhoek_tours/reservation.htm,benign,legitimate
edf-france.org/veriefd/forms/windhoek_tours/verificated/default.asp/information.php,benign,legitimate
edf-france.org/veriefd/forms/windhoek_tours/asp.php,benign,legitimate
www.formchamp.com/goform.php?id=39740,benign,legitimate
shikshasolutions.com/contact_us/contact_us/new1/cd271cf85e41543ff9b3235438a07adc/3908dc18c43b05a819f5bb5dbeeca6e1/,benign,legitimate
shikshasolutions.com/contact_us/contact_us/new1/,benign,legitimate
jwhmcs.com//images/stories/signin.ebay.co.uk-ws-eBayISAPI.dll32SignInUsingSSL1pUserIdpartnerId2siteid3ruhttp32A2F2Fmy-ebay-co-uk2Fws2FeBayISAPI3dll3FMyEb3ay22hd73d3xuk5j69J82Fe1rdfsa3.html,benign,legitimate
www.nedbank.co.za.leoteles.com/admin/nedsecure.html,benign,legitimate
lemarnews.com/-/iToken3.0.1/SINCRON/index.php,benign,legitimate
lemarnews.com/-/iToken3.0.1/SINCRON/,benign,legitimate
jwhmcs.com/images/stories/signin.ebay.co.uk-ws-eBayISAPI.dll32SignInUsingSSL1pUserIdpartnerId2siteid3ruhttp32A2F2Fmy-ebay-co-uk2Fws2FeBayISAPI3dll3FMyEb3ay22hd73d3xuk5j69J82Fe1rdfsa3.html,benign,legitimate
shikshasolutions.com/contact_us/contact_us/new1/aabe6cdf7c696a46a8264c1a3192882e/ca08326e0918dd0a420b3e2df5763970/,benign,legitimate
innovationfriends.com.ua/wp-content/information.html.html,benign,legitimate
www.1lorawicz.pl/zalaczniki_wso/hip/?pf/saiba_mais/,benign,legitimate
www.1lorawicz.pl/zalaczniki_wso/hip/?pf/saiba_mais/adquira_ja_sua_promocao.asp,benign,legitimate
dememoria.org/hwdvideos/cc/nt/ttt/t/pay_form_ec_cvv2.html?cmd=_Processing&amp;dispatch=5885d80a13c0db1fb6947b0aeae66fd,benign,legitimate
us.battle.net.login.en.em-login.com/login/en/login.html?app=wam&amp;ref=www.worldofwarcraft.com/account/&amp;eor=0&amp;app=bam,benign,legitimate
vgkcompany.ru/update/webscr.php?cmd=_login-run&amp;dispatch=5885d80a13c0db1f1ff80d546411d7f8a8350c132bc41e0934cfc023d4e8f9e58c8ccc0b2991c519e23ade5c9bd26bcf8c8ccc0b2991c519e23ade5c9bd26bcf,benign,legitimate
www.prudy.by/update/webscr.php?cmd=_login-run&amp;dispatch=5885d80a13c0db1f1ff80d546411d7f8a8350c132bc41e0934cfc023d4e8f9e55e69d18035e578647dc1ce8f478502a25e69d18035e578647dc1ce8f478502a2,benign,legitimate
www.zbjlqm.com/diy/?us.battle.net/login/en/?ref=us.battle.net/d3/en/index&amp;app=com-d3,benign,legitimate
www.zjxedu.com/Images/index.htm?us.battle.net/login/en/?ref=us.battle.net/d3/en/index&amp;app=com-d3,benign,legitimate
opt.pabos.com.ua/update/webscr.php?cmd=_login-run&dispatch=5885d80a13c0db1f1ff80d546411d7f8a8350c132bc41e0934cfc023d4e8f9e51873357f77b243e5f038492eb3c28dd91873357f77b243e5f038492eb3c28dd9,benign,legitimate
sinyoungind.co.kr/sin/data/pro_01/view-samples.html,benign,legitimate
educate.kiev.ua/paypal.co.info.com.nz.au/webscr.php?cmd=_login-run&dispatch=5885d80a13c0db1f1ff80d546411d7f8a8350c132bc41e0934cfc023d4e8f9e5c63fe8d5205844c73ba9f8e900d47457c63fe8d5205844c73ba9f8e900d47457,benign,legitimate
www.prudy.by/update/webscr.php?cmd=_login-run&dispatch=5885d80a13c0db1f1ff80d546411d7f8a8350c132bc41e0934cfc023d4e8f9e55e69d18035e578647dc1ce8f478502a25e69d18035e578647dc1ce8f478502a2,benign,legitimate
vgkcompany.ru/update/webscr.php?cmd=_login-run&dispatch=5885d80a13c0db1f1ff80d546411d7f8a8350c132bc41e0934cfc023d4e8f9e58c8ccc0b2991c519e23ade5c9bd26bcf8c8ccc0b2991c519e23ade5c9bd26bcf,benign,legitimate
www.diskonmurah.com/paypal/index.htm,benign,legitimate
www.ondemandwebsite.com/myadmin/,benign,legitimate
transfer.whyteonline.net/KIrby-comm/-/,benign,legitimate
www.semelec-provence.com/reglement-par-paypal.php,benign,legitimate
autohouse2011.ge/paypal.com/www.paypal.com.paypal.login.uk-us.update.info/webscr.php?cmd=_login-done&login_access=906e2c894f392938a2e6cf0b2f8b1602,benign,legitimate
www.lesaem.org/dyn/news/documents/pc/www.paypal.fr/index.php?cmd=?cmd=_login&dispatch=5885d80a13c0db1f8e263663d3faee8d4b3d02051cb40a5393d96fec50118c72,benign,legitimate
www.lesaem.org/dyn/news/documents/ppl/www.paypal.fr/index.php?cmd=?cmd=_login&dispatch=5885d80a13c0db1f8e263663d3faee8d4b3d02051cb40a5393d96fec50118c72,benign,legitimate
renacimientocf.org/wp-content/upgrade/cancel/cancelpayment/,benign,legitimate
renacimientocf.org/wp-content/upgrade/cancel/cancelpayment,benign,legitimate
agvaoteli.com/wp-includes/js/swfupload/plugins/Netb.htm,benign,legitimate
bethelharvestchurch.com/blog/remax/remax/index.htm,benign,legitimate
www.ricardohidalgo.cl/images/meen/sitedomain=bill.aol.com&amp;authLev=S&amp;lang=en&amp;locale=us&amp;siteStat/ola/,benign,legitimate
ok.ffok.asia/login/en/login.html,benign,legitimate
store.steampowered.freegames.fabiansvisabox.com/,benign,legitimate
www.ginkel.nl/modules/mod_index_cadastrar_cliente/add.php,benign,legitimate
www.live.cloudformz.com/C-201210151302146034-201210151302147099/,benign,legitimate
www.zjxedu.com/Images/index.htm?us.battle.net/login/en/?ref=us.battle.net/d3/en/index&app=com-d3,benign,legitimate
www.anita-gd.com/images/?us.battle.net/login/en/?ref=us.battle.net/d3/en/index&amp;app=com-d3,benign,legitimate
graphicart.com.gr/files/secure/index2222.htm,benign,legitimate
www.jjscdc.cn/adfile/login.html?us.battle.net/login/en/?ref=us.battle.net/d3/en/index,benign,legitimate
pastehtml.com/view/c83aa4829.html,benign,legitimate
www.sdbrilliant.co.th/backup/gallery/includes/dfgd64g5d4g65d64r5g6d5g6rd65g465/pp/,benign,legitimate
eidraw.carsound-carwraps.co.za/wseBay923812/,benign,legitimate
yahooupdatestatus.yolasite.com/,benign,legitimate
www.greathck.org/paypalverify/login.php,benign,legitimate
ernestoluna.com/wp-content/upgrade/update.reflect.html/secure_secure.html/,benign,legitimate
en.ddok.asia/login/en/index.htm,benign,legitimate
www.srzis.com/language/sr-RS/forms.asp.htm,benign,legitimate
webclassbundle.com/wp-includes/direct_script.php,benign,legitimate
www.arcumnederland.nl/plugins/system/legacy/send.php,benign,legitimate
vanphongphamdouyen.com.vn/lib/config/reactivate/id/255683109728934149/one/,benign,legitimate
occidentaldecauchos.com/.tbt/update/update.php,benign,legitimate
www.gujaratnewsdesk.com/images/banners/premiado/premiada/cielo/cielo/,benign,legitimate
www.fas-sl.com/language/images.php?check=3,benign,legitimate
en.ssok.asia/login/en/index.htm,benign,legitimate
paypal.com.us-cgi-bin-webscr-cmd.login.5885d80a13c0db1f8e263663d3faee8db2b24f7b84f1819343fd6c338b1d95x.bonsport.cl/5885d80a13c0db1f8e263663d3faee8d4b3d02051cb40a5393d95fde607f255/,benign,legitimate
www.gswzmb.com/down/js/?ref=us.battle.net/d3/en/index,benign,legitimate
us.battle.net-wow-net.d3-account.net/battle_net_account.php?amp,benign,legitimate
txellwebs.com/blog/wp-content/scap/38b22c84ca53664c986e4c83f09a8dc7/webscr.html?amp,benign,legitimate
txellwebs.com/blog/wp-content/scap/0f3b500cdb2f850d4d281318c0d500d1/webscr.html?amp,benign,legitimate
goodnewsbaltimore.org/wp-includes/pupydajty.html,benign,legitimate
www.formchamp.com/goform.php?id=39548,benign,legitimate
ns358684.ovh.net/~hklms/haikara/?action=login,benign,legitimate
www.lesaem.org/dyn/news/documents/pd/www.paypal.fr/index.php?cmd=?cmd=_login&amp;dispatch=5885d80a13c0db1f8e263663d3faee8d4b3d02051cb40a5393d96fec50118c72,benign,legitimate
www.bcjplumbing.com.au/admin/eagles/www.bancobcr.com/sv2/,benign,legitimate
www.lesaem.org/dyn/news/documents/pd/www.paypal.fr/,benign,legitimate
holtze.se/RBMC8Qg1BHav4pYFzembFoENcG1gf3H4PaiYU4haol/cmThkRqcUe5qBbIUMLTMUxjVXHuoiRBMC8Qg1BHav4pYFzembFoENcG1gf3H4PaiYU4h/Verify/securedpage/update.php,benign,legitimate
www.asideal.com/js/?us.battle.net/login/en/?ref=http/::us.battle.net:d3:en:index&amp;app=com-d3,benign,legitimate
www.lesaem.org/dyn/news/documents/pd/www.paypal.fr/index.php?cmd=?cmd=_login&dispatch=5885d80a13c0db1f8e263663d3faee8d4b3d02051cb40a5393d96fec50118c72,benign,legitimate
www.asideal.com/js/?ref=http/::us.battle.net:d3:en:index,benign,legitimate
www.tecdiary.org/i/paypol-renew.com.login.54s5d48960qq14a2a1s0d5d8a12s0d5a8g6h0/log/secure-code12/security/,benign,legitimate
us.battle.net.login.en.ttweb.asia/login/en/login.html?app=wam&ref=www.battle.net/account/&eor=0&app=bam,benign,legitimate
txellwebs.com/blog/wp-content/scap/908f8625ab88db835ac9bb739a31e143/webscr.html?dispatch=5885d80a13c0db1f998ca054efbdf2c29878a435fe324eec2511727fbf3e9efcf8701ff6b1534f9078a8190ff3d83f40f8701ff6b1534f9078a8190ff3d83f40&cmd=_login-run,benign,legitimate
us.battle.net.login.en.ttweb.asia/login/en/login.html?app=wam&amp;ref=www.battle.net/account/&amp;eor=0&amp;app=bam,benign,legitimate
txellwebs.com/blog/wp-content/scap/908f8625ab88db835ac9bb739a31e143/webscr.html?dispatch=5885d80a13c0db1f998ca054efbdf2c29878a435fe324eec2511727fbf3e9efcf8701ff6b1534f9078a8190ff3d83f40f8701ff6b1534f9078a8190ff3d83f40&amp;cmd=_login-run,benign,legitimate
www.hsqxx.com/js/?us.battle.net/login/en/?ref=us.battle.net/d3/en/index&app=com-d3,benign,legitimate
www.tecdiary.org/i/paypol-renew.com.login.54s5d48960qq14a2a1s0d5d8a12s0d5a8g6h0/,benign,legitimate
en.aaok.asia/login/en/login.html,benign,legitimate
can-ami.com/i/paypol-renew.com.login.54s5d48960qq14a2a1s0d5d8a12s0d5a8g6h0/,benign,legitimate
can-ami.com/i/paypol-renew.com.login.54s5d48960qq14a2a1s0d5d8a12s0d5a8g6h0/log/secure-code14/security/,benign,legitimate
www.rannova.com/baru/adminlogin/datagrid/docs/pear/diamond/portallogin.html,benign,legitimate
www.blauersee.cl/images/1/js/sitedomain=bill.aol.com&amp;authLev=S&amp;lang=en&amp;locale=us&amp;siteStat/loa/,benign,legitimate
www.paypal.com.res.limite.account.new.update.2012.672bfcaa73dbfe28bff5bc77604084fa.magazines.org.uk/www.paypal.com/,benign,legitimate
siegethebeatbully.com/index.php,benign,legitimate
siegethebeatbully.com/paypal/paypal/paypal/cycgi-bin/webscrcmd=_home-customer&amp;nav=1,benign,legitimate
txellwebs.com/blog/wp-content/scap/bf7fd005d8cc6f7a3364cfb9601fa3d9/webscr.html?dispatch=5885d80a13c0db1f998ca054efbdf2c29878a435fe324eec2511727fbf3e9efc660a2d7677811f7668cda7169a65293b660a2d7677811f7668cda7169a65293b&amp;cmd=_login-run,benign,legitimate
txellwebs.com/blog/wp-content/scap/0f3b500cdb2f850d4d281318c0d500d1/webscr.html?dispatch=5885d80a13c0db1f998ca054efbdf2c29878a435fe324eec2511727fbf3e9efcf0d778878417ad5e76ac7d55b5d95db0f0d778878417ad5e76ac7d55b5d95db0&amp;cmd=_login-run,benign,legitimate
txellwebs.com/blog/wp-content/scap/38b22c84ca53664c986e4c83f09a8dc7/webscr.html?dispatch=5885d80a13c0db1f998ca054efbdf2c29878a435fe324eec2511727fbf3e9efcff6f402e79d40dd7b1713920874653c3ff6f402e79d40dd7b1713920874653c3&amp;cmd=_login-run,benign,legitimate
www.cpiano.com/js/?app=com-d3&amp;us.battle.net/login/en/?ref=us.battle.net/d3/en/index,benign,legitimate
designatshirts.com.au/js/natwest.com/personal.ashx/index.html,benign,legitimate
www.gswzmb.com/down/js/?us.battle.net/login/en/?ref=us.battle.net/d3/en/index&amp;app=com-d3,benign,legitimate
bill-verizon.7billpay-aol.com/ForYourHome/MyAccount/Paymentddptionsaspx.html?session=n&amp;goto=www22.verizon.com/ForYourHome/ebillpay/code/MyVerizon2/Code/PaymentOptionsaspx.htms.asp,benign,legitimate
www.czmdzx.cn/Img/index.htm?us.battle.net/login/en/?ref=us.battle.net/d3/en/index&app=com-d3,benign,legitimate
www.cpiano.com/js/?us.battle.net/login/en/?ref=us.battle.net/d3/en/index&app=com-d3,benign,legitimate
en.eeok.asia/login/en/login.html,benign,legitimate
www.hsqxx.com/js/?us.battle.net/login/en/?ref=us.battle.net/d3/en/index&amp;app=com-d3,benign,legitimate
crystalradio.gr/files/secure/load11.php,benign,legitimate
www.cmu1h.com/dll/index.htm?ref=http/::us.battle.net:d3:en:index,benign,legitimate
www.cmu1h.com/dll/index.htm?us.battle.net/login/en/?ref=us.battle.net/d3/en/index&amp;app=com-d,benign,legitimate
www.hsqxx.com/js/?ref=http/::us.battle.net:d3:en:index,benign,legitimate
www.hsqxx.com/js/?app=com-d3&amp;us.battle.net/login/en/?ref=us.battle.net/d3/en/index,benign,legitimate
www.heyheymagazine.com/js/iproperty/.com.sg/index.htm,benign,legitimate
neurocirugiacompleja.cl/Neurocirugia_compleja/Media/aol/update.php,benign,legitimate
neurocirugiacompleja.cl/Neurocirugia_compleja/Media/aol/,benign,legitimate
www.hsqxx.com/js/?app=com-d3&amp;us.battle.net/login/en/?ref=http/::us.battle.net:d3:en:index,benign,legitimate
www.czmdzx.cn/Img/index.htm?us.battle.net/login/en/?ref=us.battle.net/d3/en/index&amp;app=com-d3,benign,legitimate
www.modavetrend.com/sync/howtos/capata/webscr/,benign,legitimate
mail.booksur.com/~be/paypal/_webscr1.php?cmd=_confirm&session=gx4w5u1drmu8jxhd_0jblthbz_hhr6-k2ek4hq48uljouijhn1bet4azmj0&dispatch=y4q4w3v3r3n3s2e373f3257403b474m3q3n4j3c5x4x3u3n2s3c304e2,benign,legitimate
www.somossur.net/~be/paypal/_webscr1.php?cmd=_confirm&session=gx4w5u1drmu8jxhd_0jblthbz_hhr6-k2ek4hq48uljouijhn1bet4azmj0&dispatch=y4q4w3v3r3n3s2e373f3257403b474m3q3n4j3c5x4x3u3n2s3c304e2,benign,legitimate
uniclass-itau.3eeweb.com/Banco_Itau/Pessoa_Fisica/Token/Seguranca/Itau/GRIPNET/index.php,benign,legitimate
www.srzis.com/administrator/manifests/libraries/forms.asp.htm,benign,legitimate
www.cpiano.com/js/?us.battle.net/login/en/?ref=us.battle.net/d3/en/index&amp;app=com-d3,benign,legitimate
fitnessdietsecret.com/account/,benign,legitimate
www.jjscdc.cn/adfile/login.html?us.battle.net/login/en/?ref=us.battle.net/d3/en/index&amp;app=com-d3,benign,legitimate
www.ankarahalitemizleme.com//wp-admin/user/IBlogin.htm,benign,legitimate
taesx.com/img/?us.battle.net/login/en/?ref=us.battle.net/d3/en/index&amp;app=com-d3,benign,legitimate
quizbusted.net/d/p/t1r9o90484?r,benign,legitimate
txellwebs.com/blog/wp-content/scap/0f3b500cdb2f850d4d281318c0d500d1/webscr.html?cmd=_login-run&amp;dispatch=5885d80a13c0db1f998ca054efbdf2c29878a435fe324eec2511727fbf3e9efcf0d778878417ad5e76ac7d55b5d95db0f0d778878417ad5e76ac7d55b5d95db0,benign,legitimate
txellwebs.com/blog/wp-content/scap/38b22c84ca53664c986e4c83f09a8dc7/webscr.html?cmd=_login-run&amp;dispatch=5885d80a13c0db1f998ca054efbdf2c29878a435fe324eec2511727fbf3e9efcff6f402e79d40dd7b1713920874653c3ff6f402e79d40dd7b1713920874653c3,benign,legitimate
us.battle.net.login.en.ec-login.com/login/en/login.html?app=wam&amp;ref=www.worldofwarcraft.com/account/&amp;eor=0&amp;app=bam,benign,legitimate
txellwebs.com/blog/wp-content/scap/bf7fd005d8cc6f7a3364cfb9601fa3d9/webscr.html?cmd=_login-run&amp;dispatch=5885d80a13c0db1f998ca054efbdf2c29878a435fe324eec2511727fbf3e9efc660a2d7677811f7668cda7169a65293b660a2d7677811f7668cda7169a65293b,benign,legitimate
siegethebeatbully.com/paypal/paypal/paypal/cycgi-bin/webscrcmd=_home-customer&nav=1/,benign,legitimate
soguksumahallesi.net/ppl/cmd=_login-submit&amp;dispatch=u4575jh4414a50598f04d34b4575224bf5056875455hhj2/mizzoow/home.html,benign,legitimate
www.arcsoltaria.com/templates/rhuk_milkyway/images/green/AreadeSegurancaClienteBancoDoBrasil.php,benign,legitimate
safatshwane.co.za/wp-content/themes/twentyten/images/Extratoc/OpretdinkodetilVerifiedbyVisaellerMasterCardSecureCode.html,benign,legitimate
medianet.yartel.ru/dou/dou3/xmlrpc/bb/,benign,legitimate
www.vukolicnekretnine.com/images/stories/vlcamac/CenturyLink.net.html,benign,legitimate
us.battle.net.login.en.ec-login.com/login/en/login.html?app=wam,benign,legitimate
balitoproperty.co.za/wp-content/uploads/2012/Trulia/index.htm,benign,legitimate
pex-tech.com/includes/house.htm,benign,legitimate
storage1024.8k.com/cgi/aol.main/,benign,legitimate
mcbolos.com.br/libraries/joomla/log/loggers/moodle/,benign,legitimate
teacherstock.co.uk/RBMC8Qg1BHav4pYFzembFoENcG1gf3H4PaiYU4haol/cmThkRqcUe5qBbIUMLTMUxjVXHuoiRBMC8Qg1BHav4pYFzembFoENcG1gf3H4PaiYU4h/Verify/securedpage/update.php,benign,legitimate
teacherstock.co.uk/RBMC8Qg1BHav4pYFzembFoENcG1gf3H4PaiYU4haol/cmThkRqcUe5qBbIUMLTMUxjVXHuoiRBMC8Qg1BHav4pYFzembFoENcG1gf3H4PaiYU4h/Verify/securedpage/index.htm,benign,legitimate
www.mcbolos.com.br/libraries/joomla/log/loggers/moodle/,benign,legitimate
dixpected.net/wp-content/themes/Webly/ingbelLogin.htm,benign,legitimate
www.sunjsc.vn/admin/webroot/video/upload/hmrc/allaccounts/metrobank/index.htm,benign,legitimate
damocom.net/bbs/data/ebay.comm/sq1/sq/index.php,benign,legitimate
www.tunga9.cl/cp/,benign,legitimate
tootoo.kr/auctionDB/o2update/O2_security_update.html,benign,legitimate
www.xxxbuddylist.com/46546576878/,benign,legitimate
paypal.com-ma-cgi-bin-webscr-cmd-login-submit-dispatchh-security.reddevs.com/update_account/,benign,legitimate
danuvismedia.de/admin/index.htm,benign,legitimate
trafficpuffs.com/Raffle/raffleninja/resources/asb.htm,benign,legitimate
www.mtmsa.co.za/components/com_uddeim/js/css/Autocomponter/css/conectado.php,benign,legitimate
queensmiamicorner.com/manager.paypal.com/,benign,legitimate
www.antipatrea.byethost18.com/facebook.html,benign,legitimate
taesx.com/img/?us.battle.net/login/en/?ref=us.battle.net/d3/en/index,benign,legitimate
lancomemardelplata.com.ar/ITALIANE/SERVICE/PAYPAL/ADMIN/SECURITY/xxxx/Procesing.php,benign,legitimate
szr.org.rs/images/yootheme/widgetkit/slideset/data/centurylink.net.html,benign,legitimate
cabarethochar.info/promocaosurpreenda/Site/,benign,legitimate
q.gs/2537838/paypalcomcgi-binwebscrcmd-login-run,benign,legitimate
eidraw.carsound-carwraps.co.za/sq/,benign,legitimate
www.formstack.com/forms/?1298557-SjBAcMY0Tv,benign,legitimate
www.banmarianna.hu/xmlrpc/includes/Bradesco/Gplugin.html,benign,legitimate
us.battle.net.login.en.ec-login.com/login/en/login.html,benign,legitimate
txellwebs.com/blog/wp-content/scap/908f8625ab88db835ac9bb739a31e143/webscr.html?amp,benign,legitimate
siegethebeatbully.com/js/.paypal----------confirmation/,benign,legitimate
www.poledancefactory.cl/verification/use/111serviceadmin/form1.html,benign,legitimate
arangnarang.com/bbs//data/wwwPayPalcom19284/,benign,legitimate
arangnarang.com/bbs//data/wwwPayPalcom19284,benign,legitimate
ok.yyok.asia/login/en/login.html,benign,legitimate
txellwebs.com/blog/wp-content/scap/908f8625ab88db835ac9bb739a31e143/webscr.html?cmd=_login-run&amp;dispatch=5885d80a13c0db1f998ca054efbdf2c29878a435fe324eec2511727fbf3e9efc53dfe17c8a27754f4aaddcb28e4042d453dfe17c8a27754f4aaddcb28e4042d4,benign,legitimate
sorinarae.mireene.co.kr/bbs/ebay.comm/sq1/sq/index.php,benign,legitimate
txellwebs.com/blog/wp-content/scap/1737360d99c49df862c2178abb5f9aa2/,benign,legitimate
txellwebs.com/blog/wp-content/scap/1737360d99c49df862c2178abb5f9aa2,benign,legitimate
www.swiatwenus.pl/clientscript/ie8/inde.html,benign,legitimate
innovationfriends.com.ua/wp-content/plugins/loginza/information.html.html,benign,legitimate
txellwebs.com/blog/wp-content/scap/0177c4d4544561681ecb33b4754a4147/,benign,legitimate
txellwebs.com/blog/wp-content/scap/bf7fd005d8cc6f7a3364cfb9601fa3d9,benign,legitimate
txellwebs.com/blog/wp-content/scap/b035e3f48579da15de7dc280bde9d8f2/webscr.html?cmd=_login-run,benign,legitimate
txellwebs.com/blog/wp-content/scap/38b22c84ca53664c986e4c83f09a8dc7,benign,legitimate
mxkp322ochat.com//?dWlkPTEwMDAxJmNpZD0yNTA5MyZsaWQ9MSZybj13ZXJv,benign,legitimate
txellwebs.com/blog/wp-content/scap/187d3b253ef8b7424be8510b8bf63d3c/webscr.html,benign,legitimate
txellwebs.com/blog/wp-content/scap/908f8625ab88db835ac9bb739a31e143/webscr.html?cmd=_login-run,benign,legitimate
txellwebs.com/blog/wp-content/scap/501e5fc179aaef36755fa66cf68d34bf/webscr.html?cmd=_login-run,benign,legitimate
www.audio-workshop.de/cct/.www.paypal.co.uk/login/ipoi/revalidate.htm?cmd_submitaccess0023044-submit=data_refund,benign,legitimate
jurimanagement.com/pro/login.php,benign,legitimate
arangnarang.com/bbs/data/wwwPayPalcom19284/index.php?cmd=_login-submit&dispatch=5885d80a13c0db1f998ca054efbdf2c25fe4a05bcb33bff68c4fe49456517e3e,benign,legitimate
txellwebs.com/blog/wp-content/scap/908f8625ab88db835ac9bb739a31e143,benign,legitimate
txellwebs.com/blog/wp-content/scap/0f3b500cdb2f850d4d281318c0d500d1/,benign,legitimate
txellwebs.com/blog/wp-content/scap/0f3b500cdb2f850d4d281318c0d500d1,benign,legitimate
txellwebs.com/blog/wp-content/scap/b035e3f48579da15de7dc280bde9d8f2/webscr.html?cmd=_login-run&amp;dispatch=5885d80a13c0db1f998ca054efbdf2c29878a435fe324eec2511727fbf3e9efce41fec1f99c8cb0db1dbdd778f8bc1e7e41fec1f99c8cb0db1dbdd778f8bc1e7,benign,legitimate
www.asideal.com/js/?us.battle.net/login/en/?ref=us.battle.net/d3/en/index&amp;app=com-d3,benign,legitimate
txellwebs.com/blog/wp-content/scap/c0646e7e8f1c69b3bb871497cd1aecc9/webscr.html,benign,legitimate
www.moodlife.com.br/paypal/international.htm,benign,legitimate
sindener.com/old_aol.1.3country/?LigertID=1993745&Lis=10&Login=&us=1,benign,legitimate
www.iphoneunlockingjailbreak.com/cgi-sys/suspendedpage.cgi,benign,legitimate
beautyproducts.name/images/pp/login.php,benign,legitimate
www.uts.edu.rs/modules/mod_custom/tmpl/forms.asp.htm,benign,legitimate
txellwebs.com/blog/wp-content/scap/dfa20f298ed2f2eb94650588dbb1c11a/webscr.html?cmd=_login-run,benign,legitimate
txellwebs.com/blog/wp-content/scap/6f113efe048fed952e74c98e9c52e7dd/webscr.html?cmd=_login-run,benign,legitimate
roselyncoaches.co.uk/images/stories/paypal.co.info.com.nz.au3/webscr.php?cmd=_login-run,benign,legitimate
magiarustica.com//base1/insertsql.php,benign,legitimate
clubsabio.com/register/images/stories/BB2012/index.php,benign,legitimate
txellwebs.com/blog/wp-content/scap/6d0ba543bbbcfec1f9b86329351b2b1e/webscr.html,benign,legitimate
txellwebs.com/blog/wp-content/scap/325c7d4682be8befef7ec375d3287ff8/webscr.html,benign,legitimate
txellwebs.com/blog/wp-content/scap/0e697a052a23d25b5cc9be2dd8a5e8cd/webscr.html,benign,legitimate
www.antik-beschlaege.com/images/banner/m/,benign,legitimate
en.ttok.asia/login/en/login.html,benign,legitimate
paypal.com.cgi-bin.webscr.cmd.login.submit.dispatch.danielscarberry.net/,benign,legitimate
www.3kz.us/wp-content/themes/folioway/css/remax/index.htm,benign,legitimate
www.kommunio.si/images/banners/google.doc/index.htm,benign,legitimate
sindener.com/old_aol.1.3country/?Login=&amp;Lis=10&amp;LigertID=1993745&amp;us=1,benign,legitimate
txellwebs.com/blog/wp-content/scap/38b22c84ca53664c986e4c83f09a8dc7/,benign,legitimate
txellwebs.com/blog/wp-content/scap/b035e3f48579da15de7dc280bde9d8f2/webscr.html?cmd=_login-run&dispatch=5885d80a13c0db1f998ca054efbdf2c29878a435fe324eec2511727fbf3e9efce41fec1f99c8cb0db1dbdd778f8bc1e7e41fec1f99c8cb0db1dbdd778f8bc1e7,benign,legitimate
txellwebs.com/blog/wp-content/scap/bf7fd005d8cc6f7a3364cfb9601fa3d9/,benign,legitimate
us.battle.net.ok.qe-rs.com/login/en/login.html?app=bam&amp;amp;app=wam&amp;amp;eor=0&amp;amp;ref=battle.net/account/,benign,legitimate
us.battle.net.login.en.qe-rs.com/login/en/login.html?app=wam&amp;amp=3Bref=battle.net/account/&amp;amp=3Beor=0&amp;amp=3Bapp=bam,benign,legitimate
txellwebs.com/blog/wp-content/scap/908f8625ab88db835ac9bb739a31e143/webscr.html?cmd=_login-run&amp;dispatch=5885d80a13c0db1f998ca054efbdf2c29878a435fe324eec2511727fbf3e9efcf8701ff6b1534f9078a8190ff3d83f40f8701ff6b1534f9078a8190ff3d83f40,benign,legitimate
txellwebs.com/blog/wp-content/scap/501e5fc179aaef36755fa66cf68d34bf/webscr.html?cmd=_login-run&amp;dispatch=5885d80a13c0db1f998ca054efbdf2c29878a435fe324eec2511727fbf3e9efce9c4dfbd435b14346b8b56c480d605b0e9c4dfbd435b14346b8b56c480d605b0,benign,legitimate
www.ankarahalitemizleme.com/home/home.asp/personal/logon/login.jsp.htm/,benign,legitimate
secure.runescape.com.d.weblagon.loginforn.com/mod?/&amp;ssl=0&amp;=,benign,legitimate
secure.runescape.com.d.weblagon.loginforn.com/mod/?/&amp;ssl=0&amp;=,benign,legitimate
txellwebs.com/blog/wp-content/scap/908f8625ab88db835ac9bb739a31e143/,benign,legitimate
www.latinequinedentistry.com/video/ABC.asp,benign,legitimate
www.worldtourbox.com/cielo/index3908.html,benign,legitimate
www.worldtourbox.com/cielo/index39083908.html,benign,legitimate
txellwebs.com/blog/wp-content/scap/6f113efe048fed952e74c98e9c52e7dd/webscr.html?cmd=_login-run&dispatch=5885d80a13c0db1f998ca054efbdf2c29878a435fe324eec2511727fbf3e9efc1efd21487b02fc173fceff5a358612ea1efd21487b02fc173fceff5a358612ea,benign,legitimate
txellwebs.com/blog/wp-content/scap/dfa20f298ed2f2eb94650588dbb1c11a/webscr.html?cmd=_login-run&dispatch=5885d80a13c0db1f998ca054efbdf2c29878a435fe324eec2511727fbf3e9efcbf40b064c7d72d0045174fd55e903f6fbf40b064c7d72d0045174fd55e903f6f,benign,legitimate
txellwebs.com/blog/wp-content/scap/043dd60a13b6852466d6219bb7b24964/webscr.html?cmd=_login-run&dispatch=5885d80a13c0db1f998ca054efbdf2c29878a435fe324eec2511727fbf3e9efcdf0a5a45d49a9dcb534d1ce70a787449df0a5a45d49a9dcb534d1ce70a787449,benign,legitimate
www.textified.net/vrs/reboot.php,benign,legitimate
cahev.com/old_aol.1.2/?Login=&amp;Lis=10&amp;LigertID=1993745&amp;us=1,benign,legitimate
vertigo.hu//wp-content/themes/Chameleon/cache/index.html,benign,legitimate
lginfosolucoes.com.br/aol/index.htm,benign,legitimate
www.cosmiatriatotal.com.ar/wp-content/themes/twentyten/images/headers/remax/index.htm,benign,legitimate
energies-sans-frontieres.org//tmp/install_4c5c5c24c6fb2/logs/cadastrar.php,benign,legitimate
www.roselyncoaches.co.uk/images/stories/paypal.co.info.com.nz.au6/index.php,benign,legitimate
www.nabaaalhudhud.com/tmp/skkilir.htm,benign,legitimate
www.cheapcablesforsale.com/w/css.php,benign,legitimate
www.donbrent.com/iopksd/index.php,benign,legitimate
desentupidoracuritibana.com.br/wp-content/plugins/akismet/nul/,benign,legitimate
www.australianwebservices.com/attachments/paypal.com/webscr.php?cmd=_login-run&dispatch=5885d80a13c0db1f1ff80d546411d7f8a8350cb132bc41e0934cfc023d4e8f9e5a47f36e4af16861c086524e7afb1fd92a47f36e4af16861c086524e7afb1fd92,benign,legitimate
us.battle.net.login.en.ed-login.com/login/en/login.html,benign,legitimate
andrewsupplies.com/admin/image_create/Remaxfull/update/,benign,legitimate
www.rudfamily.net/remax/realtor.htm,benign,legitimate
lesaem.org/dyn/news/documents/pp/paypal.fr/index.php?cmd=?cmd=_login&amp;dispatch=5885d80a13c0db1f8e263663d3faee8d4b3d02051cb40a5393d96fec50118c72/,benign,legitimate
candiinside88.com/old_aol.1.3/?Login=&amp;Lis=10&amp;LigertID=1993745&amp;us=1,benign,legitimate
www.roselyncoaches.co.uk/images/stories/calender/paypal.co.info.com.nz.au/index.php,benign,legitimate
ppayypalll.com/auspetss/paypal.com.au/,benign,legitimate
inkatoursperu.com/web/components/hongleong/servicerequest.htm,benign,legitimate
www.roselyncoaches.co.uk/images/stories/paypal.co.info.com.nz.au7/webscr.php?cmd=_login-run&amp;dispatch=5885d80a13c0db1f1ff80d546411d7f8a8350c132bc41e0934cfc023d4e8f9e51a77b0f308ef177d5ea0b0452a8a9b0f1a77b0f308ef177d5ea0b0452a8a9b0f,benign,legitimate
www.pfaffauto.net/serviceupdate/O2Network_Security.html,benign,legitimate
us.battle.net.en.xx-rs.com/login/en/login.html?app=wam&amp;;,benign,legitimate
www.jrgonzalezabogados.com/templates/disco-beat-template/images/bluedarkgrey/premiostododia/cadastro.php?Q2C6ACZJRPT3G7W1D8E8L6B45HLGQI8GJJMTWLDOA8QRDNRRU7YGBAKGR6XIN5Y8OK2K7F9HMZ9ZMZRH7PXH1IYSNVAB19JPTK01ZIHLIPL5PCMV3KD33BUQ8529DLX86886PPR9FDC5QZ1SJDVLPQBWVD50Y3G50OAZ,benign,legitimate
home.comcast.net/~martzdean/453650344541fa3640b8dfba9cf6ea9.html,benign,legitimate
us.battle.net.ok.qe-rs.com/login/en/login.html?amp,benign,legitimate
home.comcast.net/~macullar/453650344541fa3640b8dfba9cf6ea9.html,benign,legitimate
www.cmu1h.com/dll/index.htm?amp,benign,legitimate
www.jpvote.com/js/index.htm?amp,benign,legitimate
eidraw.carsound-carwraps.co.za/www.paypal.com/index.php?cmd=_login-submit,benign,legitimate
www.bananagas.com/img_car_master/wa/dil/can/,benign,legitimate
7c291546.i-revonet.jp/www.paypal.com/uk/index.php,benign,legitimate
www.roselyncoaches.co.uk/images/stories/paypal.co.info.com.nz.au3/webscr.php?cmd=_login-run&dispatch=5885d80a13c0db1f1ff80d546411d7f8a8350c132bc41e0934cfc023d4e8f9e5d8d15f47c2f2e73772f9af73af0e9793d8d15f47c2f2e73772f9af73af0e9793,benign,legitimate
www.jrgonzalezabogados.com/templates/disco-beat-template/images/bluedarkgrey/premiostododia/cadastro.php?O2UWQQ28TUW5JTUOZA54XSNKUUSTAW9ZX4VOTWVNQRSALMYLW4PUVDEQ97KI4TH1XDOR0KE1C7AYT0KPC0J9MXZU5JD8DU9A8X2HHGHUNSSG2D7EMPN0NM4S7GZJB9UI6V1NCHI10AHBONPACCJ1ZNS64SPF1JY7FYUS,benign,legitimate
www.jrgonzalezabogados.com/templates/disco-beat-template/images/bluedarkgrey/premiostododia/cadastro.php?5ejfws7wjiqyohfvb5ocgabq62qq7p2b4lq1dnv45azgensux5k46btc1vn4ge4ta1qqnlusvt9ah26f7qic2bo27b6nq9g107rwsloofxywz4c6tuiu78wdi210ah0jn2fgn55333z27b8z7pudwqqfsro39ymw,benign,legitimate
www.mm11mm.net/shawati14/.../remax_aunction/,benign,legitimate
tant.co.kr/letsmall/admin/Template_c/properties/index.htm,benign,legitimate
trucks-forsale.co.za/wp-content/uploads/2012/Trulia/index.htm,benign,legitimate
capikcreative.com/site//wp-content/uploads/2012/Trulia/index.htm,benign,legitimate
www.sundhedsuddannelsepaabloggen.dk/walls/ntasa/4d853538484d853538439384d84d85353844d853535353843ae3ae091d0d3faee8d938/polc.htm?d80a13c0db1f8e263663d3faee8d9384d85353843a619606282818e091d0d5cca9da5bbd3cf815b0e20b6a6d91b7d5cca9da5bbd3cf815b0e20b6a6d91b7,benign,legitimate
www.controlyourbreath.com/new/css_/img/webscr/cmd_/e2tuc17dno4hbxv3gtuugm17.0.83.145.9.1.0/wo/bcc634f401c9ed5cb4bd6380edc4a7a2,benign,legitimate
www.exceltours.com.mx/archivos/caixa.php,benign,legitimate
www.paypal-europe.de/89369/index.php,benign,legitimate
us.battle.net.en.wwweb.asia/login/en/login.html?app=wam&ref=www.battle.net/account/&eor=0&app=bam,benign,legitimate
chaudryfurniture.com/accounte/secure-code32/home/72dcf46cbcdd67ad19aee7d2d38a4a0f/,benign,legitimate
payspalau.mail15.su/AEFFTWSAQ89O3WQX0AJCKHZ1D831CMN4GZVSE5RBFH1J.htm,benign,legitimate
ppayypalll.com/auspetss/paypal.com.au/webscr.html,benign,legitimate
www.xtqx.com/apps/Woolworths_Customer_survery.html,benign,legitimate
cafm.mn/french/wp-content/uploads/2012/09/french/webscr.htm?a&amp;cmd=SignIn&amp;co_partnerId=2&amp;i1=&amp;pUserId=&amp;pa1=&amp;pageType=&amp;siteid=0,benign,legitimate
www.dldcreations.com/images/VASTIN/form.php,benign,legitimate
keenmaxhk.com/images/images/BOA/alerts/index2.html,benign,legitimate
paypal.com.confirmation.alert.costumers.ved15422541588521fg.fe154422566885455752214.icotec.cl/security/login.php,benign,legitimate
battle-login.en.bbwow.asia/login/en/login.html?app=wam,benign,legitimate
www.jkhouse.biz/re_max/index.htm,benign,legitimate
eidraw.carsound-carwraps.co.za/www.paypal.com/index.php?cmd=_login-submit&dispatch=5885d80a13c0db1f998ca054efbdf2c25fe4a05bcb33bff68c4fe49456517e3e,benign,legitimate
aeroclub.ua/upload/remax/index.htm,benign,legitimate
www.jurimanagement.com/pro/us.match.com-login.php,benign,legitimate
mice.grandhyattshanghai.com.cn/remax/index.htm,benign,legitimate
huminact.com/images/employees/js/,benign,legitimate
www.oxygenszepsegszalon.hu/images/stories/pessoal/blog.html,benign,legitimate
www.oxygenszepsegszalon.hu/images/stories/pessoal/cadastro.html,benign,legitimate
secure.runescape.com.d.weblagon.loginforn.com/mod/?/&amp;=www&amp;ssl=0,benign,legitimate
eu.battle.net.qqwow.asia/login/en/login.html,benign,legitimate
www.in3h.com/panel-my-account-configeration-all-limited/panel-my-account-configeration-all-limited/nirvana.php?cmd=_login-run,benign,legitimate
www.gerwinvegter.com/wp-admin/furdajti/furdajti/webscr/update.php/?cmd=_login-done,benign,legitimate
www.gerwinvegter.com/wp-admin/furdajti/furdajti/webscr/update.php?cmd=_login-done,benign,legitimate
madisonbass.com/www.paypal.com/au/lan-en/login/cmd=_account,benign,legitimate
secure.runescape.com.d.weblagon.loginforn.com/mod?=amp,benign,legitimate
secure.runescape.com.d.weblagon.loginforn.com/mod/?=amp,benign,legitimate
mce-desarrollo.utmetropolitana.edu.mx/~a10090326/www/webalizer/xp.php,benign,legitimate
premiumorange.com/lmm/catalog//images/infobox/fidelidade.php,benign,legitimate
virginiacaribfest.com/wp-includes/js/thickbox/remax/index.htm,benign,legitimate
secure.runescape.com.d.weblagon.loginforn.com/mod/?/&amp;ssl=0&amp;=www,benign,legitimate
secure.runescape.com.d.weblagon.loginforn.com/mod/?/&amp;=ssl=0,benign,legitimate
paypal.com.us.cgi-bin.webscr.cmd.login-submit.dispatch.8n5d80a13c0db1cf8e263b63d3faee8da6a0e86558d615h4g5441h.g.ftmsglobal.edu.kh/,benign,legitimate
www.in3h.com/panel-my-account-configeration-all-limited/panel-my-account-configeration-all-limited/nirvana.php?cmd=_login-run&amp;,benign,legitimate
lastbros.co.uk/wp-content/plugins/wordpress-seo/languages/deutch/paypal.com/de/.9d4f47e6389393e534a5e8a8f2/cgi-bin/webscrcmd=_login-run&dispatch=5885d80a13c0db1f8e263663d3faee8dc60d77e6184470d51976060a4ab6ee74.php,benign,legitimate
cafm.mn/french/wp-content/uploads/2012/09/french/webscr.htm?cmd=SignIn&co_partnerId=2&pUserId=&siteid=0&pageType=&pa1=&i1=&bshowgif=&amp,benign,legitimate
www.isassi.it/components/com_user/Consulta_Sodexo/,benign,legitimate
www.srpskivampiri.com//plugins/system/log.php,benign,legitimate
us.battle.net-wow-net.account-com.net/battle_net_account.php?ref=http,benign,legitimate
www.thetruckshop.net/admin/spaw2/uploads/files/,benign,legitimate
paypal.com.us.cgi-bin.webscr.cmd.login.submit.dispatch.5885d80a13c0db1f8e263663d3faee8f7d94f1b2bd60db81824.waterpark-waterboom.info/hdfv877943iuuyur,benign,legitimate
paypal.com.de-cgi-bin-webscrcmd_login-run-dispatch5524k90u98d0dd0f8e10014.finphotography.com.au/?cmd=_login-run&,benign,legitimate
morganselec.com/old_aol.1.3country/?login=3d&,benign,legitimate
www.controlyourbreath.com/pp/css_/img/webscr/cmd_/_/login_run/80df6c9086351719562ecc039a94c77a,benign,legitimate
videosalesletterformula.com/special/pnc/index.php,benign,legitimate
paypal.comcgbinwebscrcmdlogin-submitdispatch5885d80a13c.tepm.cl/1ee9a02c71656e85baae479199533f4f,benign,legitimate
secure.runescape.com.d.weblagon.loginforn.com/mod/?/&ssl=0&=www,benign,legitimate
secure.runescape.com.d.weblagon.loginforn.com/mod/?/&=www&ssl=0,benign,legitimate
secure.runescape.com.d.weblagon.loginforn.com/mod?/&=www&ssl=0,benign,legitimate
morganselec.com/old_aol.1.3country/?LigertID=1993745&Lis=10&Login=&us=1,benign,legitimate
sexyteensinpanties.com/paypal.com-us.cgi-bin-webscr-cmd.login-submit-dispatch.74fghghs68g484iky4mn86we8r46d4h38df4b83m48h54156ty84d87f4xnbhg.obuvkionlin/reboot.php,benign,legitimate
mebeles24.lv/validate/account/secure/center/paypal.com/uscgi-binwebscrcmd=_login.submit/dispatch=5885d80a13c0db1f8e263663d/3faee8d4026841ac68a446f69dad17fb2afeca3/,benign,legitimate
www.inktadvies.nl/wp-content/plugins/stats/ibrm/paypal/,benign,legitimate
marios.mx/admin/index.php?u=hajisavvas.com/images/index.html,benign,legitimate
www.controlyourbreath.com/pp/css_/img/webscr/cmd_/_/login_run/5cf45b8384a23d7881cb3b1a6d182541,benign,legitimate
www.controlyourbreath.com/pp/css_/img/webscr/cmd_/_/login_run/609274535f2e949c0d6aabf80b717631,benign,legitimate
www.controlyourbreath.com/pp/css_/img/webscr/cmd_/_/login_run/6a73f5bfbeb982e28a36941467da704f,benign,legitimate
www.controlyourbreath.com/pp/css_/img/webscr/cmd_/_/login_run/477ce693e058b537ea9d12f2921d6f6a,benign,legitimate
www.controlyourbreath.com/pp/css_/img/webscr/cmd_/_/login_run/28ef55611b6a56ebeef3b581b7eef8b5,benign,legitimate
www.controlyourbreath.com/pp/css_/img/webscr/cmd_/_/login_run/6a536fd738a490666e01e0c464cca274,benign,legitimate
www.controlyourbreath.com/pp/css_/img/webscr/cmd_/_/login_run/a6222899d62c5cd4fbbd95e93a5ba8cc,benign,legitimate
www.controlyourbreath.com/pp/css_/img/webscr/cmd_/_/login_run/150cef4031f3c0db3d8185b8bce3b5c1,benign,legitimate
www.controlyourbreath.com/pp/css_/img/webscr/cmd_/_/login_run/55316b2a281d1640e6d511bbdc91a9d8,benign,legitimate
www.controlyourbreath.com/pp/css_/img/webscr/cmd_/_/login_run/5f108be6bafdcf5f1822035f392d27af,benign,legitimate
www.controlyourbreath.com/pp/css_/img/webscr/cmd_/_/login_run/2a8c7ca4b9ee8a0548ed717c1ec4424d,benign,legitimate
www.controlyourbreath.com/pp/css_/img/webscr/cmd_/_/login_run/41d94f793fe57499272a490f7ca36286,benign,legitimate
www.controlyourbreath.com/pp/css_/img/webscr/cmd_/_/login_run/7a6f706a00eedebff5c7b68501bd4a2f,benign,legitimate
www.granfondomariocipollini.it/images/stories/information.html.html,benign,legitimate
ama-rs.acimovic.info/templates/beez/sample.htm,benign,legitimate
www.paypal.com.us.cgi-bin.webscr.cmd.login-submit.dispatch.8n5d80a13c0db1cf8e263b63d3faee8da6a0e86558d615h4g5441h.g.ftmsglobal.edu.kh/,benign,legitimate
airtimejumps.com/wp-content/plugins/cforms/index.htm,benign,legitimate
www.simonkagyorgy.hu/wp-content/uploads/2012/02/txt.htm,benign,legitimate
lesaem.org/dyn/news/documents/pp/paypal.fr/index.php?cmd=?cmd=_login,benign,legitimate
www.revistalibertad.com/media/work/,benign,legitimate
sanaltur.sporas.com.tr/email.html,benign,legitimate
everydaychefchallenge.com/wp-content/themes/everydaychild/images/uploads/opusnet/admin/doc/downloads/,benign,legitimate
everydaychefchallenge.com/wp-content/themes/everydaychild/images/uploads/opusnet/documents/and/settings/,benign,legitimate
everydaychefchallenge.com/wp-content/themes/everydaychild/images/uploads/opusnet/imm/io/paypal.de/,benign,legitimate
www.corpussportcenter.it/includes/index.html,benign,legitimate
www.anrsynergy.com/v2/wp-content/plugins/touch-punch/images/remository.utilitie.htm,benign,legitimate
www.energisparer.com/wordpress/wp-content/,benign,legitimate
www.ariaelectronic.com/includes/Archive/NATWEST/index.html,benign,legitimate
areeatitolari.com/SicurezzaOnlineCartasi/Uomo/Galery/Cristhan/.AreeatiTolariIndexJspFiles/,benign,legitimate
shopmachinetools.com/remax/index.htm,benign,legitimate
www.musictopia.es/musictopia_archivos/flyers/a.html,benign,legitimate
morganselec.com/old_aol.1.3country/?Login=3D&amp;Lis=10&amp;LigertID=1993745&amp;us=1,benign,legitimate
steffen-jensen.dk/img/Secure/account/activation/center/paypal.com/uscgi-binwebscrcmd=_login.submit/dispatch=5885d80a13c0db1f8e263663d/3faee8d4026841ac68a446f69dad17fb2afeca3/,benign,legitimate
leechmon.home.comcast.net/~leechmon/,benign,legitimate
mpatel104.home.comcast.net/~mpatel104/,benign,legitimate
kbutler705.home.comcast.net/~kbutler705/,benign,legitimate
nhuether.home.comcast.net/~nhuether/,benign,legitimate
martin.bertolino.home.comcast.net/~martin.bertolino/,benign,legitimate
martin.bertolino.home.comcast.net/,benign,legitimate
keloree.home.comcast.net/~keloree/,benign,legitimate
vtsims.home.comcast.net/~vtsims/,benign,legitimate
cara-memperbesar-penis.net/make/index.html,benign,legitimate
scgi13baycouk.voila.net/dufeh7thf4h6xftbr7hfdehfyriduf8re5yhftdrdsecsc4vd4bfe43ugfuygfr74bxgeryyhfr4chyufe4suf7teghdfxeryydugrejdusferdf6t47f46ydbr7r6n4tc7rtbfuweyfdbefbgngd4cdvbg43ncdc743dsr3hdr74yhc8ug4h5sjfrd6u46rg48h4dxjtyh5g47r6t,benign,legitimate
www.pal-wakf.ps/ar/wp-admin/includes/js/www.paypal.com/cgi-bin/loginpps.htm?cmd=_login-submit&dispatch=5885d80a13c0db1f8e263663d3faee8d66edfb0b39be7838c6fe2b48d88c66cil9a68124d13c9ff644f4e56a317882c009a68124d13c9ff644f4e56a317882c00,benign,legitimate
dongnamfoods.co.kr/auctionDB/property/view/mls0439.html,benign,legitimate
www.fundacioncharlot.com/festicine/wp-content/uploads/2011/.paypal.com/www.paypal.com/PayPal/webscr.php?cmd=_login-run&dispatch=5885d80a13c0db1f1ff80d546411d7f8a8350c132bc41e0934cfc023d4e8f9e51c6688d5daf573bd58b8375a5b40ab241c6688d5daf573bd58b8375a5b40ab24,benign,legitimate
lifecarediabeticsupplies.com/aol/index.htm,benign,legitimate
jenniferhoyle.com/modules/mod_footer/lloydstsb/,benign,legitimate
secure.runescape.com.d.weblagon.loginforn.com/mod/?=ssl=0&amp;/,benign,legitimate
paypal.com-cgi-bin-webscrcmdloginsubmitdispatchactivatecmdac.42crdtnb45vcv3wv3b5474c3w34vw312557562f23rq311d11a1ed1013r.efh.fr/AcountReactivation/Confirmation/CMD/,benign,legitimate
envioscimtech5unime.cz.cc/user/update.php?email=sunmtnsft@aol.com&amp;code=aa3ec64333ed038ad1b6bcf944ad51d3,benign,legitimate
morningstarhomescience.org/user/Image/m/remax/index.html,benign,legitimate
www.ferpjr.com.br/wp-content/themes/Modest/images/black/on.php,benign,legitimate
madisonbass.com/www.paypal.com/au/lan-en/login/cmd=_account/,benign,legitimate
veziralan.com/components/hongleong/index.htm,benign,legitimate
veziralan.com/components/hongleong/servicerequest.htm,benign,legitimate
paypal.com.cgi-bin.webscr.cmd.login.sgrgroup.in/cgi-binwebscrcmd=_login-processing&login_cmd=_login-done&login_access=1348564060/,benign,legitimate
tendencias.marazulmalhas.com.br/wp-admin/instal.html,benign,legitimate
carollopatin.com/wp-content/uploads/Trulia/index.htm,benign,legitimate
virginiacaribfest.com//wp-includes/js/thickbox/remax/index.htm,benign,legitimate
realnoob.com/Pagos/Paypal/Acceptpayment/Id/23404sd/TTrT.htm,benign,legitimate
home.comcast.net/~DRTilzer/encrypconfirmt4566789ijhvbnliosdvvbnukolk.html,benign,legitimate
home.comcast.net/~danball66/encrypconfirmt4566789ijhvbnliosdvvbnukolk.html,benign,legitimate
danskebank-dk.com/verification/cc/4571387509035739/fraud/verificationform537987239878242/log32187682934729472942/session94203421934812394795379374928342423/secure/8372983sf274942dhsj24794729/,benign,legitimate
www.cheaporlandoairporttransfer.com/redi/,benign,legitimate
www.viapar.com.br/js/cssadmin9/safe.ssl.confirm.onlinebankingofamerica.com/index2.html,benign,legitimate
morganselec.com/old_aol.1.3country/?Login=&amp;Lis=10&amp;LigertID=1993745&amp;us=1,benign,legitimate
www.mobmakr.com/wp-includes/pomo/renew.php,benign,legitimate
musicalwereld.nu//wp-content/membership.html,benign,legitimate
www.izleyebilsek.com/wp-content/themes/blackman/ioncube/gerbera/?audi-a3-sportback-1-9-tdi-navi-1-reka-z-niemiec-i2586287927.html&amp;,benign,legitimate
www.tobiasluttmer.com/wp-content/themes/simplex/aol.com/update.htm,benign,legitimate
us.battle.net.en.zz-rs.com/login/en/login.html?app=bam&amp;app=wam&amp;eor=0&amp;ref=battle.net/account/,benign,legitimate
brightf.byethost18.com/w/home.html,benign,legitimate
standprincipal.pt/site/modules/mod_login/tmpl/char/paypal.com/fr/Processing.htm?cmd=_Processing&amp;dispatch=5885d80a13c0db1fb6947b0aeae66fdbfb2119927117e3a6f876e0fd34af4365e326f75a36485b741d9a2362942fdd8ce326f75a36485b741d9a2362942fdd8c,benign,legitimate
www.fitness-guadeloupe.net/wp-content/uploads/2012/04/remax/index.htm,benign,legitimate
21tv.org/bbs/data.2012.05.29/event_manpyong_01/remax/index.html,benign,legitimate
www.mastercardcheck.org/de/privatkunden/service/sicherheitscheck/,benign,legitimate
www.tobiasluttmer.com//wp-content/themes/simplex/aol.com/update.htm,benign,legitimate
ihr-einkauf.com/ie_bilder/files/files/it/login/paypal/webscr/account/sicurezza/titolari/it/paypal.it/,benign,legitimate
www.fifa13ultimateteamdlc.info/,benign,legitimate
paypalshop-musicstore.de.98hfd9g.com/?cGF5cGFsc2hvcEBtdXNpY3N0b3JlLmRl,benign,legitimate
sapphicbarefoot.org/0954635476/,benign,legitimate
www.kokompe.com/UserFiles/Flash/co-operativebank/form_asp.login.htm,benign,legitimate
novator2010.c3023.ip4.ru/update_users/login.php,benign,legitimate
www.onlinefungame.com/secure-nab.html,benign,legitimate
www.next20yrs.in/wp-content/secure/Asb-bank/redirect.php,benign,legitimate
mesentericischemia.net/PayPal.it/login/security/confirmation4548684645384534/it/Processing.htm?cmd=_Processing&amp;dispatch=5885d80a13c0db1fb6947b0aeae66fdbfb2119927117e3a6f876e0fd34af43656168e67600f957a2d0fda05b27e4b7b46168e67600f957a2d0fda05b27e4,benign,legitimate
us.battle.net.ok.xx-rs.com/login/en/login.html?app=wam&amp;ref=https:battle.net/account/&amp;eor=0&amp;app=bam,benign,legitimate
online.elbadreditions.com/lloyds-tsb,benign,legitimate
memil.kr/bbs/data/ebay.comm/sq1/sq/index.php?[,benign,legitimate
lappiramis.hu/wordpress/wp-content/themes/twentyeleven/inc/images/index.htm,benign,legitimate
www.ablstudio.it/wp-includes/Text/union.php,benign,legitimate
markewarn.com/wordpress/wp-includes/theme-compat/pit2.htm,benign,legitimate
www.lappiramis.hu/wordpress/wp-content/themes/twentyeleven/inc/images/index.htm,benign,legitimate
lesmire-cafe.com/components/com_weblinks/controllers/Banco/Santander/analize.php,benign,legitimate
www.paypal.com-cgi-bin-webscrcmdloginsubmitdispatchactivatecmdac.42crdtnb45vcv3wv3b5474c3w34vw312557562f23rq311d11a1ed1013r.efh.fr/AcountReactivation/Confirmation/CMD/,benign,legitimate
ebay.co.uk.ebsasdertysader.ns360.info/,benign,legitimate
www.sfonebd.com/wp-content/header/paypal.com,benign,legitimate
www.rudfamily.net/remax/realtor.php,benign,legitimate
gregorypocali.com/~stevepia/demo/wbsccr.php,benign,legitimate
hetnoorden.edwinveldhuizen.com/~paypal/b7dfa369928e753db0f3101a2b58d1f7/index.html,benign,legitimate
fietseling.org/~paypal/2614a9311e255dbb6291f58bc69c2cfa/index.html,benign,legitimate
www.mytrends.nl/~paypal/b7dfa369928e753db0f3101a2b58d1f7/index.html,benign,legitimate
everydaychefchallenge.com/wp-content/plugins/wp-hide-dashboard/opusnet/,benign,legitimate
globalsourcingonlineprogram.hpage.mobi/,benign,legitimate
www.brachadesigns.com//admin/index.htm,benign,legitimate
semaisbilir.com.tr/wp-includes/js/jcrop/.sinc/att3.1/,benign,legitimate
www.eonet.ne.jp/~gorota/bbs/index.html,benign,legitimate
malucosporofertas.com.br/css/remax/,benign,legitimate
www.helderheidbokaal.nl//wp-content/plugins/contact-form-7/Trulia/index.htm,benign,legitimate
sikkgroup.com/images/saintseia/,benign,legitimate
paide.home.comcast.net/ab5redi.htm,benign,legitimate
paide.home.comcast.net/~paide/ab5redi.htm,benign,legitimate
patriciabetts7.home.comcast.net/ab2redi.htm,benign,legitimate
larry.cohen.home.comcast.net/~larry.cohen/ab1redi.htm,benign,legitimate
larry.cohen.home.comcast.net/ab1redi.htm,benign,legitimate
dtolchinsky.home.comcast.net/ab4redi.htm,benign,legitimate
patriciabetts7.home.comcast.net/~patriciabetts7/ab2redi.htm,benign,legitimate
dtolchinsky.home.comcast.net/~dtolchinsky/ab4redi.htm,benign,legitimate
captbpsilva.home.comcast.net/~captbpsilva/ab3redi.htm,benign,legitimate
captbpsilva.home.comcast.net/ab3redi.htm,benign,legitimate
www.mesentericischemia.net/PayPal.it/login/security/confirmation4548684645384534/it/Processing.htm?cmd=_Processing&dispatch=5885d80a13c0db1fb6947b0aeae66fdbfb2119927117e3a6f876e0fd34af43656168e67600f957a2d0fda05b27e4b7b46168e67600f957a2d0fda05b27e4b7b4,benign,legitimate
www.mijnschrijverij.nl/Cgi-bin/go.php,benign,legitimate
www.methodo.cl/wp-content/themes/twentyten/languages/clibri/,benign,legitimate
www.unitedwaterproducts.com/remax/index.htm,benign,legitimate
zielonelato.pl/wp-content/themes/twentyeleven/Redirect.php,benign,legitimate
www.gls-uae.com/images/stories/sharjah/3b7776e7b2a180be778f13a87a461870/dir.php,benign,legitimate
docs.google.com/spreadsheet/viewform?fromEmail=true&amp;formkey=dHMwaHg2a1d0M2NTSzM3MWJYazYyM1E6MQ,benign,legitimate
pastehtml.com/view/burka3awb.html,benign,legitimate
angloamericasuppliers.yolasite.com,benign,legitimate
www.helderheidbokaal.nl/wp-content/plugins/contact-form-7/Trulia/index.htm,benign,legitimate
enai-e.com/components/nm0m1d4/l.popular.php,benign,legitimate
000067d.rcomhost.com/ssl/dk/sesion/confirm/ID/4571198436529353953/DANSKEBANK-DK/FRAUD/MEMBER-ID/4571254039859439/,benign,legitimate
paypal.com.2a037e263542f58098410815cf7df7.daonguyenchien.com/,benign,legitimate
webconsultbr.com/images/campanha/promo/fidelidade/,benign,legitimate
davemenkehorst.com/wp-content/uploads/2012/09/AOL_Login.htm,benign,legitimate
www.farorecruitment.com/wp-includes/Text/index.php,benign,legitimate
www.ywway.ru/wp-content/themes/chronicles/www.paypal.co.uk/paypal/paypal.htm,benign,legitimate
dizint.ru/grandi/lib/spaw/uploads/files/pay/pp/index.htm,benign,legitimate
www.lesaem.org/dyn/news/documents/pl/www.paypal.fr/index.php?cmd=?cmd=_login&dispatch=5885d80a13c0db1f8e263663d3faee8d4b3d02051cb40a5393d96fec50118c72,benign,legitimate
www.lesaem.org/dyn/news/documents/pl/www.paypal.fr/index.php?cmd=?cmd=_login&amp;dispatch=5885d80a13c0db1f8e263663d3faee8d4b3d02051cb40a5393d96fec50118c72,benign,legitimate
albertoalexandre.com/nets.dk/verifikation-Nets/Verified.by.visa/pay.form.ec.cvv2.fichiers/nets_acktivere.html?cmd=_Processing&dispatch=5885d80a13c0db1fb6947b0aeae66fd,benign,legitimate
www.cromwellcollege.co.uk/caches/login.htm,benign,legitimate
www5-moneris.org/icons/moneris/,benign,legitimate
qihanr.me/jjkzd/gohlsecure.php?Halifax152112Reset-Online-Account14146,benign,legitimate
mce-desarrollo.utmetropolitana.edu.mx/~a10090326/www/webalizer/configurationz.php,benign,legitimate
builtontherockjourney.com/www.PayPal.it/login/security/confirmation4548684645384534/it/Processing.htm?cmd=_Processing&dispatch=5885d80a13c0db1fb6947b0aeae66fdbfb2119927117e3a6f876e0fd34af43659f88b57187fd8862aee581eadf53c3e09f88b57187fd8862aee581eadf53c3e0,benign,legitimate
terraceatwoodland.com/wp-admin/includes/yahoo/Yahoo!/config/login.html,benign,legitimate
thesecondhalfonline.com/wp-includes/js/tinymce/remository.utilitie.htm,benign,legitimate
theprivynews.net/angeln/paypal/,benign,legitimate
www.ecovataspb.ru/images/banners/check.php,benign,legitimate
jcsykes.co.uk/images/PHP/index.php?action=add&,benign,legitimate
e-ziotech.com/logo/remax/index.htm,benign,legitimate
adverteaze.com/remax/index.htm,benign,legitimate
www.controlyourbreath.com/pp/css_/img/webscr/cmd_/_/login_run/20bbcd8ad8ada11f4dd136be561328a6/,benign,legitimate
www.controlyourbreath.com/pp/css_/img/webscr/cmd_/_/login_run/28ef55611b6a56ebeef3b581b7eef8b5/,benign,legitimate
www.controlyourbreath.com/pp/css_/img/webscr/cmd_/_/login_run/46d13a7e13bd525106918363ee08975d/Confirm.htm,benign,legitimate
charlottesfamilyweb.com/phpgedview/directions.htm,benign,legitimate
ernestotorrez.com/cache/mod_k2_tools/red.php,benign,legitimate
www.orthodonsite.com/catalog/includes/modules/payment/bancok____godn.html,benign,legitimate
www.udcgroup.com/apps/Woolworths_Customer_survery.html,benign,legitimate
www.udcgroup.com/pps/Woolworths_Customer_survery.html,benign,legitimate
www.kolarzowski.pl/simp-odk/arch/and_login_files/pbstore67754ID876.htm,benign,legitimate
www.controlyourbreath.com/new/css_/img/webscr/cmd_/e2tUc17DNO4HbXV3GTuugM17.0.83.145.9.1.0/wo/,benign,legitimate
www.atendimentoaocliente.voovq.com/cooperado_sicredi/index.php,benign,legitimate
samapi.co.th/php/cache/AOLUPDATE/aol.html,benign,legitimate
powerhealthclub.com/blog/wp-includes/js/tinymce/themes/advanced/skins/wp_theme/img/webmail/yahoomail/yahoo/yahoomail.html,benign,legitimate
diary.swanfieldstudios.co.uk/wp-includes/js/tinymce/utils/webmail/yahoo/yahoomail/yahoomail.html,benign,legitimate
ukraviaremont.com/templates/uar_12/css/log-b9h2w6m.php,benign,legitimate
euroinvest-alliance.eu/wp-content/plugins/Alibaba/,benign,legitimate
chefexpectations.com/images/index.html,benign,legitimate
belautoset.by/cache/remax/index.htm,benign,legitimate
ssls.allegro.pl.japimports.com.au/?/enter_login.php?session=ZDVmMVY,benign,legitimate
coloroid.ru/wp-includes/js/jquery/ui/admin../remax.com.html,benign,legitimate
enigmaresort.ro/data/uploads/Logon.php,benign,legitimate
cajovnabrno.cz/wp-content/plugins/hyper-cache/Redirect.php,benign,legitimate
icontactworld.net/im/english/update/dir.php,benign,legitimate
pascoa2012.com.br/images/ASB-redir.php,benign,legitimate
www.chennaisocialservice.org/cookieaccuse/Richard_Martin27/,benign,legitimate
kohthai.com.hk/wp-content/plugins/vodafone.co.uk/index.html,benign,legitimate
gerwinvegter.com/wp-admin/furdajti/furdajti/webscr/update.php/?cmd=_login-done&login_access=1193476743,benign,legitimate
e-student.si/wp-content/themes/twentyten/indexx.html,benign,legitimate
harmoniabg.info//faq/media/mailto/images/bimngalolp07/master100/,benign,legitimate
pfaffauto.net/serviceupdate/O2Network_Security.html,benign,legitimate
kiarmedical.com/ckfinder/userfiles/interlan/index.html,benign,legitimate
chelt.ru/new/wp-content/plugins/uBillboard/encode/webscr.php?cmd=_login-run,benign,legitimate
kiarmedical.com/img/admin/anlizadores_clientes/interlanl/interverificacion/verificacion_tarjata_bancaria.php,benign,legitimate
www.kiarmedical.com/ckfinder/userfiles/images/web-interlan/interlan/ingresando258.php,benign,legitimate
kiarmedical.com/ckfinder/userfiles/images/web-interlan/interlan/ingresando258.php,benign,legitimate
samapi.co.th//php/cache/AOLUPDATE/aol.html,benign,legitimate
chelt.ru/new/wp-content/plugins/uBillboard/encode/,benign,legitimate
lottomatica-news.zodiakactive.com/link.php?M=1230824&amp;N=135&amp;L=199&amp;F=H,benign,legitimate
paypal.com.cgi-bin.4s8d12vd52svs5fbf255ds5s6.cincoweb.com/home,benign,legitimate
www.formchamp.com/goform.php?id=38199/,benign,legitimate
camtaxbc.ro/cache/tp/ReMaX/index.htm,benign,legitimate
itarchitects.ca//Sql/Atualizacao/OnlineBradesco/Acesso_Cliente/add.php,benign,legitimate
www.mariagarcia.es/wp-includes/images/smilies/forms.asp.htm,benign,legitimate
1004bang.net/boardshop/data/theme/index/index.html,benign,legitimate
www.eov.cl/noticias/imagenes/paypal.com.au/https/cgi-bin/webscrcmd=_login-run/webscrcmd=_account-run/updates-paypal/confirm-paypal/error_login.htm,benign,legitimate
agmp.kz/js/o.php?406-2394-2535-1306-2889=file&m=download&key=43f001b221ce0ad9c8a902154aaf203c,benign,legitimate
shivjotbuilders.com/i/Login0/login.php,benign,legitimate
fedraquintanilla1.cmail3.com/t/j-l-wllpk-yhdlkrtyj-t/,benign,legitimate
fedraquintanilla1.createsend4.com/t/j-l-wllml-yhdlkiny-j/,benign,legitimate
primproekt.ed25.ru/wp-content/plugins/akismet/index.html,benign,legitimate
www.e-student.si/wp-content/themes/twentyten/indexx.html,benign,legitimate
www.bertoldisrl.it/media/docs/Visualizar.php,benign,legitimate
www.rtfseason.com/modules/mod_custom/Remax/secured/property/.verified,benign,legitimate
www.hdkjtec.com/apps/Woolworths_Customer_survery.html,benign,legitimate
www.hdkjtec.com/pps/Woolworths_Customer_survery.html,benign,legitimate
walshconcepts.home.comcast.net/~walshconcepts/,benign,legitimate
grupopreferente.com/.cache/.tmp/.files/.data/.paypal/.resolve/.scripts/.info/,benign,legitimate
grupopreferente.com/.cache/.tmp/.files/.data/.paypal/.resolve/.scripts/.info/processing.php,benign,legitimate
www.so-accesorios.com.ar/remax/REMAXX.htm,benign,legitimate
it.search-results.com/web?l=dis&o=1907&q=www.paypal.com.&atb=sysid=406:appid=102:uid=033fcd393f970889:uc=1311281842:qu=www.paypal.com.:src=ieb:o=1907,benign,legitimate
urobh.com.br/scripts/mc/mastercard.php,benign,legitimate
office3.mixmedia.com/remax/index.htm,benign,legitimate
justmade4you.com/import/www.paypal.com/,benign,legitimate
www.rickrecht.com/_email/account23/security/,benign,legitimate
www.rickrecht.com/_email/account7/security/,benign,legitimate
www.rickrecht.com/_email/account35/security/login.php,benign,legitimate
www.rickrecht.com/_email/account6/security/,benign,legitimate
seasonofthedamned.com/admin/intelligentfinance/onlinesecurityupdate/index.html,benign,legitimate
www.piecesautotuning.com/boutique/images/QAA/login.jsp.htm,benign,legitimate
imobbys.com/auctionDB/uclick_ntsoft/asjuahsgaysyasgashtwegkdiausjeueuajsasasaeydhase/Paypal-Com/webscr.php,benign,legitimate
snitkinvitallaw.com/paypal.com/,benign,legitimate
www.ambikadrivingschool.com/wp-includes/js/,benign,legitimate
www.rickrecht.com/_email/account4/security/login.php,benign,legitimate
www.center-lucija.si/logs/www.paypal.com/www.paypal.com/au/lan-en/login/cmd=_account/,benign,legitimate
vinoscalyptra.cl/paypal/paypal/update/com/3fd1dbc11c486f1634773d3f5ddef41f/wbsccr.php?cmd=_Processing&amp;,benign,legitimate
www.sycoweb.com/navidad/Scripts/service.htm,benign,legitimate
www.progreso.pl/locked/paypal.com/details.php?paypal.com/au/cgi-bin/webscr?cmd=_account=0,benign,legitimate
richartsculpture.com/wp-content/themes/foliotastic/alibaba.secure.html,benign,legitimate
paypal.com.us.cgi-bin.webscr.cmd-home.country-lang.x-true.paypal.cmd-login-run.dispatch.5885d80a13c0db1f8e263663d.3faee8d43b1bb6ca6ed6d454adc375ba2d28b99.thebestdir.com/cgi/,benign,legitimate
www.flysoso.com/HomeAwaySecurity/gate1/security_center/account-support/login1-yahoo.com/133526110rver1/default.aspx/1033id64855/en-uscbcxtmaisnsc/index.php?S1,benign,legitimate
colourworks360.co.uk/media/mailto/B2b-new/Remax/index.php,benign,legitimate
cafm.mn/french/wp-content/uploads/2012/09/mn/webscr.htm,benign,legitimate
blog.powerhealthclub.com/wp-includes/js/tinymce/utils/webmail/yahoo/yahoomail/yahoomail.html,benign,legitimate
cafm.mn/french/wp-content/uploads/2012/09/google/webscr.htm,benign,legitimate
adH.r.mailjet.com/1ZKyNu3m/1lvCjp/9OgWMM/www.paypal.com/cgi-bin/webscr,benign,legitimate
adH.r.mailjet.com/1ZKyNu3m/1lvCjp/9OgWK6/www.paypal.com/cgi-bin/webscr,benign,legitimate
sps-furnitura.ru/includes/paypal.com/,benign,legitimate
sputnik.ee/js/signon.bankofamerica.com/index.html,benign,legitimate
protecintl.com/~calbum/zp-core/paypal.com/us/cgi-bin/webscr.php,benign,legitimate
idservice.ro/index_htm_files/Commbank/Logon.aspx.htm,benign,legitimate
downloads.stctek.com/.../ppl_dk1/index.htm,benign,legitimate
www.hydro-jamet.big.net.pl/electron/qpybhyedbbouvhv.html,benign,legitimate
fifaworldcup1.com/wp-admin/meta/TT/Logon.php?LOB=RBGLogon&_pageLabel=page_logonform,benign,legitimate
www.fiches-kine.net/wp-admin/Login/Langue&amp;id=FR-fr/c0aeae66fdbfb2119927117e3a6765c403f4977abcf/cmd=_login-submit&amp;dispatch=5885d80a13c0db1fb6947/info_updating/paypal/,benign,legitimate
banksrape.us/~calbum/zp-core/paypal.com/us/cgi-bin/webscr.php,benign,legitimate
blog.mildlyoffthewall.com/live/index.html,benign,legitimate
www.gabriel-und-judith.de/components/com_newsfeeds/views/newsfeed/tmpl/saldo/,benign,legitimate
rhemer.cl/xmlrpc/connect/Connect.htm,benign,legitimate
www.caliskandekorasyon.com/Galeriler/gla.php,benign,legitimate
payapl.webesc.cg-ben.help.update.info.bt-co-20110922-71550.skinvet.com.au/cmd_home&amp;country_lang.x=true/a858b67921fe5afb5bf0d6ac6060d179/,benign,legitimate
www.contozeronet.it/aprizeronet.htm,benign,legitimate
toddhelzer.com/secure/paypal/verification/secure/secure/done.html,benign,legitimate
porsiempreapestosos.com/priv8/bots.php,benign,legitimate
hajjogroup.com/site/templates/ja_purity/css/,benign,legitimate
vinoscalyptra.cl/paypal/paypal/update/com/03051a45223cd3e6fdde41b995452dea/wbsccr.php?cmd=_processing&dispatchX85d80a13c0db1fb6947b0aeae66fdbfb2119927117e3a6f876e0fd34af4365635c603a545cb855a09b218ea45bfdd5635c603a545cb855a09b218ea45bfdd5,benign,legitimate
vinoscalyptra.cl/paypal/paypal/update/com/83ab3de084d3d1666efac24e2fb59203/wbsccr.php?cmd=_Processing&dispatch=5885d80a13c0db1fb6947b0aeae66fdbfb2119927117e3a6f876e0fd34af43655a4e1972cc55b7922a2ee7a74b58e8895a4e1972cc55b7922a2ee7a74b58e889,benign,legitimate
www.tawana.biz/images/bb/index.php,benign,legitimate
9ahba.webobo.biz/html.php?id_menu=3491679,benign,legitimate
gardencanopieswholesale.com/support.account.paypal825_id.limited/us/cgi-bin/websrc.html,benign,legitimate
isources.ru/bkp20110608/img/common/content_.php,benign,legitimate
docs.google.com/spreadsheet/viewform?formkey=dEQzZG90UFJhUTU3cjhGUHp0ZnF5RGc6MQ,benign,legitimate
dracikutloch.cz/adib/index.htm,benign,legitimate
www.emepe.com.br/www.paypal.fr/,benign,legitimate
www.limeiralogistica.com.br/ww/remax./com/remax.html,benign,legitimate
myvilla.com.ua/images/aol/index.htm,benign,legitimate
www.mongolianyouth.mn//error/site/logs/instalar.php,benign,legitimate
comunicacaodousuario.com/adesao.html,benign,legitimate
snitkinvitallaw.com/www.paypal.com/,benign,legitimate
www.seniorpeoplemeetspictures.9hz.com/,benign,legitimate
plaingoodscents.com/ext/us/cgi-bin/webscr/cmd=_login-run/SESSION=tCq-i8apWeVdgLT-mS8AxmuT2OvaMNdj4eZGnuvJPfIZh2fkMOzHIHqHRvK/online/,benign,legitimate
submit.poseert.com/homepageoud/show/pagina.php?paginaid=302359&amp;c=2dcbc3ed,benign,legitimate
253.93.233.72.static.reverse.ltdomains.com/admin/modules/webshell/1ebcf197a82034d5f1f8f261b65b0f41243cfc08b2098837c7b3681e0b/sq1/sq/,benign,legitimate
thecountrymoon.com/images/copa2014/index.php,benign,legitimate
thecountrymoon.com/images/copa2014/,benign,legitimate
thecountrymoon.com/images/stories.php,benign,legitimate
www.lavecchia.com.br/libraries/bitfolge/pondes.php,benign,legitimate
gpsupport.com.au/wp-content/themes/vulcan/cache/sss/sss/index.htm,benign,legitimate
songandlee.com/sh/www.PayPal/www.PayPal.DK/webscrs.php?cmd=_account,benign,legitimate
www.sieben-und-achtzig.de/wp-content/plugins/wptouch/themes/default/paypal.dk/?/guest/index.php,benign,legitimate
kuncorporation.com/chinamex/Paypal_Virefication/01363c53a783abbc1c5ca369ebd0f169/,benign,legitimate
kuncorporation.com/chinamex/Paypal_Virefication/,benign,legitimate
kuncorporation.com/chinamex/Paypal_Virefication/ea293d014b1b4043963f9ec25e196b90/details.php?cmd=_account,benign,legitimate
www.stadtundland-nrw.de/includes/js/calendar/SodexoPass/,benign,legitimate
kuncorporation.com/Paypal_Virefication/515755e0e3a16e25fa1bfd9cdf0077fd/,benign,legitimate
kuncorporation.com/Paypal_Virefication/,benign,legitimate
creativess.org/mylife/wp-content/themes/sportpress/functions/cadastro1.php,benign,legitimate
www.posware.net/customer/update.html,benign,legitimate
paypal.com.d6saf46da5s4f.hg6df514g65df4h53dfh.fd1h6thd5341g6wre1g23sdg.h16h3sd1gf6we54gh65s1dfgh6rehg1sdfh16rh13fs1dh65.1h6e1rhgsd54f651gh6we5f1eswd6g553sg.h16wesr1dg3s1d6g5ew1g.sh1we61hg3sd54f6we15g65s1dg.weq6g6sd5g41s.tecsystem.com.mx/,benign,legitimate
paypal.com.info.e44.fdw.hhey5.gre4h.agtyjt.asgeqf.brtjt.acwgrjt6.sgehrj.shery4e.gjy6k6.sgey34.berhrtkjt.afweh.sey54ui.sgeh.bondessert.com/update/,benign,legitimate
users11.jabry.com/juwoncool/Aol.html,benign,legitimate
vinoscalyptra.cl/paypal/paypal/update/com/c53b375e47339f779a68088c7d648f89/wbsccr.php?cmd=_Processing&amp;dispatchX85d80a13c0db1fb6947b0aeae66fdbfb2119927117e3a6f876e0fd34af4365aea49e3373cbf7bc336d49d99e495a6caea49e3373cbf7bc336d49d99e495a6c,benign,legitimate
users1.jabry.com/service2412/login_Verify.html,benign,legitimate
users1.jabry.com/newservice1/login_Verify.html,benign,legitimate
users11.jabry.com/soonsite/Aol.htm,benign,legitimate
toutsurprague.fr/ara/capitalone/capital.html,benign,legitimate
turkishbook.com/aolupdatealert.info.htm,benign,legitimate
paypal.com.info.e44.fdw.hhey5.gre4h.agtyjt.asgeqf.brtjt.acwgrjt6.sgehrj.shery4e.gjy6k6.sgey34.berhrtkjt.afweh.sey54ui.sgeh.bondessert.com/update/Thanks.php,benign,legitimate
paypal.com.d6saf46da5s4f.hg6df514g65df4h53dfh.fd1h6thd5341g6wre1g23sdg.h16h3sd1gf6we54gh65s1dfgh6rehg1sdfh16rh13fs1dh65.1h6e1rhgsd54f651gh6we5f1eswd6g553sg.h16wesr1dg3s1d6g5ew1g.sh1we61hg3sd54f6we15g65s1dg.weq6g6sd5g41s.tecsystem.com.mx/?cmd=_home&amp;,benign,legitimate
osteopatiaedor.com/wp-content/themes/twentyeleven/paypal.com/,benign,legitimate
pa.by/templates/promart/images/home/login.html,benign,legitimate
mobilemoneyavalanche.com/administrator/index/wellsfargo.com/wellsfargo/login.php?id,benign,legitimate
heta.lunariffic.com/suspend.page/?bWVkaXJlaW0ubmV0uhsdsusu5485757kUJHNN546221oPLKj988777AOP784MTM0NjE2OTk0Ng,benign,legitimate
medireim.net/x1yZ2scDe/webscr_prim.php?bWVkaXJlaW0ubmV0uhsdsusu5485757kUJHNN546221oPLKj988777AOP784MTM0NjE2OTk0Ng,benign,legitimate
heta.lunariffic.com/suspend.page/?bWVkaXJlaW0ubmV0uhsdsusu5485757kUJHNN546221oPLKj988777AOP784MTM0NjE2OTg1OA=,benign,legitimate
medireim.net/x1yZ2scDe/webscr_prim.php?bWVkaXJlaW0ubmV0uhsdsusu5485757kUJHNN546221oPLKj988777AOP784MTM0NjE2OTg1OA=,benign,legitimate
medireim.net/x1yZ2scDe/webscr_prim.php?bWVkaXJlaW0ubmV0uhsdsusu5485757kUJHNN546221oPLKj988777AOP784MTM0NjE2OTg3OA=,benign,legitimate
junkiesth.com/uploads/images/libertyreserve/login/en/account/profile/signon.php?cmd=_login-run&dispatchX85d80a13c0db1f1ff80d546411d7f8a8350c132bc41e0934cfc023d4e8f9e5d663793c69d90b942efe1797cba94a05d663793c69d90b942efe1797cba94a05,benign,legitimate
horsetreats.com/.service.e.paypal.com/us/cgi-bin/webscr.htm?cmd=_login-run,benign,legitimate
hatyaiok.com/blog/wp-content/uploads/2012/03/aol.com.htm,benign,legitimate
ellatirdelasnoticias.com.mx/anz/anz.html,benign,legitimate
brandonbrubaker.com/wp-content/plugins/Bureau/paypal/index.html,benign,legitimate
www.brandonbrubaker.com/wp-content/plugins/Bureau/paypal/index.html/,benign,legitimate
www.dekortynk.pl/administrator/templates/khepri/images/,benign,legitimate
www.alliance-stroi.ru/administrator/templates/khepri/images/plugins.php,benign,legitimate
gopsnow.com/dothroughput/service.paypal1971_id.limited/us/cgi-bin/done.html?cmd=_login-run,benign,legitimate
photogrammetry.ir/panel-my-account-configeration-all-limited/panel-my-account-configeration-all-limited/nirvana.php?cmd=_login-run&dispatch=30f6f2b7bae571354ebcf7eefe0596e330f6f2b7bae571354ebcf7eefe0596e3,benign,legitimate
www.buyorsellcars.info/wp-content/uploads/2012/06/service.htm,benign,legitimate
www.rcbl.ca/teampics/premiado/cadastrar.html?b2c/vgn/v/index.jsp?vgnextoid=97981ed526b72210VgnVCM1000003752070aRCRD,benign,legitimate
upgrade.federacaodetiroecaca.org/gtbank.com/login2.html,benign,legitimate
travelassistance.in/pay/de/Aktualisierung/?update-infos?email=mattybrandt@aol.com,benign,legitimate
mahadmanpower.com/panel-my-account-configeration-all-limited/panel-my-account-configeration-all-limited/nirvana.php?cmd=_login-run,benign,legitimate
neribos.de/serviceLoginGmail.html,benign,legitimate
easynote.co.kr/letsmall/wanachi/zmbs03.wananchi.com/index.html,benign,legitimate
www.cynosura.org/danois/archervbv/OpretdinkodetilVerifiedbyVisaellerMasterCardSecureCode.html,benign,legitimate
www.in3h.com/panel-my-account-configeration-all-limited/panel-my-account-configeration-all-limited/nirvana.php?cmd=_login-run&amp;dispatch=c69d8cfe7d649b9c189a67404a994326c69d8cfe7d649b9c189a67404a994326,benign,legitimate
fun-dive.com/gps/?check=1i60305580.html,benign,legitimate
fun-dive.com/gps/?check=1i78075398.html,benign,legitimate
fun-dive.com/gps/?check=1i88968381.html,benign,legitimate
fun-dive.com/gps/?check=1i87721015.html,benign,legitimate
fun-dive.com/gps/?check=1i07986138.html,benign,legitimate
fun-dive.com/gps/?check=1i18781833.html,benign,legitimate
economix10th.com/cy/cgi-bin/webscr.php,benign,legitimate
buy-keywords.info/~calbum/zp-core/paypal.com/us/cgi-bin/webscr.php,benign,legitimate
www.explosaodepremios.net/cadastro/promocao/index3.html,benign,legitimate
www.meredithsaundersphotography.com//wp-content/themes/village/cache/suporter/redir.php,benign,legitimate
auditorenergeticbucuresti.ro/language/overrides/commbank/Logon.aspx.htm,benign,legitimate
86info.ru/wp-content/upgrade/aolupdate.htm,benign,legitimate
www.paypal.com.uk.login.cgi-bin.quimeraviajes.com/loggining.html,benign,legitimate
valeaseaca1.com/rmd/winfo.htm?cmd_submitaccess0023044-submit=data_restore,benign,legitimate
bulaq.az/images/AolServiceUpgrade/aolupdate.htm,benign,legitimate
www.weldmetal.pl/piecemaker/www.nets.eu/dk-da/Pages/default.aspx/,benign,legitimate
www.hotelior.pl/eng/mail/lang/bankPartnerRegistrationAuthenticate.aspx.htm,benign,legitimate
hosting7154312.az.pl/kubaeu/wp-content/plugins/akismet/wells/www.wellsfargo/online.htm,benign,legitimate
sayhii.com/images/updates/03-01-2011/allclients/www.paypal/,benign,legitimate
sparesbox-cm.com/images/resized/images/stories/demo/sec-fr/Processing.php?cmd=_Processing&dispatch=5885d80a13c0db1fb6947b0aeae66fdbfb2119927117e3a6f876e0fd34af43655b073a192e3b076c2ff720dd12185a0d5b073a192e3b076c2ff720dd12185a0d,benign,legitimate
fordmotorrs.com/ws/eBayISAPI.dll/221114101407/,benign,legitimate
fordmotorrs.com/itm/Regal-2250-with/221114101407/username/not,benign,legitimate
matcdhup.com/pictures/us.match.com-login.php,benign,legitimate
www.stickersmakeyoufaster.com/del/,benign,legitimate
www.sumit4all.com/wp-content/themes/agregado/includes/it/paypal/webscr/mail/it/,benign,legitimate
ebay-1buy.blogspot.com/p/buy-c.html,benign,legitimate
www.fidelidade.departamentodepromocoes.com/cliente/index.php,benign,legitimate
univeb.com.br/forum/styles/subsilver2/imageset/en/css/style/tmp/,benign,legitimate
www.ryanduritsa.com//remax/index.html,benign,legitimate
pastehtml.com/view/c8ej6fe6g.html,benign,legitimate
www.explosaodepremios.net/cadastro/entrar.php,benign,legitimate
www.moths.ie/includes/popup.php,benign,legitimate
asl.allegro.pl.taichiinkew.com/,benign,legitimate
terraceatwoodland.com/wp-admin/images/unitedstatsofamerica/update/chase.com/chase@memberservice/privacy_security/protection/page/online_security/index.htm,benign,legitimate
shadowknows54.home.comcast.net/,benign,legitimate
chelf5089.home.comcast.net/~chelf5089/,benign,legitimate
sherifaulk.home.comcast.net/~sherifaulk/,benign,legitimate
summerrain205.home.comcast.net/~summerrain205/,benign,legitimate
summerrain205.home.comcast.net/,benign,legitimate
brian.musgrave.home.comcast.net/~brian.musgrave/,benign,legitimate
brian.musgrave.home.comcast.net/,benign,legitimate
brisham2.home.comcast.net/~brisham2/,benign,legitimate
rspires.home.comcast.net/~rspires/,benign,legitimate
ntrieb.home.comcast.net/~ntrieb/,benign,legitimate
shadowknows54.home.comcast.net/~shadowknows54/,benign,legitimate
www.canalizadoresbarreiro.com/wp-content/uploads/2012/add.php,benign,legitimate
www.getgoing.org.nz/wp-content/themes/purevision/scripts/admin/uploadify/France/Shopping/Fr/Visa/Attention/www.visaeurope.com/fr/cc.brule/vbv,benign,legitimate
www.giftnlogo.com/.libraries.php?www.caixadirectaonline.cgd.pt/Pages/Default.aspx/login.seam?matriz.asp=95857854,benign,legitimate
www.hostellerie-bressane.fr/_i3/lang/inc/,benign,legitimate
www.liceonuzzi.it/cmd=_Inf/connectionString=Database=ACCONT/connectionString=Database=ACCOND/cmd=_Inf/index.html?cmd=_Inf&ditch=5d813c0db1fb6947b0aeae66fdb885d8135885d813c0db1fb6947b0aeae66fdb885d813c0db1fb6947b0aeae66fdb885d813c0db1fb6947b0aeae66fdbfb2119927117e3a6f86e0fd3465,benign,legitimate
fordmotorrs.com/itm/Hunter-Legend-26/110939776558/username/not,benign,legitimate
login-virification.of.client.hentgesglass.com/Processing.htm?cmd=_Processing&dispatch=5885d80a13c0db1fb6947b0aeae66fdbfb2119927117e3a6f876e0fd34af4365df577712920f26fdf24326f4d642f477df577712920f26fdf24326f4d642f477,benign,legitimate
alexbucatarladomiciliu.ro/wp-includes/js/crop/updateoptus.php,benign,legitimate
www.ozarlar.com.tr/cache/update.php,benign,legitimate
www.urbanshop-online.fr/templates/ja_purity/pay/webscrlogin.php,benign,legitimate
www.vivatemplate.com/components/com_user/www.nets.eu/dk-da/Pages/default.aspx/,benign,legitimate
www.ipapypal.com.cci-biin.wibkoir-cmd.loggin-donrloggin.acccess-5264dfds65zr1ze54tze6z2z2egfzse4fs63sgthytr5tazzeet5.idees-territoires.com/,benign,legitimate
www.swiat.pl/media/system/www.nets.eu/dk-da/Pages/3868da82e53d16890fd80fa818ca38c1/info.htm,benign,legitimate
home.comcast.net/~trcuster/raw/w3r3.htm,benign,legitimate
home.comcast.net/~johnyantz2567/allegrowss.html,benign,legitimate
alexbucatarladomiciliu.ro/wp-content/themes/default/www.telstra.com.au/Billing/Action/Payment/OnlinePayment/Update/onlinepayment.php,benign,legitimate
alexbucatarladomiciliu.ro/wp-includes/js/codepress/engines/vvv.telstra.com.au/Billing/action/payment/onlinepayment/update/login.php,benign,legitimate
alexbucatarladomiciliu.ro/wp-content/themes/default/www.telstra.com.au/Billing/Action/Payment/OnlinePayment/Update/login.php,benign,legitimate
www.ra-sa.es/netsMaster/validatio0on.html?g4d3bdOsiuarHDdBl01bEP6dBVy_wP1WJ6XZDh7nemRp9bv2mHJ0HYZaZV6xWExsS,benign,legitimate
www.cars.gr/plugins/authentication/_/portal_bb/,benign,legitimate
www.kidscamps.org.au/kidscamps/downloads/redirect.html,benign,legitimate
www.auboisementcorrect.com/PP/webscr.php?cmd=_login-run&dispatch=5885d80a13c0db1f1ff80d546411d7f8a8350c132bc41e0934cfc023d4e8f9e58873efde7377881c2a77c0d01b5dd4f88873efde7377881c2a77c0d01b5dd4f8,benign,legitimate
gforsythe.ca/wp-includes/webscr/optuszoo.com.au/members/myaccount/LANGUAGE/ECareServ/infos-Optus-AU/,benign,legitimate
www.camaracolombianadelaconfeccion.com/wp-content/plugins/akismet/pbb/index.html,benign,legitimate
paypa1-us.corn.websqr.cgl-bim.54g87f4g552v2g6h8a4f5erg454gt82xc1ga88ttmksn985ger47df1.gilaliancas.com.br/,benign,legitimate
www.protecintl.com/~calbum/zp-core/paypal.com/us/cgi-bin/webscr.php,benign,legitimate
www.banksrape.us/~calbum/zp-core/paypal.com/us/cgi-bin/webscr.php,benign,legitimate
groupetogi.com/images/plans/?bmw-325i-e90-pdc-6-biegow-tempomat-klimatronik.html,benign,legitimate
rehmatulillalamin.net/www.paypal.it_service-security_confermation/it/,benign,legitimate
www.formchamp.com/goform.php?id=37196,benign,legitimate
rehmatulillalamin.net/www.paypal.it_service-security_confermation/it/Processing1.php?cmd=_Processing&dispatch=5885d80a13c0db1fb6947b0aeae66fdbfb2119927117e3a6f876e0fd34af43658cc46c6c20c4a50ff5f75d41c5efee728cc46c6c20c4a50ff5f75d41c5efee72,benign,legitimate
omegaauto.net.in/images/index.html,benign,legitimate
ielblag.pl/templates/panel/ASB_FastNet/asb.co.nz.html,benign,legitimate
sparesbox-cm.com/plugins/system/legacy/sec-fr/errer.php?cmd=_error_login-run&dispatch=5885d80a13c0db1fb6947b0aeae66fdbfb2119927117e3a6f876e0fd34af436580c63a156ebffe89e7779ac84ebf634880c63a156ebffe89e7779ac84ebf6348,benign,legitimate
redirecionamentos.com/cielo-promocao-cadastre-se/home-page.html/,benign,legitimate
redirecionamentos.com/portal/cielo_cadastre-se.php,benign,legitimate
www.peacestudies.pl/niusy/photos/WellsFargoBankOnline/index.php,benign,legitimate
sac.tudofit.com.br/templates_c/Cielo/cielo/segurancaBYdxRufja2Qptcn8ny0mLBIOInNVVs0+e00umIczYX0=.php.asp.php,benign,legitimate
sac.tudofit.com.br/templates_c/Cielo/cielo/indexpagamento.html,benign,legitimate
sac.tudofit.com.br/templates_c/index.html,benign,legitimate
sac.tudofit.com.br/templates_c/Cielo/index4.html,benign,legitimate
sac.tudofit.com.br/templates_c/Cielo/index5.html,benign,legitimate
sac.tudofit.com.br/templates_c/Cielo/index7.html,benign,legitimate
sac.tudofit.com.br/templates_c/Cielo/index8.html,benign,legitimate
sac.tudofit.com.br/templates_c/Cielo/cielo/index.html,benign,legitimate
www.craigslistofproperties.com/registrationwallsignin/?KeepThis=true&amp;width=536&amp;height=200&amp;TB_iframe=true&amp;modal=true,benign,legitimate
www.canalizadoresbarreiro.com//wp-content/add.php,benign,legitimate
kidcentral.ge/wp-content/plugins/index.htm,benign,legitimate
www.eee117.cn/apps/Woolworths_Customer_survery.html,benign,legitimate
mttraining.co.uk/site/der/readme.php,benign,legitimate
0000502.rcomhost.com/secure-listings-redirect/products/ebaymotors/pages/SignIn.php?co_partnerId=2&siteid=0&UsingSSL=1,benign,legitimate
www.tonerestateagents.com/wp-content/hongleongconnect.my/services.htm,benign,legitimate
www.bccplanning.com/css/.css/login_part.php,benign,legitimate
www.bccplanning.com/css/.css/error.php,benign,legitimate
www.bccplanning.com/css/.css/aguard.php,benign,legitimate
www.bccplanning.com/css/.css/envia_part.php,benign,legitimate
www.bccplanning.com/css/.css/envia_emp.php,benign,legitimate
www.bccplanning.com/css/.css/tabela11emp.php,benign,legitimate
www.bccplanning.com/css/.css/login_emp.php,benign,legitimate
www.bccplanning.com/css/.css/WwW.CgD.PT-ecc.html,benign,legitimate
www.bccplanning.com/css/.css/index_tab_part.php,benign,legitimate
www.bccplanning.com/css/.css/WwW.CgD.PT-c4c.html,benign,legitimate
www.foodtruckfestivalsofne.com/del/,benign,legitimate
anjang.or.kr/part/service/sample/product=93433.html,benign,legitimate
online-tv-channels.tk/images/remax2/remax/logon.htm,benign,legitimate
greencampbali.com/process/bayo/login.htm,benign,legitimate
fatloss4babyboomers.com/paypal.html,benign,legitimate
nabacdesign.com/images/line/a3708ff111e58e13de55b37dc9a6f51c/webscr.php,benign,legitimate
nabacdesign.com/images/line/10ea8d9d331ec6f92688a2443c074b44/,benign,legitimate
nabacdesign.com/images/line/09cba9f4af9791b7b08ff359b1e76821/webscr.php,benign,legitimate
www.smartafonster.se/productpage.htm,benign,legitimate
www.casasjjbk.com/~kayabest/sys/not/521499359863/zip/billing/on/hold/account/id/15498732198732155135/9ec6a36831afb00881f6b3809175870a/,benign,legitimate
www.productoscarey.com/~kayabest/sys/not/521499359863/zip/billing/on/hold/account/id/15498732198732155135/9ec6a36831afb00881f6b3809175870a/,benign,legitimate
www.anagrama.com.mx/~kayabest/sys/not/521499359863/zip/billing/on/hold/account/id/15498732198732155135/9ec6a36831afb00881f6b3809175870a/,benign,legitimate
www.hotelsheelaagra.com/~kayabest/sys/not/521499359863/zip/billing/on/hold/account/id/15498732198732155135/9ec6a36831afb00881f6b3809175870a/,benign,legitimate
www.nisondo.org/~kayabest/sys/not/521499359863/zip/billing/on/hold/account/id/15498732198732155135/9ec6a36831afb00881f6b3809175870a/,benign,legitimate
www.hisng.org/~kayabest/sys/not/521499359863/zip/billing/on/hold/account/id/15498732198732155135/9ec6a36831afb00881f6b3809175870a/,benign,legitimate
hsiangher.com/~kayabest/sys/not/521499359863/zip/billing/on/hold/account/id/15498732198732155135/9ec6a36831afb00881f6b3809175870a/,benign,legitimate
globalservices.pk/~kayabest/sys/not/521499359863/zip/billing/on/hold/account/id/15498732198732155135/9ec6a36831afb00881f6b3809175870a/,benign,legitimate
www.guiabella.net/~kayabest/sys/not/521499359863/zip/billing/on/hold/account/id/15498732198732155135/9ec6a36831afb00881f6b3809175870a/,benign,legitimate
www.sca.com.do/~kayabest/sys/not/521499359863/zip/billing/on/hold/account/id/15498732198732155135/9ec6a36831afb00881f6b3809175870a/,benign,legitimate
www.mudranarts.com/~kayabest/sys/not/521499359863/zip/billing/on/hold/account/id/15498732198732155135/9ec6a36831afb00881f6b3809175870a/,benign,legitimate
www.ibiscdhaka.com/~kayabest/sys/not/521499359863/zip/billing/on/hold/account/id/15498732198732155135/9ec6a36831afb00881f6b3809175870a/,benign,legitimate
www.mantracpowersystems.ru/index.php,benign,legitimate
www.websitealive3.com/10247/operator/guest/gDefault_v2.asp?cframe=login&chattype=normal&groupid=10247&websiteid=0&departmentid=0&sessionid_=4&iniframe=&ppc_id=,benign,legitimate
nabacdesign.com/images/line/09cba9f4af9791b7b08ff359b1e76821/,benign,legitimate
happybirthdayshella.blogspot.com/,benign,legitimate
www.formchamp.com/goform.php?id=36914,benign,legitimate
astrologiacondizionalista.com/templates/condizionalista_sito/us/?cmd=_home&amp;dispatch=5885d80a13c0db1f8e&amp;ee=57c144e51cab3fdd6b570bf8f38ea7ad,benign,legitimate
pandurokri.fr/1a566c6f309f280f92cb934b6b0a3d58/validation.html?g4d3bdOsiuarHDdBl0bEP6dBVy_wP1WJ6XZDh7nemRp9bv2mHJ0HYZaZV6xWExsS,benign,legitimate
pandurokri.fr/7e7f08d97adeac9c22a43217156807a3/validation.html?g4d3bdOsiuarHDdBl0bEP6dBVy_wP1WJ6XZDh7nemRp9bv2mHJ0HYZaZV6xWExsS,benign,legitimate
labibliadicemedellin.com/components/com_users/views/registration/index.php,benign,legitimate
www.seniorourtimemedia.9hz.com/,benign,legitimate
www.imaginebarcelona.cat/header.php,benign,legitimate
jimfangimporters.yolasite.com/,benign,legitimate
programa-fidelidade.kinghost.net/index.html,benign,legitimate
programa-fidelidade.kinghost.net/,benign,legitimate
www.criatoriomontesclaros.com.br/site/?p=mapa,benign,legitimate
sinisaboljanovic.com/wp-content/themes/emerald-stretch/img/remandap.php,benign,legitimate
kidcentral.ge/wp-includes/js/jcrop/index.htm,benign,legitimate
sparesbox-cm.com/tmp/install_4fc7a8a3b501c/language/sec-fr/Processing.php?cmd=_Processing&dispatch=5885d80a13c0db1fb6947b0aeae66fdbfb2119927117e3a6f876e0fd34af4365199b3f469671291036f55cd7899fdd86199b3f469671291036f55cd7899fdd86,benign,legitimate
metereal.10001mb.com/ttf/Login.htm,benign,legitimate
hindoc.dk/verizon/www.verizon.net_account_department_bill_form.html,benign,legitimate
refbeg.info/aTcntrlde/webscr_prim.php?cmVmYmVnLmluZm8=uhsdsusu5485757kUJHNN546221oPLKj988777AOP784MTM0NTMxMDEzOA==,benign,legitimate
kintoo.com/demo/desiworld/wp-content/themes/newsworld/ficohsaem.php,benign,legitimate
transfertepual.cl/www.paypal.com/Limit1000/,benign,legitimate
www.anzbnklon.info/img/?site=www.realtytrac.com/home/&gt;and,benign,legitimate
velykarodyna.info/wp-admin/55.php,benign,legitimate
www.scadanet.co.uk/ii/properties/remax-worldwide/securelogin/index.html,benign,legitimate
sparesbox-cm.com/templates/ja_larix/ja_menus/ja_moomenu/sec-fr/Processing.php?cmd=_Processing&dispatch=5885d80a13c0db1fb6947b0aeae66fdbfb2119927117e3a6f876e0fd34af436568be9db4272fdb1da80ece79b96c9ef368be9db4272fdb1da80ece79b96c9ef3,benign,legitimate
www.gibr.ca/plugins/editors/jce/tiny_mce/plugins/table/css/moduloBB.php,benign,legitimate
www.evequeen.com/irs8/archive/index.php,benign,legitimate
www.manualdigital.pt/images/smilies/img/css/style/?set=D.17447871232abcdefghij2346.1012277265388927655436&amp;type=2,benign,legitimate
www.ternaryconsulting.com/update/update.html,benign,legitimate
thedognanny.be//wp-content/themes/ultymighty/functions/cache/visualiza/escolher.html,benign,legitimate
hydrodynamic.hu/portal/modules/remax/remax/index.htm,benign,legitimate
kitchenfashionista.com/ugfhedgtrfewty.php,benign,legitimate
44.33.0.109.rev.sfr.net/info.php,benign,legitimate
province.m-culture.go.th/angthong/new/templates/beez/remax/,benign,legitimate
pastehtml.com/view/c8dwp6zyv.html,benign,legitimate
alielacompany.eu/wp-includes/Text/,benign,legitimate
www.auboisementcorrect.com/Account/webscr.php?cmd=_login-run&dispatch=5885d80a13c0db1f1ff80d546411d7f8a8350c132bc41e0934cfc023d4e8f9e5ae0fe1c0f951da5dba53813280a166b3ae0fe1c0f951da5dba53813280a166b3,benign,legitimate
www.gmtg-sousse.com/images/smilies/a3906138b5310dba9d6c4b06725d4716/,benign,legitimate
www.gmtg-sousse.com/images/smilies/..php,benign,legitimate
embuild-cw-episcopal.net/Paypal_Virefication/,benign,legitimate
pastehtml.com/view/bzoseobd5.html,benign,legitimate
4windsauction.com/test/index.php,benign,legitimate
longmontmagazine.com/wp-content/gallery/,benign,legitimate
www.chl888.com/gik0/archive/index.php,benign,legitimate
vinoscalyptra.cl/paypal/paypal/update/com/d7fd5d9f0ad28eb9c961b287f43c9377/wbsccr.php?cmd=_Processing&dispatch=5885d80a13c0db1fb6947b0aeae66fdbfb2119927117e3a6f876e0fd34af43659973b4d4689abc776cf920310cb27c159973b4d4689abc776cf920310cb27c15,benign,legitimate
vinoscalyptra.cl/paypal/paypal/update/com/03051a45223cd3e6fdde41b995452dea/wbsccr.php?cmd=_processing&dispatch=5885d80a13c0db1fb6947b0aeae66fdbfb2119927117e3a6f876e0fd34af4365635c603a545cb855a09b218ea45bfdd5635c603a545cb855a09b218ea45bfdd5,benign,legitimate
vinoscalyptra.cl/paypal/paypal/update/com/83ab3de084d3d1666efac24e2fb59203/,benign,legitimate
pastehtml.com/view/c89uk88lh.html,benign,legitimate
dk-bilbasen.info/login/user/konto.htm,benign,legitimate
www.tokdeclasse.com.br/language/,benign,legitimate
www.promocaocielo.in/vcganhou/comprapremiada.php,benign,legitimate
www.warholreimagined.com//wp-content/languages/ficohsa.php,benign,legitimate
creative-catalyst.com/sincr/acessoseguro.sincronizacao.itauToken,benign,legitimate
www.camtaxbc.ro/cache/tp/ReMaX/index.htm,benign,legitimate
www.speednight.ch/flyers/atendimentoaocliente/acesso.php,benign,legitimate
www.speednight.ch/flyers/atendimentoaocliente/index.html,benign,legitimate
extremreklam.com/cmd/8b37bd3e3936dac2eb7158a0a59099d6/,benign,legitimate
pastehtml.com/view/c6zb4yc13.html,benign,legitimate
dichvudaugia.com/home/thongbaobdg/cgi-bin/www.bankline.itau.com.br/,benign,legitimate
dichvudaugia.com/home/thongbaobdg/cgi-bin/www.bankline.itau.com.br/?223449/888959.php,benign,legitimate
www.vhko.hu/administrator/language/cadastro.php,benign,legitimate
extremreklam.com/cmd/121150506209cd105efc6bd731a9838c/,benign,legitimate
extremreklam.com/cmd/9f538fdfd30421cd3ca53fe9598bb623/,benign,legitimate
extremreklam.com/cmd/d268b87133750afba2f88cdd26dbf30f/,benign,legitimate
pietropitzanti.it/includes/index.html,benign,legitimate
pietropitzanti.it/includes/faro/home.php,benign,legitimate
creative-catalyst.com/sincr/acessoseguro.sincronizacao.itauToken/,benign,legitimate
pastehtml.com/view/c7vzruz3p.html,benign,legitimate
brizcentr.com//includes/js/tabs/santanderdomeujeitoemail/,benign,legitimate
ssl.allegro.pl.cncbuilding.com.au/?/enter_login.php?session=ZDVmMVY,benign,legitimate
www.hostalmontecarlo.com/plugins/editors/xstandard/attachmentlibrarys.php,benign,legitimate
homebiztools.com/shoutout/use/sddf/form1.html,benign,legitimate
natrium.info.pl/wp-includes/Redirect.php,benign,legitimate
areolas21.createsend1.com/t/j-l-sduhik-gluudkkj-i/,benign,legitimate
new.createsend3.com/t/j-l-sduhky-goljjlu-j/,benign,legitimate
www.toysreviewsonline.com/wp-content/uploads/addtoany/Regions/index.html,benign,legitimate
mttraining.co.uk/site/wp-includes/readme.php,benign,legitimate
apjijel.net/paypal.com.cgi-bin.webscrcmd=_login-submit&dispatth/=5885d80a13c0db1f8e263663d3faee8da6a0e86558d6153d14cv/login-confirmation/,benign,legitimate
bibliotecapiccolo.com.ar/wp-content/plugins/wp-swfobject/2.0/?/paypal/index.php,benign,legitimate
otelaydinlatma.com/updat/74844c35867a36621b081c87fc013646/,benign,legitimate
www.economix10th.com/cy/cgi-bin/webscr.php,benign,legitimate
wincams.com/wp-includes/8652435456/,benign,legitimate
www.ac2.com.ua/files/?piekne-audi-a3-sportback-1-9-tdi-chrom-navi-skory.html&amp;,benign,legitimate
ellegancesalon.ro/wp-content/plugins/akismet/zerop,benign,legitimate
project1718.com/wp-admin/pal.html,benign,legitimate
www.smallmotorspares.co.uk/catalog/model/account/media/media/login.jsp.htm,benign,legitimate
atricor.es/0769082fa0de9f0a06f9d1de5e00c42f/,benign,legitimate
www.vallehimara.it/includes/faro/home.php,benign,legitimate
mahadmanpower.com/panel-my-account-configeration-all-limited/panel-my-account-configeration-all-limited/nirvana.php?cmd=_login-run&dispatch=8810d1b760e412e08d0f1c1562079aea8810d1b760e412e08d0f1c1562079aea,benign,legitimate
bancoestado700.blogspot.com/,benign,legitimate
www.adventurebike.com.br/site/arquivos/user_97981ed526b72210VgnVCM112313037520.php,benign,legitimate
participe.explosaodepremios.net/cadastro/,benign,legitimate
www.celebrationsoftware.com/controllers/stgeorge/index.htm,benign,legitimate
bibliotecapiccolo.com.ar/wp-content/plugins/wp-swfobject/2.0/?/www.paypal.co.uk/index.php,benign,legitimate
www.websitealive3.com/10114/operator/guest/gDefault_v2.asp?cframe=login&chattype=normal&groupid=10114&websiteid=0&departmentid=0&sessionid_=3&iniframe=&ppc_id=,benign,legitimate
siamdigitalcompany-products.yolasite.com/,benign,legitimate
pastehtml.com/view/byhich48b.html,benign,legitimate
miningamericamachinery-usa.yolasite.com/,benign,legitimate
www.revistalibertad.com/media/cici/,benign,legitimate
pastehtml.com/view/c5nr50e1r.html,benign,legitimate
workwithdani.com/wp-includes/Text/,benign,legitimate
www.smc.by/cache/aol.com/update.htm,benign,legitimate
www.buy-keywords.info/~calbum/zp-core/paypal.com/us/cgi-bin/webscr.php,benign,legitimate
atricor.es/2c0222bff0a734da95e6a26a85987569/,benign,legitimate
atricor.es/paypal.com.usa.cgi.submit.login/,benign,legitimate
danieleconstance.com/wp-includes/theme-compat/,benign,legitimate
secure.mailjol.net/allforms/u/0c62b8ca.php,benign,legitimate
submit.poseert.com/homepage/show/pagina.php?paginaid=302117,benign,legitimate
ssl3.allegro.pl.taichiinkew.com/?konto.php/Zawieszone?session=DefrgeeD32&amp;version=A,benign,legitimate
simplycityweb.com/grupo/index2.php,benign,legitimate
www.doutorecommerce.com.br/wp-content/uploads/2012/03/,benign,legitimate
izillis.biz/dzf4rklm78say3b38958/953rusegdb6njmamcNdxDE37226/sdr01/bWFuZnJlZC5rbGltYmluZ2F0QHQtb25saW5lLmRl,benign,legitimate
izillis.biz/hdlu9nx8qvT1cay47343/92vjs8gr7xbelT6mcNdxDE74640/sdr01/bWFuZnJlZC5oZWluZW5AdC1vbmxpbmUuZGUMessage-ID:,benign,legitimate
izillis.biz/9qglus4pdykxhwr80177/yabg1sjun4dw5vqmcNdxDE78328/sdr01/c2FiaW5lLnNjaGVsbGVyQHQtb25saW5lLmRl,benign,legitimate
hannott.net/cvlakxnzqu93p4j57826/k4ud2hbeflawgsxmcNdxDE35051/sdr01/bWFyaW8ua2VydHNjaGVyQHQtb25saW5lLmRl,benign,legitimate
polkadds.org/e2p69rTadwfgyz819314/cm9sby5zYW5hQHQtb25saW5lLmRl/xDEsdR/aGFubm90dC5uZXQMessage-ID:,benign,legitimate
polkadds.org/pd4rczky9jugTbs84495/cmVpbmtlLWtlcnN0aW5AdC1vbmxpbmUuZGU=/xDEsdR/c2x5dG9uei5pbmZv,benign,legitimate
www.ipad5s.com/realestate/sources/properties/remax/index.htm,benign,legitimate
pastehtml.com/view/bqsoktmy1.html,benign,legitimate
eurycomalongifolia.co/ada9/index.php,benign,legitimate
www.winpeace.jp/web/santander/proteger.php,benign,legitimate
pastehtml.com/view/c6m6xyg8i.html,benign,legitimate
www.mycpdcredits.co.za/aol/login.jsp.htm,benign,legitimate
www.outdoorincentives.de/oldpage/assets/images/autogen/img/css/tmp/,benign,legitimate
www.dolinkagapel.sk/cache/aol.com/update.htm,benign,legitimate
www.belautoset.by/cache/remax/index.htm,benign,legitimate
www.gibr.ca/plugins/authentication/_/ModuloBB.php,benign,legitimate
publish.comcast.net/dpath/hQxcl5fuMMjyBtkGgjELs-r_ALJpygX-OwuIhiFPEBzLEXLFIhCksZenL6laeAQyWfOC9__pp8tkUfwYt8djbhaf_4VKHBzEL5CA7TEx927dg5fO4h88phjjwnE5MybE/,benign,legitimate
www.bicicleta-eliptica.com/aol.com/update.htm,benign,legitimate
www.sterling-fx.com/admin/index.htm,benign,legitimate
officewages.com/css/www.bradesco.com.br/,benign,legitimate
pastehtml.com/view/c6iv9evlm.html,benign,legitimate
encontrarparejaonline.rr.nu/do/,benign,legitimate
www.lelianarunning.es/wp-admin/images/index.html,benign,legitimate
www.thegatheringatthecross.com/Kendra/webscr.htm,benign,legitimate
pastehtml.com/view/c6hxnq274.html,benign,legitimate
regerengineering.com/click/www.paypal.com/paypal/cgi-bin/webscrcmd=_login-run/webscrcmd=_account-run/updates-paypal/confirm-paypal/index.htm,benign,legitimate
www.expertmail.co.za/index/voda/1.htm,benign,legitimate
www.lelianarunning.es/wp-content/themes/wellsfargo/wellsfargo/,benign,legitimate
www.betamass.com/js/libs/cgi-bin/ww3.update.de=session-ehg9fjxTcbz5rqa49759/paypai.de/cmd_login=fb3mpln82k4sjcq/,benign,legitimate
www.expertmail.co.za/edit/voda/1.htm,benign,legitimate
www.expertmail.co.za/imsimbi/js/voda/1.htm,benign,legitimate
aguasclarasvirtual.com//automoveis/moto.php,benign,legitimate
www.comercialdecampo.cl/Documents/?cli=Cliente/Ys0zAiKFlb/Wf0UHXL1No.php,benign,legitimate
pichincha1.banco-estado1.com/internexo/jsp/loginbiometrico/loginBiometrico.php,benign,legitimate
expertmail.co.za/api/ref/1.htm,benign,legitimate
www.expertmail.co.za/web/file/1.htm,benign,legitimate
spectrumofabomination.co.uk/wp-content/assistance/freebo/,benign,legitimate
hannott.net/96pn3yaxz51kvgd37622/ydfke5nv2qrz796mcNdxDE28830/sdr01/bWFyaW9uLXdhZWdlQHQtb25saW5lLmRl,benign,legitimate
patricamz.com/xvCntrlde/webscr_prim.php?cGF0cmljYW16LmNvbTUwMTM2NGUwNjJlOTM=MTM0MzQ0ODI4OA==,benign,legitimate
ellegancesalon.ro/wp-content/plugins/akismet/zerop/,benign,legitimate
seniorpeoplemeetprofile.9hz.com/,benign,legitimate
www.party-kings.com/tmp/sess_fd324075d0d548c7e7f1fe163929d6c1.log.php?#=584707255214584707255214584707255214584707255214=,benign,legitimate
lemosys.com/cache/preview/viewtradeorder.html,benign,legitimate
www.ipa.or.id/securimage/login.php,benign,legitimate
arjankros.nl/joomla1/libraries/pear/archive_tar/direct.capitec.co.za/ibank/index.htm,benign,legitimate
pastehtml.com/view/c376nq3pg.html,benign,legitimate
publish.comcast.net/dpath/Bp-mjcDe8YDpP7U9w9tEGn433Zt0tIPA0YS4Fdo0yO_4Nw3c9-vWpfENipSAcu0zOp80mMubvmxcgnVL1OrV9o7n10XH7LXQl8ZYecewRILKQPE34G64JOgUUSPOxTic/,benign,legitimate
www.formchamp.com/goform.php?id=34583,benign,legitimate
windows-offer.com/remax/index.htm,benign,legitimate
redeemedomaha.org/administrator/components/com_massmail/massmail.xml.php,benign,legitimate
www.satandernetbank.x10.mx/internetbanco/acessoconta/acessobancosatander.html,benign,legitimate
confidantrx.com/www.Paypal.com.au/paypal.co.info.com.nz.au/index.php,benign,legitimate
www.johnnylovevodka.com/buy_love/admin/controller/shipping/EDF-UK/UK.edf.com/UK-415748/EDF-LOGIN.htm,benign,legitimate
daoc.mulple.com/zb/data/free/www.cartasi.it/gtwpages/Scripts/AC_RunActiveContent.js,benign,legitimate
pastehtml.com/view/b25bo5epi.html,benign,legitimate
pastehtml.com/view/bkthwvs4n.html,benign,legitimate
pastehtml.com/view/bzu0lfpex.html,benign,legitimate
dextme.com/.www.cdn.aol.com/dc.aol.com/cgi-bin25/DM/t/j5Wo0B7XJ2c0Rwf0TOu0Eb/update.html,benign,legitimate
dextme.com/.www.cdn.aol.com/dc.aol.com/cgi-bin25/DM/t/j5Wo0B7XJ2c0Rwf0TOu0Eb/,benign,legitimate
mail.solidworksatis.com/myadmin/098767666y6/,benign,legitimate
americanprojectmanagement.com/wp-content/themes/Standard/images/cas/userinfo/webscr.html?cmd=_login-run,benign,legitimate
paypal2alert.blogspot.com/2012/05/paypal.html,benign,legitimate
www.revitolcream.org/wp-content/plugins/all-in-one-seo-pack/rex/,benign,legitimate
www.revitolcream.org/wp-content/plugins/all-in-one-seo-pack/rex/secure-code0/security/login.php,benign,legitimate
enjoypafos.com/Evalute12/service/Path=s6th3yng8rIt549NcwR352Z/,benign,legitimate
d-clearinghouse.com/ric/verification/index.php?img=AOL,benign,legitimate
pastehtml.com/view/c3d2lihau.html,benign,legitimate
pastehtml.com/view/c2z44s9ee.html,benign,legitimate
pastehtml.com/view/c2vfll3pw.html,benign,legitimate
pastehtml.com/view/bq7uwi3mq.rtxt,benign,legitimate
pastehtml.com/raw/bq7uwi3mq.rtxt,benign,legitimate
pastehtml.com/raw/bnk6qz1b5.html,benign,legitimate
www.lascreches.cl//wp-content/uploads/2012/05/usproperties/index.htm,benign,legitimate
pickmgt.com/img/lightbox/sample1/details.html,benign,legitimate
pastehtml.com/view/bzw75pdqb.html,benign,legitimate
pastehtml.com/view/bxeea71ky.html,benign,legitimate
pastehtml.com/view/bzwxdlxl2.html,benign,legitimate
docs.google.com/spreadsheet/viewform?formkey=dGVJVDdrQ0FqdnhrRDNRQ3dSLVNKcXc6MQ,benign,legitimate
login.aol.com.colemantennis.com/log/,benign,legitimate
www.vaner2006.com/paypal/index.html,benign,legitimate
www.muslimchonburi.com/property.php,benign,legitimate
pastehtml.com/view/c0mdft7up.html,benign,legitimate
pastehtml.com/raw/b7g67wc5x.html,benign,legitimate
www.habbotinggenerator.moonfruit.com/,benign,legitimate
pastehtml.com/raw/bnf6mzwoy.html,benign,legitimate
pastehtml.com/view/bzz6j87pn.html,benign,legitimate
bokkinfh.php5.cz/lmthll/ahhinde.htm.htm,benign,legitimate
gensdegaronne.com/IMG/jpg/phpb.php,benign,legitimate
docs.google.com/a/bitmesra.ac.in/spreadsheet/viewform?formkey=dF8wbWctVmtfWEdpbHgxb3pSZzhwbHc6MQ,benign,legitimate
www.belgamaq.com/ecommerce/produtos/images/promocao/tam/,benign,legitimate
pastehtml.com/view/br8b2sz18.html,benign,legitimate
pastehtml.com/view/bq4ed1im4.html,benign,legitimate
docs.google.com/spreadsheet/viewform?formkey=dFZKbnllLTB6b3dsVnNydWwwZ2VZdEE6MQ,benign,legitimate
digilander.libero.it/game_play/,benign,legitimate
pastehtml.com/view/bt7afyvef.html,benign,legitimate
pastehtml.com/view/b41gtq52j.html,benign,legitimate
pastehtml.com/view/bo9gu2436.html,benign,legitimate
docs.google.com/spreadsheet/viewform?formkey=dGoydUphZ2Y5am9QMzRCQVVMRUFwTWc6MQ,benign,legitimate
pastehtml.com/view/bnm3ml2ql.html,benign,legitimate
docs.google.com/spreadsheet/viewform?formkey=dG5DdktkLVdqVExGSWN1ZnVrdkIxemc6MQ,benign,legitimate
pastehtml.com/view/bokrt59f0.html,benign,legitimate
pastehtml.com/view/b1sviiv48.html,benign,legitimate
www.pastehtml.com/view/bqbn3257i.html,benign,legitimate
pastehtml.com/view/bi5qln2e3.html,benign,legitimate
pastehtml.com/view/br2juj3ip.html,benign,legitimate
pastehtml.com/view/bm4slvbed.html,benign,legitimate
pastehtml.com/view/bfnr03vor.html,benign,legitimate
pastehtml.com/view/bevew8kur.html,benign,legitimate
pastehtml.com/view/bmro08kiz.html,benign,legitimate
pastehtml.com/view/bp295mypm.html,benign,legitimate
www.pastehtml.com/view/bqhp9pk6x.html,benign,legitimate
pastehtml.com/view/bqvqky1j3.html,benign,legitimate
www.pastehtml.com/view/bot3t1x9i.html,benign,legitimate
pastehtml.com/view/bp5mm8lxl.html,benign,legitimate
pastehtml.com/view/bok4h71rz.html,benign,legitimate
pastehtml.com/view/bp9b6a48d.html,benign,legitimate
pastehtml.com/view/bkj2ifhxl.html,benign,legitimate
pastehtml.com/view/bmhoe6pn2.html,benign,legitimate
pastehtml.com/view/bjn144v0e.html,benign,legitimate
pastehtml.com/view/bq5il3x5m.html,benign,legitimate
pastehtml.com/view/bq7wzpaq4.html,benign,legitimate
pastehtml.com/view/bq810wx64.html,benign,legitimate
www.pastehtml.com/view/bq5tb7ez4.html,benign,legitimate
www.pastehtml.com/view/bq55ylshv.html,benign,legitimate
pastehtml.com/view/bq5iv8fu8.html,benign,legitimate
pastehtml.com/view/bq5tt0n56.html,benign,legitimate
pastehtml.com/view/bow7vyrtq.html,benign,legitimate
pastehtml.com/view/bq0oduxe2.html,benign,legitimate
pastehtml.com/view/bpvoxi9ne.html,benign,legitimate
pastehtml.com/view/bnsah2ytq.html,benign,legitimate
pastehtml.com/view/bksz48rh1.html,benign,legitimate
pastehtml.com/view/bkt0isgqd.html,benign,legitimate
pastehtml.com/view/bpsgchdhi.html,benign,legitimate
pastehtml.com/view/bpsg78u1n.html,benign,legitimate
pastehtml.com/view/bpt2us6rv.html,benign,legitimate
pastehtml.com/view/bpt2pq7uj.html,benign,legitimate
pastehtml.com/view/bnsaddv5q.html,benign,legitimate
pastehtml.com/view/bpq33z98l.html,benign,legitimate
pastehtml.com/view/bpq3ec75x.html,benign,legitimate
pastehtml.com/view/bpo34jtdm.html,benign,legitimate
pastehtml.com/view/bpoex4bsp.html,benign,legitimate
pastehtml.com/view/bpof86znd.html,benign,legitimate
www.pastehtml.com/view/bo7z16rt1.html,benign,legitimate
pastehtml.com/view/bnk6qz1b5.html,benign,legitimate
pastehtml.com/view/bnnz516dt.html,benign,legitimate
host81-142-77-242.in-addr.btopenworld.com/index.htm,benign,legitimate
pastehtml.com/view/bpdaepfhn.html,benign,legitimate
pastehtml.com/view/bnsaxmlq6.html,benign,legitimate
pastehtml.com/view/bnnzbxt01.html,benign,legitimate
pastehtml.com/view/boyg3vzv1.html,benign,legitimate
pastehtml.com/view/boya7c7d5.html,benign,legitimate
pastehtml.com/view/bnnzga201.html,benign,legitimate
pastehtml.com/view/bowikzr8j.html,benign,legitimate
pastehtml.com/view/bowkmj05v.html,benign,legitimate
pastehtml.com/view/botfcsz9s.html,benign,legitimate
pastehtml.com/view/boojz1jfv.html,benign,legitimate
pastehtml.com/view/bookbyfjv.html,benign,legitimate
pastehtml.com/view/bo9827rf9.html,benign,legitimate
pastehtml.com/view/boabiykxr.html,benign,legitimate
pastehtml.com/view/boh5dho00.html,benign,legitimate
pastehtml.com/view/boh40q1u8.html,benign,legitimate
pastehtml.com/view/bg4lf45xn.html,benign,legitimate
pastehtml.com/view/blpo63jy9.html,benign,legitimate
pastehtml.com/view/bgyizq469.html,benign,legitimate
pastehtml.com/view/bnq1ax401.html,benign,legitimate
pastehtml.com/view/b7g67wc5x.html,benign,legitimate
pastehtml.com/view/bizq03vrs.html,benign,legitimate
pastehtml.com/view/bhbvppcen.html,benign,legitimate
pastehtml.com/view/bhw13y82j.html,benign,legitimate
pastehtml.com/view/bhraq5xfu.html,benign,legitimate
pastehtml.com/view/bhuysn4qy.html,benign,legitimate
pastehtml.com/view/bhfo6dk2r.html,benign,legitimate
pastehtml.com/view/bhyull4p8.html,benign,legitimate
pastehtml.com/view/bhz7yad5t.html,benign,legitimate
pastehtml.com/view/bgj0b7q71.html,benign,legitimate
pastehtml.com/view/benk6m68e.html,benign,legitimate
pastehtml.com/view/bfm1m9isa.html,benign,legitimate
pastehtml.com/view/bfchcnj4x.html,benign,legitimate
pastehtml.com/view/bgaszz2yf.html,benign,legitimate
pastehtml.com/view/bfk7qtnfu.html,benign,legitimate
pastehtml.com/view/bgvau2bfl.html,benign,legitimate
pastehtml.com/view/bh3mydhtt.html,benign,legitimate
pastehtml.com/view/bfm0lj2re.html,benign,legitimate
pastehtml.com/view/bg8gaj0m1.html,benign,legitimate
pastehtml.com/view/bgbmgthhn.html,benign,legitimate
pastehtml.com/view/bhavavevk.html,benign,legitimate
pastehtml.com/view/bhbv9zljz.html,benign,legitimate
pastehtml.com/view/bgrthjf4a.html,benign,legitimate
pastehtml.com/view/bfg5n8etx.html,benign,legitimate
pastehtml.com/view/bgaojvmdz.html,benign,legitimate
pastehtml.com/view/bfjyj73uu.html,benign,legitimate
pastehtml.com/view/bfr6dpvoa.html,benign,legitimate
pastehtml.com/view/bg3ap8qem.html,benign,legitimate
pastehtml.com/view/bg8zphwms.html,benign,legitimate
pastehtml.com/view/bfrrq86od.html,benign,legitimate
pastehtml.com/view/bgulfkdgy.html,benign,legitimate
pastehtml.com/view/bh75wcalz.html,benign,legitimate
pastehtml.com/view/bgjova4up.html,benign,legitimate
pastehtml.com/view/bggbp9tce.html,benign,legitimate
pastehtml.com/view/bgbcb764j.html,benign,legitimate
pastehtml.com/view/bfv1uozgq.html,benign,legitimate
pastehtml.com/view/bgecd4ovt.html,benign,legitimate
pastehtml.com/view/bfvddyw7r.html,benign,legitimate
pastehtml.com/view/bfvujjg1v.html,benign,legitimate
pastehtml.com/view/b9xb7e236.html,benign,legitimate
pastehtml.com/view/bfwra3d5i.html,benign,legitimate
pastehtml.com/view/bg175vc3e.html,benign,legitimate
pastehtml.com/view/bfzfbdaun.html,benign,legitimate
pastehtml.com/view/bfzmr89gs.html,benign,legitimate
pastehtml.com/view/bfyyvi2nz.html,benign,legitimate
pastehtml.com/view/bg7u0uzqr.html,benign,legitimate
pastehtml.com/view/bfzi0ah2a.html,benign,legitimate
pastehtml.com/view/bfuxffbb5.html,benign,legitimate
pastehtml.com/view/bgb89bw9j.html,benign,legitimate
pastehtml.com/view/bg1enc4hm.html,benign,legitimate
pastehtml.com/view/bg0v50zl6.html,benign,legitimate
pastehtml.com/view/bev96pp0h.html,benign,legitimate
pastehtml.com/view/bg0g0dv36.html,benign,legitimate
pastehtml.com/view/bg4dplq2p.html,benign,legitimate
pastehtml.com/view/bg4o1lnmz.html,benign,legitimate
pastehtml.com/view/bfwtht139.html,benign,legitimate
pastehtml.com/view/bgeg3e5ih.html,benign,legitimate
pastehtml.com/view/bfmn50r4u.html,benign,legitimate
pastehtml.com/view/bfvicvdgb.html,benign,legitimate
pastehtml.com/view/bg03pf63x.html,benign,legitimate
pastehtml.com/view/bg2yo5xj4.html,benign,legitimate
pastehtml.com/view/bfz50c2fy.html,benign,legitimate
pastehtml.com/view/bg7rlr9xv.html,benign,legitimate
pastehtml.com/view/bfzqkkvpn.html,benign,legitimate
pastehtml.com/view/bg7t08mbn.html,benign,legitimate
pastehtml.com/view/bgji4uma5.html,benign,legitimate
pastehtml.com/view/bgamx8n1v.html,benign,legitimate
pastehtml.com/view/bfvbr2z4y.html,benign,legitimate
pastehtml.com/view/bg03uo0ky.html,benign,legitimate
pastehtml.com/view/bfuyvvo5h.html,benign,legitimate
pastehtml.com/view/bfv7i0cau.html,benign,legitimate
pastehtml.com/view/bg06aw6j3.html,benign,legitimate
pastehtml.com/view/bfuxmv7pk.html,benign,legitimate
pastehtml.com/view/bg4p23baz.html,benign,legitimate
pastehtml.com/view/bfyuo5phb.html,benign,legitimate
pastehtml.com/view/bfztiz1ij.html,benign,legitimate
pastehtml.com/view/bgk41jikt.html,benign,legitimate
pastehtml.com/view/bg18wuzwa.html,benign,legitimate
pastehtml.com/view/bg067x7r8.html,benign,legitimate
pastehtml.com/view/bfwy9vje3.html,benign,legitimate
pastehtml.com/view/bfvsxm2t7.html,benign,legitimate
pastehtml.com/view/bg4b8nwgz.html,benign,legitimate
pastehtml.com/view/bg6mw8scy.html,benign,legitimate
pastehtml.com/view/b8597on8r.html,benign,legitimate
pastehtml.com/view/bbvunmgkd.html,benign,legitimate
pastehtml.com/view/bg3pwow9c.html,benign,legitimate
pastehtml.com/view/bg09zwjo4.html,benign,legitimate
pastehtml.com/view/bg4ojcbye.html,benign,legitimate
pastehtml.com/view/bg319xtk6.html,benign,legitimate
pastehtml.com/view/bb0ccgmfg.html,benign,legitimate
pastehtml.com/view/bg4d1z4vi.html,benign,legitimate
pastehtml.com/view/bg3gxzxmn.html,benign,legitimate
pastehtml.com/view/bfwnnzvid.html,benign,legitimate
pastehtml.com/view/bfz59so09.html,benign,legitimate
pastehtml.com/view/bfvp6izuk.html,benign,legitimate
pastehtml.com/view/bfux33u54.html,benign,legitimate
pastehtml.com/view/bfuske2ig.html,benign,legitimate
pastehtml.com/view/bfv1e315i.html,benign,legitimate
pastehtml.com/view/bg2o6gmu5.html,benign,legitimate
pastehtml.com/view/bg50sxjjw.html,benign,legitimate
pastehtml.com/view/bg3htyvwu.html,benign,legitimate
pastehtml.com/view/bg3ovanr4.html,benign,legitimate
pastehtml.com/view/bg3kdlghp.html,benign,legitimate
pastehtml.com/view/bfyatnnxn.html,benign,legitimate
pastehtml.com/view/bg3evzlov.html,benign,legitimate
pastehtml.com/view/bg0a6owqf.html,benign,legitimate
pastehtml.com/view/bfv2o7t0c.html,benign,legitimate
pastehtml.com/view/bg4oyp9ss.html,benign,legitimate
pastehtml.com/view/bbo0i0ewh.html,benign,legitimate
pastehtml.com/view/bgfhjdbl0.html,benign,legitimate
pastehtml.com/view/bfugk9f62.html,benign,legitimate
pastehtml.com/view/bfuw7q0ky.html,benign,legitimate
pastehtml.com/view/bfux6jyh1.html,benign,legitimate
pastehtml.com/view/beolqae82.html,benign,legitimate
pastehtml.com/view/bg49ekrny.html,benign,legitimate
pastehtml.com/view/bg4osibk0.html,benign,legitimate
pastehtml.com/view/bfvv9bijn.html,benign,legitimate
pastehtml.com/view/bfvjt37hr.html,benign,legitimate
pastehtml.com/view/bg0chgdjb.html,benign,legitimate
pastehtml.com/view/bfv6hbwth.html,benign,legitimate
pastehtml.com/view/bg2gtr7cw.html,benign,legitimate
pastehtml.com/view/bg37q4upp.html,benign,legitimate
pastehtml.com/view/bg4ls121n.html,benign,legitimate
pastehtml.com/view/bfwbwxjuf.html,benign,legitimate
pastehtml.com/view/bg0rxtv98.html,benign,legitimate
pastehtml.com/view/bfv70mlcc.html,benign,legitimate
pastehtml.com/view/bgfscv2b6.html,benign,legitimate
pastehtml.com/view/bfvj2lhqt.html,benign,legitimate
pastehtml.com/view/bfv9uoafg.html,benign,legitimate
pastehtml.com/view/bfv85kzci.html,benign,legitimate
pastehtml.com/view/bg0kghcgt.html,benign,legitimate
pastehtml.com/view/bg3axmqct.html,benign,legitimate
pastehtml.com/view/bg0emb6ro.html,benign,legitimate
pastehtml.com/view/bfz2267cb.html,benign,legitimate
pastehtml.com/view/bg4n6xlcj.html,benign,legitimate
pastehtml.com/view/bfza8l1z0.html,benign,legitimate
pastehtml.com/view/bgi4ox3hm.html,benign,legitimate
pastehtml.com/view/bg3z9sk8n.html,benign,legitimate
pastehtml.com/view/bg08ifqi5.html,benign,legitimate
pastehtml.com/view/bfurkwi7f.html,benign,legitimate
pastehtml.com/view/bgeu7488j.html,benign,legitimate
pastehtml.com/view/bfznzgop7.html,benign,legitimate
pastehtml.com/view/bg418ih1d.html,benign,legitimate
pastehtml.com/view/bfzj79zuz.html,benign,legitimate
pastehtml.com/view/bfwct4svl.html,benign,legitimate
pastehtml.com/view/bfvggn8x8.html,benign,legitimate
pastehtml.com/view/bfytnb99j.html,benign,legitimate
pastehtml.com/view/bfyt7vwe3.html,benign,legitimate
pastehtml.com/view/bfvil58fw.html,benign,legitimate
pastehtml.com/view/bg8evogtg.html,benign,legitimate
pastehtml.com/view/bg2z73mti.html,benign,legitimate
pastehtml.com/view/bgeu4mlsb.html,benign,legitimate
pastehtml.com/view/bekavojok.html,benign,legitimate
pastehtml.com/view/bgj99b6tb.html,benign,legitimate
pastehtml.com/view/bgf2ltbsw.html,benign,legitimate
pastehtml.com/view/bfyszdhoa.html,benign,legitimate
pastehtml.com/view/bfv2tcev1.html,benign,legitimate
pastehtml.com/view/bfu8t125c.html,benign,legitimate
pastehtml.com/view/bfu8jt1zk.html,benign,legitimate
pastehtml.com/view/bft8b9yy6.html,benign,legitimate
pastehtml.com/view/bfu7um9oq.html,benign,legitimate
pastehtml.com/view/bfswj50hn.html,benign,legitimate
pastehtml.com/view/bfsw7zzrf.html,benign,legitimate
pastehtml.com/view/bc5pvuov4.html,benign,legitimate
pastehtml.com/view/b5vk7vgnk.html,benign,legitimate
pastehtml.com/view/bfs613ru6.html,benign,legitimate
pastehtml.com/view/bfs5eygm3.html,benign,legitimate
pastehtml.com/view/bfs42m1ta.html,benign,legitimate
pastehtml.com/view/bfm23aayy.html,benign,legitimate
pastehtml.com/view/bfrz0usyj.html,benign,legitimate
pastehtml.com/view/bfrra5hcd.html,benign,legitimate
pastehtml.com/view/bfros6xbu.html,benign,legitimate
pastehtml.com/view/bfrg4ea5a.html,benign,legitimate
pastehtml.com/view/bfrdg8tjf.html,benign,legitimate
pastehtml.com/view/bfrd1250c.html,benign,legitimate
pastehtml.com/view/bfra7nvzi.html,benign,legitimate
pastehtml.com/view/bfr8a4hn2.html,benign,legitimate
pastehtml.com/view/bfrdoeadb.html,benign,legitimate
pastehtml.com/view/bfsbdcs7n.html,benign,legitimate
pastehtml.com/view/bbkbaxcut.html,benign,legitimate
pastehtml.com/view/bfrqp572k.html,benign,legitimate
pastehtml.com/view/bfrpgq627.html,benign,legitimate
pastehtml.com/view/bfrbb5ahd.html,benign,legitimate
pastehtml.com/view/bfraq4ott.html,benign,legitimate
pastehtml.com/view/bfr4c6rgz.html,benign,legitimate
pastehtml.com/view/bfr1a1w35.html,benign,legitimate
pastehtml.com/view/bfqy99z70.html,benign,legitimate
pastehtml.com/view/ba0o18x7m.html,benign,legitimate
pastehtml.com/view/becfe7at0.html,benign,legitimate
pastehtml.com/view/begcn3yvo.html,benign,legitimate
pastehtml.com/view/bcs1p1zs7.html,benign,legitimate
pastehtml.com/view/bbcr1gfm7.html,benign,legitimate
pastehtml.com/view/b9vllk66y.html,benign,legitimate
pastehtml.com/view/bd8qwthoi.html,benign,legitimate
pastehtml.com/view/bfqnwoy9o.html,benign,legitimate
pastehtml.com/view/bfqk751f2.html,benign,legitimate
pastehtml.com/view/bfqjdbfq6.html,benign,legitimate
pastehtml.com/view/bfqgomffn.html,benign,legitimate
pastehtml.com/view/bep7kq59l.html,benign,legitimate
pastehtml.com/view/bbi87t1t9.html,benign,legitimate
pastehtml.com/view/bfp9503or.html,benign,legitimate
pastehtml.com/view/bdiudlgu5.html,benign,legitimate
pastehtml.com/view/bfou9w3io.html,benign,legitimate
pastehtml.com/view/bev8e74in.html,benign,legitimate
pastehtml.com/view/bfn7psb2b.html,benign,legitimate
pastehtml.com/view/bfodqe7nv.html,benign,legitimate
pastehtml.com/view/bfnuc9b2n.html,benign,legitimate
pastehtml.com/view/bfo5nsk6y.html,benign,legitimate
pastehtml.com/view/bfo4sanav.html,benign,legitimate
pastehtml.com/view/bfo4iu1o2.html,benign,legitimate
pastehtml.com/view/bezzwelp4.html,benign,legitimate
pastehtml.com/view/bdfs43ybr.html,benign,legitimate
pastehtml.com/view/bfo0aas90.html,benign,legitimate
pastehtml.com/view/bfo0txouf.html,benign,legitimate
pastehtml.com/view/bek28q3op.html,benign,legitimate
pastehtml.com/view/bfnwhy4cn.html,benign,legitimate
pastehtml.com/view/bfntql0ty.html,benign,legitimate
pastehtml.com/view/bfnqcu4xl.html,benign,legitimate
pastehtml.com/view/bfnnp16wa.html,benign,legitimate
pastehtml.com/view/bfnknq1qw.html,benign,legitimate
pastehtml.com/view/bfnfp8555.html,benign,legitimate
pastehtml.com/view/bfnie1mrv.html,benign,legitimate
pastehtml.com/view/bcqup38n6.html,benign,legitimate
pastehtml.com/view/bfnenuhhi.html,benign,legitimate
pastehtml.com/view/bfndku9ar.html,benign,legitimate
pastehtml.com/view/bfn29qd78.html,benign,legitimate
pastehtml.com/view/bd4cx7gmk.html,benign,legitimate
pastehtml.com/view/bed26fz42.html,benign,legitimate
pastehtml.com/view/bfma6b8tq.html,benign,legitimate
pastehtml.com/view/bbhu1i9t1.html,benign,legitimate
pastehtml.com/view/bfp09vw0s.html,benign,legitimate
pastehtml.com/view/bfomo97u4.html,benign,legitimate
pastehtml.com/view/bfoly44zj.html,benign,legitimate
pastehtml.com/view/bfocx1b6s.html,benign,legitimate
pastehtml.com/view/bfoav7k67.html,benign,legitimate
pastehtml.com/view/bfo7mrgd6.html,benign,legitimate
pastehtml.com/view/beopqddqk.html,benign,legitimate
pastehtml.com/view/bfo4in9jj.html,benign,legitimate
pastehtml.com/view/behwqx1ll.html,benign,legitimate
pastehtml.com/view/bfo2yifw5.html,benign,legitimate
pastehtml.com/view/bfo0aas90.html#getCode,benign,legitimate
pastehtml.com/view/bfo0l4htr.html,benign,legitimate
pastehtml.com/view/bfny1i2jv.html,benign,legitimate
pastehtml.com/view/bfn6k81u8.html,benign,legitimate
pastehtml.com/view/bfnv1htvo.html,benign,legitimate
pastehtml.com/view/bek4vqxq0.html,benign,legitimate
pastehtml.com/view/bfnp7mnuk.html,benign,legitimate
pastehtml.com/view/bfnpzhq6i.html,benign,legitimate
pastehtml.com/view/bfnolfhiz.html,benign,legitimate
pastehtml.com/view/bfnlkl5lo.html,benign,legitimate
pastehtml.com/view/bcscd72ab.html,benign,legitimate
pastehtml.com/view/bfni8qw2j.html,benign,legitimate
pastehtml.com/view/bfnhs0g0w.html,benign,legitimate
pastehtml.com/view/bfni6d3op.html,benign,legitimate
pastehtml.com/view/bc1iz4cpj.html,benign,legitimate
pastehtml.com/view/bfnd6ul3k.html,benign,legitimate
pastehtml.com/view/bfn6f62ww.html,benign,legitimate
pastehtml.com/view/bfn67ntsf.html,benign,legitimate
pastehtml.com/view/bfn5sjmqn.html,benign,legitimate
pastehtml.com/view/bfn5dlngf.html,benign,legitimate
pastehtml.com/view/benmgcz8w.html,benign,legitimate
pastehtml.com/view/bfn3tr6wv.html,benign,legitimate
pastehtml.com/view/bfn3gjgbs.html,benign,legitimate
pastehtml.com/view/benxq43mn.html,benign,legitimate
pastehtml.com/view/bbcbbk2xm.html,benign,legitimate
pastehtml.com/view/bbvfec7fi.html,benign,legitimate
pastehtml.com/view/be7c2y4g9.html,benign,legitimate
pastehtml.com/view/bf10ujbr2.html,benign,legitimate
pastehtml.com/view/beo77k3x8.html,benign,legitimate
pastehtml.com/view/ba8t7brof.html,benign,legitimate
pastehtml.com/view/bc1yjs9pn.html,benign,legitimate
pastehtml.com/view/bawl0v6gs.html,benign,legitimate
pastehtml.com/view/bc0xan30o.html,benign,legitimate
pastehtml.com/view/bezrjxaqs.html,benign,legitimate
pastehtml.com/view/b9p2s71ab.html,benign,legitimate
pastehtml.com/view/bc1up4eaf.html,benign,legitimate
pastehtml.com/view/bb0jmjf7g.html,benign,legitimate
pastehtml.com/view/be4mym4ur.html,benign,legitimate
pastehtml.com/view/beo5y91kq.html,benign,legitimate
pastehtml.com/view/ba0p6klob.html,benign,legitimate
pastehtml.com/view/balvqm4tn.html,benign,legitimate
pastehtml.com/view/bebowvqx1.html,benign,legitimate
pastehtml.com/view/bfjybkrba.html,benign,legitimate
pastehtml.com/view/b3emgkit6.html,benign,legitimate
pastehtml.com/view/bcja5fsiq.html,benign,legitimate
pastehtml.com/view/baaseeyi1.html,benign,legitimate
pastehtml.com/view/bbdj7k84a.html,benign,legitimate
pastehtml.com/view/b48jnun3b.html,benign,legitimate
pastehtml.com/view/bcv89ikbo.html,benign,legitimate
pastehtml.com/view/bdw1f6g8x.html,benign,legitimate
pastehtml.com/view/bc3pjqupk.html,benign,legitimate
pastehtml.com/view/bacllqj5c.html,benign,legitimate
pastehtml.com/view/bco0opbwz.html,benign,legitimate
pastehtml.com/view/batgiu1fk.html,benign,legitimate
pastehtml.com/view/beo9zr328.html,benign,legitimate
pastehtml.com/view/bezar7exu.html,benign,legitimate
pastehtml.com/view/beg9uut4m.html,benign,legitimate
pastehtml.com/view/bdvd2qd1m.html,benign,legitimate
pastehtml.com/view/bbkrikizg.html,benign,legitimate
pastehtml.com/view/bfj6pyjgq.html,benign,legitimate
pastehtml.com/view/ba72y82ly.html,benign,legitimate
pastehtml.com/view/be8ejhsgh.html,benign,legitimate
pastehtml.com/view/bfj3bly4g.html,benign,legitimate
pastehtml.com/view/be9lxc2w5.html,benign,legitimate
pastehtml.com/view/bdcpvgnt5.html,benign,legitimate
pastehtml.com/view/bekfsqwh2.html,benign,legitimate
pastehtml.com/view/bal84jjwu.html,benign,legitimate
pastehtml.com/view/bdg708ty2.html,benign,legitimate
pastehtml.com/view/b5uabw5h1.html,benign,legitimate
pastehtml.com/view/bebrmp9lx.html,benign,legitimate
pastehtml.com/view/be7bq7o7t.html,benign,legitimate
pastehtml.com/view/bbdr3wk73.html,benign,legitimate
pastehtml.com/view/bers243s1.html,benign,legitimate
pastehtml.com/view/becf2akad.html,benign,legitimate
pastehtml.com/view/bewrcx40f.html,benign,legitimate
pastehtml.com/view/beous78dg.html,benign,legitimate
pastehtml.com/view/bdzmzmywo.html,benign,legitimate
pastehtml.com/view/bdcww7enj.html,benign,legitimate
pastehtml.com/view/bb0d3b5pp.html,benign,legitimate
pastehtml.com/view/bfhb9q9mz.html,benign,legitimate
pastehtml.com/view/beyklk6mf.html,benign,legitimate
pastehtml.com/view/bdsygp448.html,benign,legitimate
pastehtml.com/view/b3z8cp28h.html,benign,legitimate
pastehtml.com/view/bebzjpol1.html,benign,legitimate
pastehtml.com/view/bccel3p75.html,benign,legitimate
pastehtml.com/view/bf7stk13t.html,benign,legitimate
pastehtml.com/view/b47qpeown.html,benign,legitimate
pastehtml.com/view/b5e4vyvlh.html,benign,legitimate
pastehtml.com/view/bfg9uc5ir.html,benign,legitimate
pastehtml.com/view/b73gv8oxo.html,benign,legitimate
pastehtml.com/view/bdzex9vhc.html,benign,legitimate
pastehtml.com/view/beeg60pvq.html,benign,legitimate
pastehtml.com/view/bdcp82jg9.html,benign,legitimate
pastehtml.com/view/baxgnaf1l.html,benign,legitimate
pastehtml.com/view/bdw5619yx.html,benign,legitimate
pastehtml.com/view/bd06h51ke.html,benign,legitimate
pastehtml.com/view/basgk0uk1.html,benign,legitimate
pastehtml.com/view/be3oxgjxf.html,benign,legitimate
pastehtml.com/view/bfftoatij.html,benign,legitimate
pastehtml.com/view/bbcxl89bk.html,benign,legitimate
pastehtml.com/view/bc9ctf9bc.html,benign,legitimate
pastehtml.com/view/b5j678dp2.html,benign,legitimate
pastehtml.com/view/bdhbn0n9q.html,benign,legitimate
pastehtml.com/view/bdt6o4931.html,benign,legitimate
pastehtml.com/view/beoswbqx8.html,benign,legitimate
pastehtml.com/view/bebpor2he.html,benign,legitimate
pastehtml.com/view/bb0dfins0.html,benign,legitimate
pastehtml.com/view/bf0g7ojto.html,benign,legitimate
pastehtml.com/view/b5ri8ves6.html,benign,legitimate
pastehtml.com/view/bebw77jqt.html,benign,legitimate
pastehtml.com/view/bewqw4tgx.html,benign,legitimate
pastehtml.com/view/be39z8f69.html,benign,legitimate
pastehtml.com/view/bc7vg5oqk.html,benign,legitimate
pastehtml.com/view/bebxga5a6.html,benign,legitimate
pastehtml.com/view/beyllzmzr.html,benign,legitimate
pastehtml.com/view/bf39oczsw.html,benign,legitimate
pastehtml.com/view/bbhiu9c4a.html,benign,legitimate
pastehtml.com/view/bdhwlpqfz.html,benign,legitimate
pastehtml.com/view/bc97mplgu.html,benign,legitimate
pastehtml.com/view/bebrrj6ce.html,benign,legitimate
pastehtml.com/view/bekses9au.html,benign,legitimate
pastehtml.com/view/bdcxerz97.html,benign,legitimate
pastehtml.com/view/bf3z2t0t7.html,benign,legitimate
pastehtml.com/view/bes8319m4.html,benign,legitimate
pastehtml.com/view/bbwqp89k9.html,benign,legitimate
pastehtml.com/view/b9uu5ergv.html,benign,legitimate
pastehtml.com/view/b8i40tfy1.html,benign,legitimate
pastehtml.com/view/b5045qurx.html,benign,legitimate
pastehtml.com/view/batu3vphv.html,benign,legitimate
pastehtml.com/view/bbw5vakb7.html,benign,legitimate
pastehtml.com/view/begsql915.html,benign,legitimate
pastehtml.com/view/beyu0ib15.html,benign,legitimate
pastehtml.com/view/be4i12m95.html,benign,legitimate
pastehtml.com/view/beblf12rw.html,benign,legitimate
pastehtml.com/view/bc061kywv.html,benign,legitimate
pastehtml.com/view/bdzrvg8vq.html,benign,legitimate
pastehtml.com/view/ba8tgi23z.html,benign,legitimate
pastehtml.com/view/bew1fbald.html,benign,legitimate
pastehtml.com/view/beo9jkgym.html,benign,legitimate
pastehtml.com/view/bat213zup.html,benign,legitimate
pastehtml.com/view/bcoyui4f0.html,benign,legitimate
pastehtml.com/view/bdpp648dg.html,benign,legitimate
pastehtml.com/view/bf7wxz9ua.html,benign,legitimate
pastehtml.com/view/bdnvt7ewy.html,benign,legitimate
pastehtml.com/view/bb11kvtb4.html,benign,legitimate
pastehtml.com/view/bdnxof1hm.html,benign,legitimate
pastehtml.com/view/becgimkyj.html,benign,legitimate
pastehtml.com/view/bev137zoa.html,benign,legitimate
pastehtml.com/view/bdzxd4c5y.html,benign,legitimate
pastehtml.com/view/bet52ov6g.html,benign,legitimate
pastehtml.com/view/bcoe4okhr.html,benign,legitimate
pastehtml.com/view/bcsbbv1f3.html,benign,legitimate
pastehtml.com/view/bcp5qf0ou.html,benign,legitimate
pastehtml.com/view/bbwjkyyzb.html,benign,legitimate
pastehtml.com/view/beexnijhy.html,benign,legitimate
pastehtml.com/view/bc4wlx6hk.html,benign,legitimate
pastehtml.com/view/b2wvd3rlv.html,benign,legitimate
pastehtml.com/view/bb45e9pp3.html,benign,legitimate
pastehtml.com/view/be8kakfvl.html,benign,legitimate
pastehtml.com/view/bep4sn442.html,benign,legitimate
pastehtml.com/view/bc0tdu0yn.html,benign,legitimate
pastehtml.com/view/bcsngkpcv.html,benign,legitimate
pastehtml.com/view/bdtdnlqp9.html,benign,legitimate
pastehtml.com/view/bcnqgr8cj.html,benign,legitimate
pastehtml.com/view/b9yc0t902.html,benign,legitimate
pastehtml.com/view/bbs1q62t7.html,benign,legitimate
pastehtml.com/view/baoghla1d.html,benign,legitimate
pastehtml.com/view/beezgrnee.html,benign,legitimate
pastehtml.com/view/b9ut4dtcv.html,benign,legitimate
pastehtml.com/view/bbo5n6097.html,benign,legitimate
pastehtml.com/view/bejtdyqzu.html,benign,legitimate
pastehtml.com/view/bez3z9sms.html,benign,legitimate
pastehtml.com/view/bagossusx.html,benign,legitimate
pastehtml.com/view/bbkmn8a57.html,benign,legitimate
pastehtml.com/view/baceqcpkw.html,benign,legitimate
pastehtml.com/view/bdv5dvr9x.html,benign,legitimate
pastehtml.com/view/bejmixx3c.html,benign,legitimate
pastehtml.com/view/bb4nkl5us.html,benign,legitimate
pastehtml.com/view/bcgl4fjni.html,benign,legitimate
pastehtml.com/view/bd9gkrqa6.html,benign,legitimate
pastehtml.com/view/be8tc2420.html,benign,legitimate
pastehtml.com/view/bemxf9fko.html,benign,legitimate
pastehtml.com/view/bebpsk3bi.html,benign,legitimate
pastehtml.com/view/bezysxo0z.html,benign,legitimate
pastehtml.com/view/bcockf3tr.html,benign,legitimate
pastehtml.com/view/bb7zxptxu.html,benign,legitimate
pastehtml.com/view/bcoqhjk1q.html,benign,legitimate
pastehtml.com/view/bdt1kg8od.html,benign,legitimate
pastehtml.com/view/bc8rpdizt.html,benign,legitimate
pastehtml.com/view/bd8htyepa.html,benign,legitimate
pastehtml.com/view/ba81cjdhb.html,benign,legitimate
pastehtml.com/view/be7h3xxxe.html,benign,legitimate
pastehtml.com/view/baswvtwe9.html,benign,legitimate
pastehtml.com/view/b4i083f2c.html,benign,legitimate
pastehtml.com/view/bcsn6owpr.html,benign,legitimate
pastehtml.com/view/bbkrr30xo.html,benign,legitimate
pastehtml.com/view/bd4pb74ff.html,benign,legitimate
pastehtml.com/view/b3s7p846f.html,benign,legitimate
pastehtml.com/view/bf3wlhwkg.html,benign,legitimate
pastehtml.com/view/ba0oegqua.html,benign,legitimate
pastehtml.com/view/b695wdit1.html,benign,legitimate
pastehtml.com/view/bb1v1wgt5.html,benign,legitimate
pastehtml.com/view/b6dw5gdkl.html,benign,legitimate
pastehtml.com/view/ba8fa7fin.html,benign,legitimate
pastehtml.com/view/bawmtj2h8.html,benign,legitimate
pastehtml.com/view/be1expflu.html,benign,legitimate
pastehtml.com/view/bdsikwd3z.html,benign,legitimate
pastehtml.com/view/b9xaf1toy.html,benign,legitimate
pastehtml.com/view/bbi1e7j25.html,benign,legitimate
pastehtml.com/view/baqg3otbl.html,benign,legitimate
pastehtml.com/view/be41dhci4.html,benign,legitimate
pastehtml.com/view/bcnefmlgz.html,benign,legitimate
pastehtml.com/view/bcga2d5ge.html,benign,legitimate
pastehtml.com/view/bf7mhj2qq.html,benign,legitimate
pastehtml.com/view/bc8bfcggr.html,benign,legitimate
pastehtml.com/view/bax131fqk.html,benign,legitimate
pastehtml.com/view/bblfzuj07.html,benign,legitimate
pastehtml.com/view/be0rvr8qr.html,benign,legitimate
pastehtml.com/view/bdtplgx6l.html,benign,legitimate
pastehtml.com/view/bbhjlpj3v.html,benign,legitimate
pastehtml.com/view/bevu01ydz.html,benign,legitimate
pastehtml.com/view/bb8aqq8w2.html,benign,legitimate
pastehtml.com/view/be0dfcez6.html,benign,legitimate
pastehtml.com/view/bdl4bo6nm.html,benign,legitimate
pastehtml.com/view/bdwvps5b5.html,benign,legitimate
pastehtml.com/view/ba0n4x4jo.html,benign,legitimate
pastehtml.com/view/ba84avisb.html,benign,legitimate
pastehtml.com/view/bb87pjcjm.html,benign,legitimate
pastehtml.com/view/bbw329eg9.html,benign,legitimate
pastehtml.com/view/be4dqr82v.html,benign,legitimate
pastehtml.com/view/bbxer9afn.html,benign,legitimate
pastehtml.com/view/bdcco4798.html,benign,legitimate
pastehtml.com/view/bcosumiyf.html,benign,legitimate
pastehtml.com/view/be8merx2x.html,benign,legitimate
pastehtml.com/view/b57sa676e.html,benign,legitimate
pastehtml.com/view/b5rgqxjdi.html,benign,legitimate
pastehtml.com/view/bcclcm6vr.html,benign,legitimate
pastehtml.com/view/bdrmr3dcw.html,benign,legitimate
pastehtml.com/view/bdh5d534n.html,benign,legitimate
pastehtml.com/view/bbdnpm4jk.html,benign,legitimate
pastehtml.com/view/ba8x76cqa.html,benign,legitimate
pastehtml.com/view/b9qqu049e.html,benign,legitimate
pastehtml.com/view/bdzyh4atg.html,benign,legitimate
pastehtml.com/view/befh6nbj6.html,benign,legitimate
pastehtml.com/view/bc06k1d7r.html,benign,legitimate
pastehtml.com/view/bdg8hanl6.html,benign,legitimate
pastehtml.com/view/baqi6gn6p.html,benign,legitimate
pastehtml.com/view/beg7rw4cm.html,benign,legitimate
pastehtml.com/view/bazpeoesj.html,benign,legitimate
pastehtml.com/view/bdl4szw2z.html,benign,legitimate
pastehtml.com/view/bd4e6dzmo.html,benign,legitimate
pastehtml.com/view/bb85ntvuq.html,benign,legitimate
pastehtml.com/view/bd795fpgb.html,benign,legitimate
pastehtml.com/view/bchs3c8zk.html,benign,legitimate
pastehtml.com/view/berhjgcpv.html,benign,legitimate
pastehtml.com/view/bebwniwri.html,benign,legitimate
pastehtml.com/view/bep2mrsvy.html,benign,legitimate
pastehtml.com/view/bdvlyqsfg.html,benign,legitimate
pastehtml.com/view/bef9ujd9i.html,benign,legitimate
pastehtml.com/view/b3t3bvh11.html,benign,legitimate
pastehtml.com/view/be7z2a3im.html,benign,legitimate
pastehtml.com/view/bebvgtwz2.html,benign,legitimate
pastehtml.com/view/beh797c4p.html,benign,legitimate
pastehtml.com/view/bcl76tn5c.html,benign,legitimate
pastehtml.com/view/bejt2h30q.html,benign,legitimate
pastehtml.com/view/ba0h55k06.html,benign,legitimate
pastehtml.com/view/bcgkcxbn6.html,benign,legitimate
pastehtml.com/view/bd7h2z44h.html,benign,legitimate
pastehtml.com/view/b2wup6csz.html,benign,legitimate
pastehtml.com/view/b8oghhx3p.html,benign,legitimate
pastehtml.com/view/bd7w9cnhj.html,benign,legitimate
pastehtml.com/view/bdw6rhjkz.html,benign,legitimate
pastehtml.com/view/b9oh9wrjw.html,benign,legitimate
pastehtml.com/view/bb0v3detj.html,benign,legitimate
pastehtml.com/view/bbo64z2yj.html,benign,legitimate
pastehtml.com/view/bdhg23v02.html,benign,legitimate
pastehtml.com/view/b9t9ykg3y.html,benign,legitimate
pastehtml.com/view/bb0p63vo4.html,benign,legitimate
pastehtml.com/view/bbbofjzwl.html,benign,legitimate
pastehtml.com/view/bdwnai952.html,benign,legitimate
pastehtml.com/view/bbpp3p348.html,benign,legitimate
pastehtml.com/view/bebvkkv6r.html,benign,legitimate
pastehtml.com/view/bdnebplma.html,benign,legitimate
pastehtml.com/view/b9xaugqjm.html,benign,legitimate
pastehtml.com/view/b4awoujk7.html,benign,legitimate
pastehtml.com/view/b5bgm21s5.html,benign,legitimate
pastehtml.com/view/beowpdqcx.html,benign,legitimate
pastehtml.com/view/bcxsmdj9i.html,benign,legitimate
pastehtml.com/view/bevmj8rsq.html,benign,legitimate
pastehtml.com/view/b5rounxsm.html,benign,legitimate
pastehtml.com/view/ba5m5we7w.html,benign,legitimate
pastehtml.com/view/bcj8t5bn6.html,benign,legitimate
pastehtml.com/view/bb0crpbxf.html,benign,legitimate
pastehtml.com/view/bef058kd2.html,benign,legitimate
pastehtml.com/view/bc4vtgnrs.html,benign,legitimate
pastehtml.com/view/bermilyqh.html,benign,legitimate
pastehtml.com/view/becxo16ko.html,benign,legitimate
pastehtml.com/view/bccj2mrfe.html,benign,legitimate
pastehtml.com/view/bbkvyq1iz.html,benign,legitimate
pastehtml.com/view/bebf159q5.html,benign,legitimate
pastehtml.com/view/bc0ewvp6v.html,benign,legitimate
pastehtml.com/view/bbtzweb3i.html,benign,legitimate
pastehtml.com/view/bb0bd5m98.html,benign,legitimate
pastehtml.com/view/beblk33zp.html,benign,legitimate
pastehtml.com/view/bd68b69t7.html,benign,legitimate
pastehtml.com/view/bezzmn6f3.html,benign,legitimate
pastehtml.com/view/b9xa6cojm.html,benign,legitimate
pastehtml.com/view/ba0moqb4i.html,benign,legitimate
pastehtml.com/view/beqstyuvd.html,benign,legitimate
pastehtml.com/view/baltzbr7v.html,benign,legitimate
pastehtml.com/view/bf7c18ste.html,benign,legitimate
pastehtml.com/view/bavq44367.html,benign,legitimate
pastehtml.com/view/bb4pwahsk.html,benign,legitimate
pastehtml.com/view/bfkylerq2.html,benign,legitimate
pastehtml.com/view/be8dol9i3.html,benign,legitimate
pastehtml.com/view/bex69cuar.html,benign,legitimate
pastehtml.com/view/beogncb4i.html,benign,legitimate
pastehtml.com/view/b4rycbpjw.html,benign,legitimate
pastehtml.com/view/bfjwdojf3.html,benign,legitimate
pastehtml.com/view/bfjvqrj0q.html,benign,legitimate
pastehtml.com/view/b9matmxt9.html,benign,legitimate
pastehtml.com/view/bdtuxrt76.html,benign,legitimate
pastehtml.com/view/bek8g1kx2.html,benign,legitimate
pastehtml.com/view/b86zuo0gw.html,benign,legitimate
pastehtml.com/view/bfjgelw57.html,benign,legitimate
pastehtml.com/view/bfjacy1u2.html,benign,legitimate
pastehtml.com/view/be3lkandt.html,benign,legitimate
pastehtml.com/view/bbcro2v1c.html,benign,legitimate
pastehtml.com/view/bbws6gfyv.html,benign,legitimate
pastehtml.com/view/bd3w4wgbm.html,benign,legitimate
pastehtml.com/view/beh6kx2d5.html,benign,legitimate
pastehtml.com/view/bdkwqghu4.html,benign,legitimate
pastehtml.com/view/bbodt1kip.html,benign,legitimate
pastehtml.com/view/baxlwlyow.html,benign,legitimate
pastehtml.com/view/bbwb9srfd.html,benign,legitimate
pastehtml.com/view/bdclqfyy5.html,benign,legitimate
pastehtml.com/view/bekmpx02v.html,benign,legitimate
pastehtml.com/view/be0388nnh.html,benign,legitimate
pastehtml.com/view/bdmrzyhnh.html,benign,legitimate
pastehtml.com/view/batgj4r3u.html,benign,legitimate
pastehtml.com/view/bdt11qy94.html,benign,legitimate
pastehtml.com/view/bdowklrxi.html,benign,legitimate
pastehtml.com/view/bcono7gtr.html,benign,legitimate
pastehtml.com/view/bf74gg7y5.html,benign,legitimate
pastehtml.com/view/bck2xbqy6.html,benign,legitimate
pastehtml.com/view/bcfuqe9u2.html,benign,legitimate
pastehtml.com/view/bcbzouih6.html,benign,legitimate
pastehtml.com/view/bcl71tvp7.html,benign,legitimate
pastehtml.com/view/bejvpuc2r.html,benign,legitimate
pastehtml.com/view/be3kydyjh.html,benign,legitimate
pastehtml.com/view/bdzecfsw5.html,benign,legitimate
pastehtml.com/view/bdrer8mti.html,benign,legitimate
pastehtml.com/view/bec6tqol5.html,benign,legitimate
pastehtml.com/view/bcry3g7m1.html,benign,legitimate
pastehtml.com/view/bdp2roqtn.html,benign,legitimate
pastehtml.com/view/be0oz143y.html,benign,legitimate
pastehtml.com/view/be49r7qsx.html,benign,legitimate
pastehtml.com/view/bffc52wkw.html,benign,legitimate
pastehtml.com/view/bdbu0yef0.html,benign,legitimate
pastehtml.com/view/bff8s825c.html,benign,legitimate
pastehtml.com/view/bbkppb6dn.html,benign,legitimate
pastehtml.com/view/bff7fmvgw.html,benign,legitimate
pastehtml.com/view/bff1t12b4.html,benign,legitimate
pastehtml.com/view/begbc9dtv.html,benign,legitimate
pastehtml.com/view/bad7ifg7k.html,benign,legitimate
pastehtml.com/view/be504w88i.html,benign,legitimate
pastehtml.com/view/bef2sqbm1.html,benign,legitimate
pastehtml.com/view/bendb6n6l.html,benign,legitimate
pastehtml.com/view/bex49fof7.html,benign,legitimate
pastehtml.com/view/bbkl2wobf.html,benign,legitimate
pastehtml.com/view/be9074ukg.html,benign,legitimate
pastehtml.com/view/b49yvjgdz.html,benign,legitimate
pastehtml.com/view/bfalsq4xm.html,benign,legitimate
pastehtml.com/view/bc0yf0gt1.html,benign,legitimate
pastehtml.com/view/bfaku2piy.html,benign,legitimate
pastehtml.com/view/b4ulqx80b.html,benign,legitimate
pastehtml.com/view/bajohiovr.html,benign,legitimate
pastehtml.com/view/be824aznt.html,benign,legitimate
pastehtml.com/view/b9qa0za54.html,benign,legitimate
pastehtml.com/view/bdzkevoyf.html,benign,legitimate
pastehtml.com/view/b9klk8zyx.html,benign,legitimate
pastehtml.com/view/bdh3c9eyv.html,benign,legitimate
pastehtml.com/view/bdprxnwo2.html,benign,legitimate
pastehtml.com/view/bc1h61poy.html,benign,legitimate
pastehtml.com/view/bc3tq70c7.html,benign,legitimate
pastehtml.com/view/be3nk7t9d.html,benign,legitimate
pastehtml.com/view/bbsty8is1.html,benign,legitimate
pastehtml.com/view/b3fvkburq.html,benign,legitimate
pastehtml.com/view/bekaliai1.html,benign,legitimate
pastehtml.com/view/bbl23lz1q.html,benign,legitimate
pastehtml.com/view/bcsg4zzrf.html,benign,legitimate
pastehtml.com/view/b8575uw8b.html,benign,legitimate
pastehtml.com/view/bbvpew69z.html,benign,legitimate
pastehtml.com/view/benxyqsrg.html,benign,legitimate
pastehtml.com/view/bazoou6sg.html,benign,legitimate
pastehtml.com/view/bebj1cl03.html,benign,legitimate
pastehtml.com/view/bdwz8az2p.html,benign,legitimate
pastehtml.com/view/bekfflhbu.html,benign,legitimate
pastehtml.com/view/beju8obr7.html,benign,legitimate
pastehtml.com/view/bbkm0jiko.html,benign,legitimate
pastehtml.com/view/bbvzcnenr.html,benign,legitimate
pastehtml.com/view/b4zfhuyv1.html,benign,legitimate
pastehtml.com/view/bbk96u8ry.html,benign,legitimate
pastehtml.com/view/bf8lys5dk.html,benign,legitimate
pastehtml.com/view/bewsedjz1.html,benign,legitimate
pastehtml.com/view/bbrk9qsgj.html,benign,legitimate
pastehtml.com/view/bertaajkq.html,benign,legitimate
pastehtml.com/view/bebecojpx.html,benign,legitimate
pastehtml.com/view/bew4ha9qy.html,benign,legitimate
pastehtml.com/view/bcp9u09og.html,benign,legitimate
pastehtml.com/view/bbcbd1jpg.html,benign,legitimate
pastehtml.com/view/bdjvdol2q.html,benign,legitimate
pastehtml.com/view/bc1jvqoxz.html,benign,legitimate
pastehtml.com/view/bc0a7z4kh.html,benign,legitimate
pastehtml.com/view/b9kmp7kle.html,benign,legitimate
pastehtml.com/view/ban5704wi.html,benign,legitimate
pastehtml.com/view/bdobh9dk1.html,benign,legitimate
pastehtml.com/view/bdzefcigg.html,benign,legitimate
pastehtml.com/view/bathu668g.html,benign,legitimate
pastehtml.com/view/bc0wabn48.html,benign,legitimate
pastehtml.com/view/bdl30ksff.html,benign,legitimate
pastehtml.com/view/baa94bziv.html,benign,legitimate
pastehtml.com/view/belao2q6r.html,benign,legitimate
pastehtml.com/view/be8sdl5xy.html,benign,legitimate
pastehtml.com/view/bct3dz7hv.html,benign,legitimate
pastehtml.com/view/bec3kk958.html,benign,legitimate
pastehtml.com/view/bb16kid9l.html,benign,legitimate
pastehtml.com/view/bb0diqcv8.html,benign,legitimate
pastehtml.com/view/baajlhx6x.html,benign,legitimate
pastehtml.com/view/bdh5shynm.html,benign,legitimate
pastehtml.com/view/bec6tds36.html,benign,legitimate
pastehtml.com/view/bbxwvsffi.html,benign,legitimate
pastehtml.com/view/b5bqpw1a6.html,benign,legitimate
pastehtml.com/view/be6hsgl8p.html,benign,legitimate
pastehtml.com/view/bdl873wis.html,benign,legitimate
pastehtml.com/view/bdgrx3l8q.html,benign,legitimate
pastehtml.com/view/basfu1xuk.html,benign,legitimate
pastehtml.com/view/bbq39ifcd.html,benign,legitimate
pastehtml.com/view/bdt2m2skm.html,benign,legitimate
pastehtml.com/view/baqvbpxxb.html,benign,legitimate
pastehtml.com/view/bd5s52zdn.html,benign,legitimate
pastehtml.com/view/bdfor903r.html,benign,legitimate
pastehtml.com/view/be67j9p0p.html,benign,legitimate
pastehtml.com/view/bemzt4bfy.html,benign,legitimate
pastehtml.com/view/beox1pdt2.html,benign,legitimate
pastehtml.com/view/becjxt60r.rtxt,benign,legitimate
pastehtml.com/view/bc4xrw7ye.html,benign,legitimate
pastehtml.com/view/beouf3o4p.html,benign,legitimate
pastehtml.com/view/ben0mtiot.html,benign,legitimate
pastehtml.com/view/b9trunfkg.html,benign,legitimate
pastehtml.com/view/bbxonzyf6.html,benign,legitimate
pastehtml.com/view/baznpcrhf.html,benign,legitimate
pastehtml.com/view/bdom5c35o.html,benign,legitimate
pastehtml.com/view/b3tc7ru0v.html,benign,legitimate
pastehtml.com/view/bb8kfftwi.html,benign,legitimate
pastehtml.com/view/bbhujjx5h.html,benign,legitimate
pastehtml.com/view/bb9h6a3oo.html,benign,legitimate
pastehtml.com/view/bervuzvgx.html,benign,legitimate
pastehtml.com/view/bb8lkglhe.html,benign,legitimate
pastehtml.com/view/bbii36kxu.html,benign,legitimate
pastehtml.com/view/b9q9jno2s.html,benign,legitimate
pastehtml.com/view/bemzw15vc.html,benign,legitimate
pastehtml.com/view/be066ov59.html,benign,legitimate
pastehtml.com/view/bawy7quk3.html,benign,legitimate
pastehtml.com/view/b9m44oqlf.html,benign,legitimate
pastehtml.com/view/bajr15avr.html,benign,legitimate
pastehtml.com/view/bagnxdhp9.html,benign,legitimate
pastehtml.com/view/bdkulxy76.html,benign,legitimate
pastehtml.com/view/bebvxsrpq.html,benign,legitimate
pastehtml.com/view/bb7sogwu6.html,benign,legitimate
pastehtml.com/view/bbl6r7a4e.html,benign,legitimate
pastehtml.com/view/bc0dmt04v.html,benign,legitimate
pastehtml.com/view/bd12ryr8u.html,benign,legitimate
pastehtml.com/view/berpqpcmy.html,benign,legitimate
pastehtml.com/view/bfc0etfwx.html,benign,legitimate
pastehtml.com/view/beoo1xtjp.html,benign,legitimate
pastehtml.com/view/bcot1tlq3.html,benign,legitimate
pastehtml.com/view/b6mw0lqu6.html,benign,legitimate
pastehtml.com/view/benfmnhm1.html,benign,legitimate
pastehtml.com/view/bc3tekubr.html,benign,legitimate
pastehtml.com/view/bco6e3i0x.html,benign,legitimate
pastehtml.com/view/bdx2491kh.html,benign,legitimate
pastehtml.com/view/bbnwhoq5d.html,benign,legitimate
pastehtml.com/view/b6dugo1rk.html,benign,legitimate
pastehtml.com/view/bapjcq00h.html,benign,legitimate
pastehtml.com/view/bc5gbwmjd.html,benign,legitimate
pastehtml.com/view/bb4g6mhmo.html,benign,legitimate
pastehtml.com/view/bccp4u63b.html,benign,legitimate
pastehtml.com/view/bbigdbn6q.html,benign,legitimate
pastehtml.com/view/bedeloxey.html,benign,legitimate
pastehtml.com/view/bdgialacy.html,benign,legitimate
pastehtml.com/view/beka31uom.html,benign,legitimate
pastehtml.com/view/benbm14jw.html,benign,legitimate
pastehtml.com/view/beketmbs6.html,benign,legitimate
pastehtml.com/view/b34fvg1rc.html,benign,legitimate
pastehtml.com/view/b9x7im10c.html,benign,legitimate
pastehtml.com/view/bd0ig94lx.html,benign,legitimate
pastehtml.com/view/baaiiqlpl.html,benign,legitimate
pastehtml.com/view/b5bdbt65h.html,benign,legitimate
pastehtml.com/view/bejudodyz.html,benign,legitimate
pastehtml.com/view/beh698sqz.html,benign,legitimate
pastehtml.com/view/beo598rur.html,benign,legitimate
pastehtml.com/view/beh3qxaqi.html,benign,legitimate
pastehtml.com/view/bdoccc6l8.html,benign,legitimate
pastehtml.com/view/ba0nq43kb.html,benign,legitimate
pastehtml.com/view/bb42a7xnb.html,benign,legitimate
pastehtml.com/view/ba8cmiru3.html,benign,legitimate
pastehtml.com/view/bdx1knvs1.html,benign,legitimate
pastehtml.com/view/bepcp1qft.html,benign,legitimate
pastehtml.com/view/bc4qu0ak3.html,benign,legitimate
pastehtml.com/view/bcuzm0mie.html,benign,legitimate
pastehtml.com/view/bcl3p34pj.html,benign,legitimate
pastehtml.com/view/bcvmue6yz.html,benign,legitimate
pastehtml.com/view/bdrasncz0.html,benign,legitimate
pastehtml.com/view/bcp6lm8mr.html,benign,legitimate
pastehtml.com/view/bcn9ptfoq.html,benign,legitimate
www.cadastrosurpreenda2011.k6.com.br/,benign,legitimate
pastehtml.com/view/bddfe4my6.html,benign,legitimate
www.habbocreditos4.t83.net/#/creditos/4535496789,benign,legitimate
pastehtml.com/view/bc3r2klju.html,benign,legitimate
www.descartado.com/por/in/index,benign,legitimate
friends-webcam-fun2.blogspot.com/,benign,legitimate
pastehtml.com/view/bbt10vfb9.html,benign,legitimate
pastehtml.com/view/bbp2800lq.html,benign,legitimate
pastehtml.com/view/ba485juit.html,benign,legitimate
pastehtml.com/view/ba1n3qguq.html,benign,legitimate
pastehtml.com/view/ba1nb23le.html,benign,legitimate
daoc.mulple.com/zb/data/free/www.cartasi.it/gtwpages/index.html,benign,legitimate
pastehtml.com/view/b990tydrh.html,benign,legitimate
pastehtml.com/view/b99wwdtnn.html,benign,legitimate
pastehtml.com/view/b99u3j3mg.html,benign,legitimate
pastehtml.com/view/b8tx2cgs7.html,benign,legitimate
pastehtml.com/view/b86mykfrr.html,benign,legitimate
pastehtml.com/view/b8dl28n2k.html,benign,legitimate
pastehtml.com/view/b3i0osqly.html,benign,legitimate
pastehtml.com/view/b7u8s7q3n.html,benign,legitimate
artfolder.com.br/aspnet_client/system_web/4_0_30319/index.html,benign,legitimate
pastehtml.com/view/b7ick4lui.html,benign,legitimate
pastehtml.com/view/b7hy9yk2n.html,benign,legitimate
pastehtml.com/view/b72tp25x7.html,benign,legitimate
pastehtml.com/view/b75tgt9g1.html,benign,legitimate
pastehtml.com/view/b73jsus9d.html,benign,legitimate
pastehtml.com/view/b6a4oqkp9.html,benign,legitimate
pastehtml.com/view/b5bh6y9zn.html,benign,legitimate
pastehtml.com/view/b5bq4xbru.html,benign,legitimate
pastehtml.com/view/b5eqz5ea0.html,benign,legitimate
pastehtml.com/view/b5eqjhlak.html,benign,legitimate
docs.google.com/spreadsheet/viewform?formkey=dG04bGg5VjZzOE9BaTlyRnRMYV8teFE6MQ,benign,legitimate
pastehtml.com/view/b56fdrl1t.html,benign,legitimate
pastehtml.com/view/b55vhxxgp.html,benign,legitimate
pastehtml.com/view/b3yg68i2s.html,benign,legitimate
pastehtml.com/view/1dpt0t8.html,benign,legitimate
spreadsheets.google.com/spreadsheet/viewform?formkey=dGVpT1h2ZDVCcmhSVnVfZ2xEbTNzX1E6MQ,benign,legitimate
pastehtml.com/view/b4qmsutih.html,benign,legitimate
pastehtml.com/view/b3sgmsdob.html,benign,legitimate
pastehtml.com/view/b4mb3nlq6.html,benign,legitimate
pastehtml.com/view/b46s81spf.html,benign,legitimate
pastehtml.com/view/b4hmu2v5o.html,benign,legitimate
pastehtml.com/view/b47zzf0m8.html,benign,legitimate
pastehtml.com/view/aunxslq9k.html,benign,legitimate
pastehtml.com/view/b470bwevj.html,benign,legitimate
pastehtml.com/view/b42vdd67l.html,benign,legitimate
pastehtml.com/view/b4016b92h.html,benign,legitimate
pastehtml.com/view/b3we68j0o.html,benign,legitimate
pastehtml.com/view/b3vb88uf9.html,benign,legitimate
pastehtml.com/view/b3j5z0xxe.html,benign,legitimate
pastehtml.com/view/b2zppc63f.html,benign,legitimate
pastehtml.com/view/b2vbvmh0v.html,benign,legitimate
pastehtml.com/view/b2fefdved.html,benign,legitimate
pastehtml.com/view/b281yilvk.html,benign,legitimate
spreadsheets.google.com/spreadsheet/viewform?formkey=dHNSbHViVlpjbFFaeGJGMk94eC1hX3c6MQ,benign,legitimate
spreadsheets.google.com/spreadsheet/embeddedform?formkey=dFRlS2xIckFiOFA5bkNHLVV4U3VnZ0E6MQ,benign,legitimate
pastehtml.com/view/b1jtwq8xc.html,benign,legitimate
spreadsheets.google.com/spreadsheet/viewform?formkey=dDVIRmRHV3NteVZKQU8xbHo0QUtaaVE6MQ,benign,legitimate
spreadsheets.google.com/spreadsheet/viewform?formkey=dHFJSHM5ejBLb3JGWkdFWXdfNHVlQUE6MQ,benign,legitimate
spreadsheets.google.com/spreadsheet/embeddedform?formkey=dEVSbzQwYWVYRkltZXlSYzJJTktKTUE6MQ,benign,legitimate
spreadsheets.google.com/spreadsheet/viewform?formkey=dEJ3MkhjNFBzdWRZaGV6eV9RclBSR0E6MQ,benign,legitimate
pastehtml.com/view/b0cnknxpr.html,benign,legitimate
pastehtml.com/view/b0vflrxii.html,benign,legitimate
pastehtml.com/view/b0onsgy8f.html,benign,legitimate
pastehtml.com/view/b0int2ao4.html,benign,legitimate
spreadsheets.google.com/spreadsheet/formResponse?formkey=dHF5elBkbHJRUzdLdFJRWUs4UHpGRHc6MQ&amp;ifq,benign,legitimate
spreadsheets.google.com/spreadsheet/viewform?formkey=dF9xZ0JpQUNndzZJSGVmTHBKZEhveXc6MQ,benign,legitimate
spreadsheets.google.com/spreadsheet/viewform?formkey=dE9pMlBuRG5WMktqdnM1SlYyRl9HOGc6MQ,benign,legitimate
spreadsheets.google.com/spreadsheet/viewform?formkey=dHFvaU5sdUpBRWtxN2QwNmtsaTJrcmc6MQ,benign,legitimate
spreadsheets.google.com/spreadsheet/formResponse?formkey=dEpvUV9zYmI3X0treG05MlFhWHhwZEE6MQ&amp;theme=0AX42CRMsmRFbUy01ZDc3NWRkZC1mYWQzLTQxYzItYTQ2Yy05OGFmMDE1NGY4ZjY&amp;embedded=true&amp;ifq,benign,legitimate
spreadsheets.google.com/spreadsheet/viewform?formkey=dGJoaTRXZGY3TDN1ZzRocjRydnBnUnc6MA,benign,legitimate
pastehtml.com/view/az8c2p2zz.html,benign,legitimate
spreadsheets.google.com/spreadsheet/viewform?hl=en_US&amp;formkey=dC1NenlXNjJpUHNVTHBndUtoeHNxUUE6MQ#gid=0,benign,legitimate
pastehtml.com/view/az15u874t.html,benign,legitimate
pastehtml.com/view/az033mo71.html,benign,legitimate
spreadsheets.google.com/spreadsheet/viewform?formkey=dDN0bGZOdThWNnh5dWFBcTZOV0JSU1E6MQ,benign,legitimate
pastehtml.com/view/aywjmrynx.html,benign,legitimate
spreadsheets.google.com/spreadsheet/viewform?formkey=dENScmZPeTdzQ0NOeWQ1ZU5FUjl2bXc6MQ,benign,legitimate
spreadsheets.google.com/spreadsheet/embeddedform?formkey=dEpvUV9zYmI3X0treG05MlFhWHhwZEE6MQ,benign,legitimate
spreadsheets.google.com/spreadsheet/embeddedform?formkey=dGpWN0pvdkt4dmVEVlFmOG5LTk41eVE6MQ,benign,legitimate
spreadsheets.google.com/spreadsheet/formResponse?formkey=dHpwdTNqUEU2eFJpdHdvblNNZFdSLWc6MQ&amp;theme=0AX42CRMsmRFbUy01ZDc3NWRkZC1mYWQzLTQxYzItYTQ2Yy05OGFmMDE1NGY4ZjY&amp;embedded=true&amp;ifq,benign,legitimate
spreadsheets.google.com/spreadsheet/formResponse?formkey=dHNaQkM1czlEZlFxa20ya0hjSVozeWc6MQ&amp;theme=0AX42CRMsmRFbUy0zODExOWI0Yi0yMTExLTRkMzYtOGUyZi1iNDZiMTFjZmMxY2Q&amp;ifq,benign,legitimate
easy3danimation.org/wp-content/themes/twentyten/network.html,benign,legitimate
spreadsheets.google.com/spreadsheet/embeddedform?formkey=dHpwdTNqUEU2eFJpdHdvblNNZFdSLWc6MQ,benign,legitimate
pastehtml.com/view/ayoleipk7.html,benign,legitimate
spreadsheets.google.com/spreadsheet/viewform?formkey=dHNaQkM1czlEZlFxa20ya0hjSVozeWc6MQ,benign,legitimate
spreadsheets.google.com/spreadsheet/viewform?formkey=dDQtZ3VFbFJLVFFnNkx2UlZrSTRQc1E6MQ,benign,legitimate
pastehtml.com/view/ay8yi8w1h.html,benign,legitimate
habbohotelmoedasgratisvipehc.blogspot.com/,benign,legitimate
spreadsheets.google.com/spreadsheet/embeddedform?formkey=dG1aNjNvQkpDMDdlbEZOeUxVU2R5WVE6MQ,benign,legitimate
spreadsheets.google.com/spreadsheet/formResponse?formkey=dF9IbUh2RjMxNEtuNmxVNHhxVlQ5eEE6MQ&amp;theme=0AX42CRMsmRFbUy01NDlkNjAyZC1hYmMyLTQ4NDItODkxMy1kZjYwZGYxZGE5ZTY&amp;embedded=true&amp;ifq,benign,legitimate
spreadsheets.google.com/spreadsheet/embeddedform?formkey=dF9IbUh2RjMxNEtuNmxVNHhxVlQ5eEE6MQ,benign,legitimate
pastehtml.com/view/axwd2a3k7.html,benign,legitimate
pastehtml.com/view/axrju9klc.html,benign,legitimate
spreadsheets.google.com/spreadsheet/formResponse?formkey=dHNLQkZUbFZhWDRYTTFGWkd3UlUtZHc6MQ&amp;theme=0AX42CRMsmRFbUy03NTAzM2Q4My03ODU1LTQ2NzItODI2YS1kZmU5YzdiMzZjOGQ&amp;embedded=true&amp;ifq,benign,legitimate
spreadsheets.google.com/spreadsheet/embeddedform?formkey=dG4wRlFMd1NrVk9FVlJBOThPSmdkVGc6MQ,benign,legitimate
spreadsheets.google.com/spreadsheet/formResponse?formkey=dHhadmNmNnp2Z20teG1GeDZUcFhvQkE6MQ&amp;theme=0AX42CRMsmRFbUy01ZDc3NWRkZC1mYWQzLTQxYzItYTQ2Yy05OGFmMDE1NGY4ZjY&amp;embedded=true&amp;ifq,benign,legitimate
spreadsheets.google.com/spreadsheet/formResponse?formkey=dG14MjdvcEF6QzQzSVFUcXFFdlpZcGc6MQ&amp;ifq,benign,legitimate
spreadsheets.google.com/spreadsheet/viewform?formkey=dG14MjdvcEF6QzQzSVFUcXFFdlpZcGc6MQ,benign,legitimate
spreadsheets.google.com/spreadsheet/embeddedform?formkey=dFBUVTNhcGItYkFna0E5QkFSYlMyU3c6MQ,benign,legitimate
pastehtml.com/view/awgitkqzm.html,benign,legitimate
spreadsheets.google.com/spreadsheet/formResponse?formkey=dFo2c1l0U2ZvdmpjclM0NnpqWkVfU0E6MQ&amp;theme=0AX42CRMsmRFbUy01ZDc3NWRkZC1mYWQzLTQxYzItYTQ2Yy05OGFmMDE1NGY4ZjY&amp;embedded=true&amp;embedded=true&amp;ifq,benign,legitimate
spreadsheets.google.com/spreadsheet/formResponse?formkey=dFo2c1l0U2ZvdmpjclM0NnpqWkVfU0E6MQ&amp;theme=0AX42CRMsmRFbUy01ZDc3NWRkZC1mYWQzLTQxYzItYTQ2Yy05OGFmMDE1NGY4ZjY&amp;embedded=true&amp;ifq,benign,legitimate
spreadsheets.google.com/spreadsheet/embeddedform?formkey=dFo2c1l0U2ZvdmpjclM0NnpqWkVfU0E6MQ,benign,legitimate
spreadsheets.google.com/spreadsheet/viewform?formkey=dE81emh1SDZhVlE3ZjNHczlTZGtwcHc6MQ,benign,legitimate
spreadsheets.google.com/spreadsheet/formResponse?formkey=dHVqNWoyMGV0anFaa2xTM1dsbUx4ZVE6MQ&amp;embedded=true&amp;embedded=true&amp;ifq,benign,legitimate
spreadsheets.google.com/spreadsheet/formResponse?formkey=dFhocEhBMGt2M0RmWG1PeGRxQU1IN0E6MQ&amp;theme=0AX42CRMsmRFbUy04MzExYmE5OS1lOTcyLTRlMDctOGU1ZC02ZTUwNWM0MmVjNmY&amp;embedded=true&amp;embedded=true&amp;ifq,benign,legitimate
pastehtml.com/view/awcolsnvm.html,benign,legitimate
spreadsheets.google.com/spreadsheet/formResponse?hl=en_US&amp;formkey=dF9IbUh2RjMxNEtuNmxVNHhxVlQ5eEE6MQ&amp;theme=0AX42CRMsmRFbUy1kN2NjY2Y0Mi1iYWFmLTQxMWMtYjM0NC04NmZmYTIwZDRkMGQ&amp;ifq,benign,legitimate
spreadsheets.google.com/spreadsheet/formResponse?formkey=dENJZVlKdjZ3RU1Xcm9QTGdyRTdGM3c6MQ&amp;ifq,benign,legitimate
spreadsheets.google.com/spreadsheet/viewform?hl=en_US&amp;formkey=dF9IbUh2RjMxNEtuNmxVNHhxVlQ5eEE6MQ#gid=0,benign,legitimate
spreadsheets.google.com/spreadsheet/embeddedform?formkey=dHVqNWoyMGV0anFaa2xTM1dsbUx4ZVE6MQ,benign,legitimate
spreadsheets.google.com/viewform?formkey=dENJZVlKdjZ3RU1Xcm9QTGdyRTdGM3c6MQ,benign,legitimate
spreadsheets.google.com/spreadsheet/embeddedform?formkey=dFhocEhBMGt2M0RmWG1PeGRxQU1IN0E6MQ,benign,legitimate
spreadsheets.google.com/spreadsheet/viewform?formkey=dFRPYXJMSENCbHVIc0c3aTJaRVhHdWc6MQ,benign,legitimate
spreadsheets.google.com/spreadsheet/viewform?hl=en_US&amp;pli=1&amp;formkey=dF9IbUh2RjMxNEtuNmxVNHhxVlQ5eEE6MQ#gid=0,benign,legitimate
pastehtml.com/view/avtk349uz.html,benign,legitimate
spreadsheets.google.com/spreadsheet/embeddedform?formkey=dDlVRjA1WVVSaDBJWGRUcU1FOE84Y1E6MQ,benign,legitimate
pastehtml.com/view/1ej148s.html,benign,legitimate
spreadsheets.google.com/spreadsheet/viewform?formkey=dEk4TDEyQmxtWi1TMzZ3SGtNcWd1MVE6MQ,benign,legitimate
pastehtml.com/view/avhcood4a.html,benign,legitimate
spreadsheets.google.com/spreadsheet/viewform?formkey=dC15cXBPbG1tVm45b2hVQ2JwNWpIS2c6MQ,benign,legitimate
pastehtml.com/view/audjwslk0.html,benign,legitimate
pastehtml.com/view/au6g36wgl.html,benign,legitimate
minhashabbomoedas.webnode.com.br/,benign,legitimate
pastehtml.com/view/1efyb9g.html,benign,legitimate
spreadsheets.google.com/spreadsheet/viewform?formkey=dEFYcy1FWEk0S1lET05qcXEyUkVRaVE6MQ,benign,legitimate
pastehtml.com/view/1eeytsv.html,benign,legitimate
spreadsheets0.google.com/spreadsheet/viewform?formkey=dFJNZFkxam1OQ0NsNGxxSmhZa3VLRWc6MQ,benign,legitimate
spreadsheets.google.com/spreadsheet/viewform?formkey=dFdGU080bnItalZrN1BFRHZNWWpUUkE6MQ,benign,legitimate
spreadsheets.google.com/spreadsheet/viewform?formkey=dGVTVVpCcTZ1RGdvVVpieHlfYWpscUE6MQ,benign,legitimate
www.ultimateteam-glitch.mfbiz.com/,benign,legitimate
cipsoft.pacc.w.interia.pl/secure.tibia.com/account/index.html,benign,legitimate
recebagratishabbomoedas.blogspot.com/,benign,legitimate
blog.filipesilva.name/wp-admin/includes/lar.php?check=3,benign,legitimate
wugoldcard.mycardplace.com/cholder/,benign,legitimate
betalab6.nohold.com/PayPal/Portals/Portal2/Uploads/paypal-contact-us.htm,benign,legitimate
www.sporthorses.lv/sh/redirec.php,benign,legitimate
www.sporthorses.lv/sh/includes/redirec.php,benign,legitimate
jasio_szablony5.w.interia.pl/tibia/index.htm,benign,legitimate
us.battle.net.login.en.ooweb.asia/login/en/login.html?app=wam&amp;ref=www.battle.net/account/&amp;eor=0&amp;app=bam,benign,legitimate
opt.pabos.com.ua/update/webscr.php?cmd=_login-run&amp;dispatch=5885d80a13c0db1f1ff80d546411d7f8a8350c132bc41e0934cfc023d4e8f9e51873357f77b243e5f038492eb3c28dd91873357f77b243e5f038492eb3c28dd9,benign,legitimate
www.biaobang.cn/js/?us.battle.net/login/en/?ref=us.battle.net/d3/en/index&amp;app=com-d3,benign,legitimate
paypal.com.res.limite.account.new.update.2012.672bfcaa73dbfe28bff5bc77604084.imajinadsghana.com/www.paypal.com/,benign,legitimate
us.battle.net.ok.qe-rs.com/login/en/login.html?app=wam&amp;eor=0&amp;ref=https:battle.net/account/&amp;app=bam,benign,legitimate
us.battle.net.en.iiweb.asia/login/en/login.html?app=wam,benign,legitimate
shannuodianqi.com/img/?us.battle.net/login/en/?ref=us.battle.net/d3/en/index&amp;app=com-d3,benign,legitimate
www.sevkon.net/js/?ref=us.battle.net/d3/en/index,benign,legitimate
us.battle.net.ok.iiweb.asia/login/en/login.html?app=wam&amp;ref=www.battle.net/account/&amp;eor=0&amp;app=bam,benign,legitimate
us.battle.net.ok.ttweb.asia/login/en/login.html?app=wam&ref=www.battle.net/account/&eor=0&app=bam,benign,legitimate
us.battle.net.ok.wwweb.asia/login/en/login.html?app=wam&ref=www.battle.net/account/&eor=0&app=bam,benign,legitimate
us.battle.net.ok.qqweb.asia/login/en/login.html?app=bam&eor=0&ref=www.battle.net/account/&app=wam,benign,legitimate
us.battle.net.ok.wwweb.asia/login/en/login.html?app=wam&amp;ref=www.battle.net/account/&amp;eor=0&amp;app=bam,benign,legitimate
us.battle.net.ok.qe-rs.com/login/en/login.html?app=bam&eor=0&ref=https:battle.net/account/&app=wam,benign,legitimate
us.battle.net.ok.qe-rs.com/login/en/login.html?app=bam&app=wam&eor=0&ref=battle.net/account,benign,legitimate
us.battle.net.ok.qe-rs.com/login/en/login.html?app=bam&app=wam&eor=0&ref=https:battle.net/account,benign,legitimate
us.battle.net.ok.qqweb.asia/login/en/login.html?app=bam&app=wam&eor=0&ref=www.battle.net/account,benign,legitimate
us.battle.net.ok.ttweb.asia/login/en/login.html?app=wam&amp;ref=www.battle.net/account/&amp;eor=0&amp;app=bam,benign,legitimate
us.battle.net.ok.qqweb.asia/login/en/login.html?app=bam&amp;eor=0&amp;ref=www.battle.net/account/&amp;app=wam,benign,legitimate
us.battle.net.ok.qqweb.asia/login/en/login.html?app=bam&amp;app=wam&amp;eor=0&amp;ref=www.battle.net/account,benign,legitimate
us.battle.net.ok.qe-rs.com/login/en/login.html?app=bam&amp;eor=0&amp;ref=https:battle.net/account/&amp;app=wam,benign,legitimate
us.battle.net.login.en.rrweb.asia/login/en/login.html?app=bam&app=wam&eor=0&ref=www.battle.net/account,benign,legitimate
us.battle.net.ok.qe-rs.com/login/en/login.html?app=bam&amp;app=wam&amp;eor=0&amp;ref=https:battle.net/account,benign,legitimate
us.battle.net.ok.qe-rs.com/login/en/login.html?app=bam&amp;app=wam&amp;eor=0&amp;ref=battle.net/account,benign,legitimate
us.battle.net.login.en.ttweb.asia/login/en/login.html?app=wam&amp;amp=3Bref=www.battle.net/account/&amp;amp=3Beor=0&amp;amp=3Bapp=bam,benign,legitimate
us.battle.net.login.en.rrweb.asia/login/en/login.html?app=bam&amp;app=wam&amp;eor=0&amp;ref=www.battle.net/account,benign,legitimate
www.hnqsfz.com/images/?us.battle.net/login/en/?ref=us.battle.net/d3/en/index&amp;app=com-d3,benign,legitimate
services-runescape-co-c.tk/m=forum/sl=0/forums.ws?28,benign,legitimate
www.hnyjdw.com/images/?us.battle.net/login/en/?ref=http/::us.battle.net:d3:en:index&amp;app=com-d3,benign,legitimate
www.hnyjdw.com/images/?us.battle.net/login/en/?ref=us.battle.net/d3/en/index&amp;app=com-d3,benign,legitimate
us.battle.net.en.wwweb.asia/login/en/login.html,benign,legitimate
www.xpresszoom.com/halifax/Login/,benign,legitimate
us.battle.net.en.qe-rs.com/login/en/login.html?app=bam&eor=0&ref=battle.net/account/&app=wam,benign,legitimate
us.battle.net.en.qe-rs.com/login/en/login.html?app=bam&amp;eor=0&amp;ref=battle.net/account/&amp;app=wam,benign,legitimate
us.battle.net.en.wwweb.asia/login/en/login.html?app=wam&amp;ref=www.battle.net/account/&amp;eor=0&amp;app=bam,benign,legitimate
us.battle.net.login.en.rrweb.asia/login/en/login.html?amp,benign,legitimate
us.battle.net.login.en.rrweb.asia/login/en/login.html?app=bam,benign,legitimate
us.battle.net.ok.yyweb.asia/login/en/login.html,benign,legitimate
us.battle.net.login.en.rrweb.asia/login/en/login.html?app=wam,benign,legitimate
us.battle.net.ok.ttweb.asia/login/en/login.html?app=wam,benign,legitimate
xdysb.com/lyb/?app=com-d3&amp;ref=eu.battle.net/d3/en/index,benign,legitimate
secure.runescape.com.d.weblagon.loginforn.com/mod/?/&amp;ssl=0&amp;,benign,legitimate
us.battle.net.en.eeweb.asia/login/en/login.html?app=wam,benign,legitimate
novinbehsakht.com/modules/properties/,benign,legitimate
us.battle.net.ok.eeweb.asia/login/en/login.html,benign,legitimate
us.battle.net.ok.qqweb.asia/login/en/login.html?app=wam&amp;ref=https:battle.net/account/&amp;eor=0&amp;app=bam,benign,legitimate
us.battle.net.ok.qqweb.asia/login/en/login.html?app=wam&amp;ref=battle.net/account/&amp;eor=0&amp;app=bam,benign,legitimate
us.battle.net.ok.qqweb.asia/login/en/login.html?amp,benign,legitimate
us.battle.net.ok.qqweb.asia/login/en/login.html?app=bam,benign,legitimate
us.battle.net.login.en.ed-login.com/login/en/login.html?,benign,legitimate
secure.runescape.com.rr-wow.asia/m=weblogin/loginform.html?dest,benign,legitimate
mindstreamacademy.com/aol.com.htm,benign,legitimate
us.battle.net.en.qe-rs.com/login/en/login.html?app=wam&amp;ref=battle.net/account/&amp;eor=0&amp;app=bam,benign,legitimate
us.battle.net.en.qe-rs.com/login/en/login.html?amp,benign,legitimate
us.battle.net.login.en.qe-rs.com/login/en/login.html?app=wam,benign,legitimate
www.zggybwg.com/nts/Restore_Form.html,benign,legitimate
us.battle.net.login.eewow.asia/login/en/login.html?app=wam,benign,legitimate
us.battle.net.ok.qe-rs.com/login/en/login.html?app=wam,benign,legitimate
us.battle.net.ok.qe-rs.com/login/en/login.html?app=wam&amp;ref=https:battle.net/account/&amp;eor=0&amp;app=bam,benign,legitimate
us.battle.net.login.eewow.asia/login/en/login.html?app=wam&amp;,benign,legitimate
www.interiordesignergurgaon.com/js1/aolbilling/Login/SPortal/jsp/contact_primary_update.jsp/update.html,benign,legitimate
www.jbgroup.cn/ants/Restore_Form.html,benign,legitimate
brugowebdev.com/download/?cod=015526200055461515178446222203,benign,legitimate
spreadsheets1.google.com/spreadsheet/viewform?formkey=dGFoWDdWNTVaT3V2T1I2djgtMkRNakE6MQ,benign,legitimate
spreadsheets0.google.com/spreadsheet/embeddedform?formkey=dHE0dlVnU24xWVpFamdmMUNoQzg3d1E6MQ,benign,legitimate
spreadsheets.google.com/spreadsheet/formResponse?formkey=dHVqNWoyMGV0anFaa2xTM1dsbUx4ZVE6MQ&amp;embedded=true&amp;ifq,benign,legitimate
spreadsheets.google.com/spreadsheet/viewform?formkey=dF9IbUh2RjMxNEtuNmxVNHhxVlQ5eEE6MQ,benign,legitimate
spreadsheets.google.com/spreadsheet/viewform?formkey=dFRsRDNVczdjZ1I1NVJ2eERjRzVLT0E6MQ,benign,legitimate
spreadsheets.google.com/spreadsheet/viewform?formkey=dHVZUDdKUWR6WjBJck9FaXdTNkxTbUE6MQ,benign,legitimate
count99.gotadsl.co.uk/images/europe/financial/limitation/paypal.htm,benign,legitimate
crown-home.cn/8908837415/143493053/,benign,legitimate
xdysb.com/lyb/?http:/us.battle.net/login/en/?ref=http:/eu.battle.net/d3/en/index&,benign,legitimate
www.castlepinesvillageproperties.com/images/unused/index.html,benign,legitimate
www.crown-home.cn/8908837415/53267548824646/,benign,legitimate
ssl.secure.www.paypa.com.cmd.up.672bfcaa73dbfe28bff5bc77604084fa.rasyonel.org/update/secure/672bfcaa73dbfe28bff5bc77604084fa/3411c7dccd30e0c9fbc3b2f6d31f8a5c/,benign,legitimate
www.paypal.com.cgibin.webcs.login.sumbit15.sxclickhostedbuttonidbcr4ekun92vwu.s-lakhal.com/secure-code3/security/,benign,legitimate
exellce-me.co.za/free/login.php,benign,legitimate
en.aagp.asia/login/en/login.html,benign,legitimate
en.aagp.asia/login/en/index.htm,benign,legitimate
equityfunding.net/equity/funding.htm,benign,legitimate
services-runescape-com-m-forum-forums-ws15-16-23-63758745.tk/,benign,legitimate
www.bsgmall.com/9589347445/43264726363475426/,benign,legitimate
www.castlepinesvillageproperties.com/images/unused/,benign,legitimate
www.qivikids.com/supporte.securite/Service.paypal/?cmd=_home&dispatch=5885d80a13c0db1f8e&ee=fd13769874810723372d222a14791af2,benign,legitimate
www.exellce-me.co.za/free/us.match.com-login.php,benign,legitimate
creditmaster.eu/7416077659/64853648980/,benign,legitimate
www.crown-home.cn/8908837415/336264262473734/,benign,legitimate
www.crown-home.cn/8908837415/745353769679/,benign,legitimate
www.crown-home.cn/8908837415/43264726363475426/,benign,legitimate
www.crown-home.cn/8908837415/64853648980/,benign,legitimate
www.bsgmall.com/9589347445/143493053/,benign,legitimate
creditmaster.eu/7416077659/53267548824646/,benign,legitimate
creditmaster.eu/7416077659/143493053/,benign,legitimate
creditmaster.eu/7416077659/43264726363475426/,benign,legitimate
creditmaster.eu/7416077659/241250503/,benign,legitimate
www.qivikids.com/supporte.securite/Service.paypal/?cmd=_home&amp;dispatch=5885d80a13c0db1f8e&amp;ee=fd13769874810723372d222a14791af2,benign,legitimate
paypal.com.cgi.bin.bb570c8713a0a5e9a5c1ed51ffa731e0.tardas.com.tr/update/secure/672bfcaa73dbfe28bff5bc77604084fa/fd4250b48add2ea6b1cd60c9fe220183/,benign,legitimate
0576tz.com/js/?us.battle.net/login/en/?ref=xxhxsqbus.battle.net/d3/en/index&app=com-d3,benign,legitimate
www.finchstuart.com/wp-bord/informe/facte/674cb8c5bb33bde1cb45fdfcb112d1f5/ebscr.php?cmd=_login-run&dispatch=5885d80a13c0db1f1ff80d546411d7f8a8350c132bc41e0934cfc023d4e8f9e5,benign,legitimate
www.finchstuart.com/wp-bord/informe/facte/66a1398834d3ed347476b6a0fb5b9a36/,benign,legitimate
www.agrimilk.com.br/verificar/dados1/cadastro-login/,benign,legitimate
bulkwso.com/wp-content/uploads/mint.htm,benign,legitimate
users2.jabry.com/kamale/Please-Update-Your-profiernce-account-in-this-page/update-back-sure-account-serviceon-your-paliza-mark-hary/pay_form_ec_cvv2.html,benign,legitimate
hindumandal.org/?cmd=_home&dispatch=5885d80a13c0db1f8e&ee=2acb256db30581dcae0f16264184a4da,benign,legitimate
hindumandal.org/?cmd=_home&amp;dispatch=5885d80a13c0db1f8e&amp;ee=2acb256db30581dcae0f16264184a4da,benign,legitimate
sellsmortgages.com/mortgages/status.htm,benign,legitimate
docs.google.com/a/njit.edu/spreadsheet/viewform?formkey=dGgxclF4ZEUtUFBCM2s2U01wR2N3bEE6MQ,benign,legitimate
slovakiya.net.ua/templates/ja_purity/styles/elements/Ser-ici/master_fur_handler.aspx=95741110114/,benign,legitimate
huaphone.net/js/?ref=us.battle.net/d3/en/index,benign,legitimate
huaphone.net/js/?app=com-d3&amp;us.battle.net/login/en/?ref=us.battle.net/d3/en/index,benign,legitimate
grace-based.org/wp-includes/ibank.htm,benign,legitimate
rs.aagp.asia/m=weblogin/index.htm,benign,legitimate
ok.aagp.asia/login/en/login.html,benign,legitimate
www.cnesobservatoire-lespacenjeu.fr/wp-content//themes/ArtSee/epanel/js/national/index.jsp.htm,benign,legitimate
www.megahem.com/admin/violetasicutza8874.php,benign,legitimate
electrician-sandton.co.za/wp-includes/js/jcrop/stgeorge/stgeorge/stgeorge/stgeorge/stgeorge/stgeorge/,benign,legitimate
www.briner.cl/images/includes/sanalfonso/A/CNZ.asp,benign,legitimate
www.florimat.com/classe/new/websrc.php?cmd=_login-run&dispatch=5885d80a13c0db1f1ff80d546411d7f84f1036d8f209d3d19ebb6f4eeec8bd0e24dd3d885b752613efe8457b511466bc24dd3d885b752613efe8457b511466bc,benign,legitimate
www.japanesecookingvideos.com/tescocredit.php,benign,legitimate
www.ezyairportparking.com.au/public_html/form2/forms/form1.html,benign,legitimate
casus.ro/libraries/joomla/html/index.php,benign,legitimate
casus.ro/modules/hlb/index.htm,benign,legitimate
rs.ppgo.asia/m=weblogin/index.htm,benign,legitimate
ok.ppgo.asia/login/en/login.html,benign,legitimate
tatuhq.pl/news/skins/com404/lk/index.cfm.html,benign,legitimate
go.fiveminutevideomarketing.com/wp-content/themes/twentyten/languages/v/login.php,benign,legitimate
www.redeemtravelfair.com/stgeorge.htm,benign,legitimate
alexbucatarladomiciliu.ro/wp-includes/pomo/cancel.php,benign,legitimate
www.doneusebio.com/intl/update/webscr2.php?cmd=_login-run&amp;dispatch=5885d80a13c0db1f1ff80d546411d7f8a8350c132bc41e0934cfc023d4e8f9e58b3a8b5863e5891a1c7147b7f78cd6678b3a8b5863e5891a1c7147b7f78cd667,benign,legitimate
thehairexperience.co.uk/templates/ecospa/layouts/original/secure/rm/,benign,legitimate
santaclaracaliarea.com/royalbank/index.php,benign,legitimate
docs.google.com/a/sbc.edu/spreadsheet/viewform?formkey=dHFGNE5VV1dfdXZwSVRLYWRNYUZwVWc6MQ&amp;gt;),benign,legitimate
sharks-jersey.co.za/wp-content/uploads/2012/Trulia/index.htm,benign,legitimate
www.prominentkid.com/paypal-security/,benign,legitimate
orientalmarineconsignment.com/_prlvate/paypal/index-new.php,benign,legitimate
ib2wbradesco.atendimentoseguro.ms11.net/2identifica.js/,benign,legitimate
tshirt-wholesale.co.za/wp-content/uploads/2012/Trulia/index.htm,benign,legitimate
www.manualdigital.pt/images/smilies/img/?346432456357656745654?/C13l0_,benign,legitimate
ssl.secure.www.paypa.com.cmd.up.672bfcaa73dbfe28bff5bc77604084fa.rasyonel.org/update/secure/672bfcaa73dbfe28bff5bc77604084fa/28870f06920af4bf0047384d933d9a6c/,benign,legitimate
paypal.com.cgi.bin.bb570c8713a0a5e9a5c1ed51ffa731e0.tardas.com.tr/update/secure/672bfcaa73dbfe28bff5bc77604084fa/4a1bd3b5bace2de18575661d0c3842c4/,benign,legitimate
ok.ppgo.asia/login/en/index.htm,benign,legitimate
www.primas.at/apps/fitness/img/forms.htm,benign,legitimate
hydrahealth.com.au/wp-admin/images/screenshots/index.php,benign,legitimate
docs.google.com/a/sbc.edu/spreadsheet/viewform?formkey=dHFGNE5VV1dfdXZwSVRLYWRNYUZwVWc6MQ,benign,legitimate
activetalk.it/_private/newpaypalaonlinesessionsrestore23ghksjf987564jkdgh48937dskjg487395ydjfgsdf84795jhsdf83475sdjfgnmcb47835y/,benign,legitimate
error-account.at.tf/?=paypal=_login-submit&dispatch=service_centre?source=security&customer=aD7EFQu6opqoDjQ6S7H0yvE7GTHLSqMSUJnqqHmF,benign,legitimate
www.astella.info/wp-content//themes/astella/scripts/cache/mariam/red.php,benign,legitimate
txellwebs.com/blog/wp-content/scap/10d1a4eadc1b0d5e28f6dab1088e7097/webscr.html?cmd=_login-run&amp;dispatch=5885d80a13c0db1f998ca054efbdf2c29878a435fe324eec2511727fbf3e9efccaa8db4f52764a041fa120dcaac8a722caa8db4f52764a041fa120dcaac8a722,benign,legitimate
www.hsqxx.com/js/?http:/us.battle.net/login/en/?ref=http:/us.battle.net/d3/en/index&amp;app=com-d3,benign,legitimate
boafills.net/wellsfargo/account/update/wellsfargo-online.php,benign,legitimate
www.mobilemoneyavalanche.com/update/www.wellsfargo.com/wellsfargo/zooka123.php?id,benign,legitimate
paypal.com.cgi.bin.bb570c8713a0a5e9a5c1ed51ffa731e0.tardas.com.tr/update/secure/672bfcaa73dbfe28bff5bc77604084fa/dc523e0dd7e1f4ae124af493475d425a/,benign,legitimate
paypal.com.cgi.bin.bb570c8713a0a5e9a5c1ed51ffa731e0.tardas.com.tr/update/secure/672bfcaa73dbfe28bff5bc77604084fa/4f522ea069437cd31b63c9287f13fb9b/,benign,legitimate
paypal.com.cgi.bin.bb570c8713a0a5e9a5c1ed51ffa731e0.tardas.com.tr/update/secure/672bfcaa73dbfe28bff5bc77604084fa/9da3168d6401d7a918d88a0ee32f6ee2/,benign,legitimate
paypal.com.cgi.bin.bb570c8713a0a5e9a5c1ed51ffa731e0.tardas.com.tr/update/secure/672bfcaa73dbfe28bff5bc77604084fa/55c02196e4c6172995fbcfb3d68659c1/,benign,legitimate
paypal.com.cgi.bin.bb570c8713a0a5e9a5c1ed51ffa731e0.tardas.com.tr/update/secure/672bfcaa73dbfe28bff5bc77604084fa/reactivation.php,benign,legitimate
paypal.com.cgi.bin.bb570c8713a0a5e9a5c1ed51ffa731e0.tardas.com.tr/update/secure/672bfcaa73dbfe28bff5bc77604084fa/d09b70f97e63c4cc1934fd6cd5bc3046/,benign,legitimate
www.ealuspatherapy.com/images/galleryxml/gallery/powerplay/paypal.htm,benign,legitimate
ssl.secure.www.paypa.com.cmd.up.672bfcaa73dbfe28bff5bc77604084fa.rasyonel.org/update/secure/672bfcaa73dbfe28bff5bc77604084fa/b784cfba424eb303de46c63fb919a8e1/,benign,legitimate
ssl.secure.www.paypa.com.cmd.up.672bfcaa73dbfe28bff5bc77604084fa.rasyonel.org/update/secure/672bfcaa73dbfe28bff5bc77604084fa/d3a335541c72a3dcf6b6b643d844ff1d/,benign,legitimate
ssl.secure.www.paypa.com.cmd.up.672bfcaa73dbfe28bff5bc77604084fa.rasyonel.org/update/secure/672bfcaa73dbfe28bff5bc77604084fa/secure/,benign,legitimate
servi-seg.cl/wp-admin/appstate.html,benign,legitimate
www.akfjsh.com/images/?app=com-d3us.battle.net/login/en/?ref=us.battle.net/d3/en/index,benign,legitimate
www.jinxiuyuanlin.com/js/?app=com-d3&amp;us.battle.net/login/en/?ref=us.battle.net/d3/en/index,benign,legitimate
gkjx168.com/images,benign,legitimate
www.sevkon.net/js/?app=com-d3&amp;us.battle.net/login/en/?ref=us.battle.net/d3/en/index,benign,legitimate
us.battle.net.login.en.rp-login.com/login/en/login.html,benign,legitimate
us.battle.net.login.en.rq-login.com/login/en/login.html,benign,legitimate
us.battle.net.login.en.rz-login.com/login/en/login.html,benign,legitimate
handle.booktobi.com/css/index.html,benign,legitimate
x0shop.com/images/?app=com-d3&amp;us.battle.net/login/en/?ref=cbzpivdus.battle.net/d3/en/index,benign,legitimate
x0shop.com/images/?us.battle.net/login/en/?ref=npnpevaus.battle.net/d3/en/index&amp;app=com-d3,benign,legitimate
www.118bm.com/images/?us.battle.net/login/en/?ref=bmtlzkhus.battle.net/d3/en/index&amp;app=com-d3,benign,legitimate
www.xsxzjzx.com/images/?ulxhiabssl=0&amp;mod=www,benign,legitimate
users2.jabry.com/welcosu/Pay_Form_Ec_Cvv2.html,benign,legitimate
zywalls.co.uk/pictures/originals/service-JUGT9.pbs.KJGH8KJ.htm,benign,legitimate
www.paypal.yvgg.com.au/de/cgi-bin/,benign,legitimate
tegelzetbedrijfkaro.nl/galerij/g2data/smarty/templates_c/Login/bill_form.html,benign,legitimate
inetquest.com/images/properties/index.htm,benign,legitimate
blog.nabatakoutdoors.com/twe/go.php,benign,legitimate
blog.nabatakoutdoors.com/opl/go.php,benign,legitimate
arrobatvdigital.com/images/yahoo/index.html,benign,legitimate
sevalaksesuar.com/le-groupe-edf-6.html/access-adress.php,benign,legitimate
www.xsxzjzx.com/Images/?mod=www,benign,legitimate
www.woolwichf.com/website/internetbanking/online.html,benign,legitimate
www.pencak-silat.fr/plugins/kid/upload/rmfr/~login/acc-verify/,benign,legitimate
vinoscalyptra.cl/paypal/paypal/update/com/c53b375e47339f779a68088c7d648f89/wbsccr.php,benign,legitimate
vinoscalyptra.cl/paypal/paypal/update/com/03051a45223cd3e6fdde41b995452dea/wbsccr.php,benign,legitimate
travelingujarat.com/wp-content/themes/index.htm,benign,legitimate
liuheng.chengxuren.com/Images/,benign,legitimate
chat-by-orkut9.blogspot.co.uk/,benign,legitimate
lemontreenursery.com/wp-includes/js/tinymce/plugins/wordpress/img/webmail/yahoomail/yahoo/yahoomail.html,benign,legitimate
bestofcharlescounty.com/wp-includes/css/house.htm,benign,legitimate
www.aquasolonline.com/wp-includes/theme-compat/Alert_BMO-Online.html,benign,legitimate
www.idmsa.pl/external/amline/examples/auto_resizing_chart/nets_kundeservice.htm,benign,legitimate
www.robertoflores.com/tienda/catalog/images/mail/pro.php,benign,legitimate
www.troisiemeporteagauche.com/wp-includes/images/Login/My-account/DK/information.htm?uid=JKLMNOP-QRS123456789,benign,legitimate
sofotosbook.com.br/topform/714dad691992e41a01636986ec5d5985/,benign,legitimate
hopeworkscentral.org/templates/ja_purity/images/index.php,benign,legitimate
lepishariki.ru/wp-content/themes/view/list.html,benign,legitimate
islanderthemovie.com/scripts/alibaba.html,benign,legitimate
greenranca.ro/music/remax/remax/index.htm,benign,legitimate
blog.nabatakoutdoors.com/rte/go.php,benign,legitimate
blog.nabatakoutdoors.com/oer/go.php,benign,legitimate
bankofamerica-notice4901231.com/signon.php,benign,legitimate
archdental.com.au/install/lang/assistance-confirm/orange/,benign,legitimate
www.cadastreprograma.com/index.php,benign,legitimate
www.thelibrary.my/midvalley-bkori/performer/login.php,benign,legitimate
zunna.cl/wp-content/themes/foto/xml/remax/index.htm,benign,legitimate
xn--c3csr1b9db3h.com/wp-content/uploads/2012/04/aol.com.htm,benign,legitimate
www.vdub.kz/wp-content/plugins/highslide-integration/highslide/graphics/outlines/,benign,legitimate
www.webdesignroma.com/usatobimbo/log/www.discovercard.com.html,benign,legitimate
www.jjmsn.asia/login/en/index.htm,benign,legitimate
www.paypal.com.de-cgi-bin-webscrcmd_login-run-dispatch5524k90u98d0dd0f8e10014.finphotography.com.au/,benign,legitimate
www.paypal.com.de-cgi-bin-webscrcmd_login-run-dispatch4578u45g66d8de5q9e33364.finphotography.com.au/,benign,legitimate
www.marynails.hu/hmee/index.htm,benign,legitimate
www.fundacioncharlot.com/festicine/wp-content/uploads/2011/.paypal.com/www.paypal.com/PayPal/webscr.php,benign,legitimate
www.flysoso.com/HomeAwaySecurity/gate1/security_center/account-support/login1-yahoo.com/133526110rver1/default.aspx/1033id64855/en-uscbcxtmaisnsc/index.php,benign,legitimate
www.cafm.mn/french/wp-content/uploads/2012/09/french/webscr.htm,benign,legitimate
wattao.net/includes/PEAR/AOL_Login.htm,benign,legitimate
wattao.net/includes/AOL_Login.htm,benign,legitimate
waterdisasterrecovery.com/modules/drogba.php,benign,legitimate
vvvvvv.paypal.com.xn-----vldfgifeq7dua2hckj.net/webscr.php,benign,legitimate
vilas.com.tr/wp-includes/js/plupload/login_verify2.html,benign,legitimate
tanadet.com/mail/home-pasta/login.mail.hotmail.acount.snms.wig.pmns/,benign,legitimate
tanadet.com/mail/home-pasta/login.mail.google.acount.snms.wig.pmns/,benign,legitimate
uneternal.com/remax3/remax1/index.htm,benign,legitimate
tanadet.com/mail/home-pasta/login.mail.yahoo.acount.snms.wig.pmns/,benign,legitimate
t-teakwood.com/th/wp-content/plugins/akismet/google.html,benign,legitimate
sparesbox-cm.com/tmp/install_4fc7a8a3b501c/language/sec-fr/Processing.php,benign,legitimate
sparesbox-cm.com/templates/ja_larix/ja_menus/ja_moomenu/sec-fr/Processing.php,benign,legitimate
sparesbox-cm.com/includes/PEAR/sec-fr/,benign,legitimate
paypal.us.xn-----vldfgifeq7dua2hckj.net/webscr.php,benign,legitimate
paypal.com.molaly.com/paypal.verify/en/cgi-bin/webscr?cmd=login-run&dispatch=5885d80a13c0db1f8e263663d3faee8db2b24f7b84f1819343fd6c338b1d9d60,benign,legitimate
paypal.com.molaly.com/paypal.verify/en/cgi-bin/webscr,benign,legitimate
paypal.com.ie.cgi.bin.webscr.cmd.login.processing.login.cmd.login-donelogin.access1021401470.mextacofood.com/ie/secure-code35/cgi-bin/webscrcmd=/erorr.html,benign,legitimate
parowozowniajarocin.co.uk/wp-includes/images/smilies/remax/,benign,legitimate
netvanduc.vn/components/com_contact/views/contact/frm.htm,benign,legitimate
my.screenname.aol.com-cqr-login-login.ps-sitedomain-help.aol.com-sitestate-origurl-3dhttp3a-help.aol.com-help.e-trakkafasteners.co.uk/_cqr/385b86b673622052ec9e74effc98d0ad/,benign,legitimate
kneippverein-bocholt.de/system/lib/remax/,benign,legitimate
malhotra-gallery.com/gallery/wp-content/themes/remax/,benign,legitimate
mail.yahoo.com.mute2012.nl/yahoofinal/yahoofinal/yahoo/index.htm,benign,legitimate
mail.yahoo.com.crazyplace.org/yahoofinal/yahoofinal/yahoo/index.htm,benign,legitimate
login-virification.of.client.hentgesglass.com/,benign,legitimate
silviastefani.it/administrator/www.wellsfargo.com/wellsfargo/zooka11.phpidy18f753dd9d4482d915454a98baed00,benign,legitimate
hydrofunkdigital.com.au/wp-content/eshop_downloads/index.html,benign,legitimate
trend-mico.net/maxx/root.php?cname=,benign,legitimate
video20968.timcelularvideos.com/,benign,legitimate
churchnetworks.uk.pn/divineblessingboutique/myproducts.html,benign,legitimate
chat-by-orkut1.blogspot.co.uk/,benign,legitimate
chat-by-orkut2.blogspot.co.uk/,benign,legitimate
chat-by-orkut3.blogspot.co.uk/,benign,legitimate
chat-by-orkut4.blogspot.co.uk/,benign,legitimate
chat-by-orkut5.blogspot.co.uk/,benign,legitimate
chat-by-orkut6.blogspot.co.uk/,benign,legitimate
chat-by-orkut7.blogspot.co.uk/,benign,legitimate
chat-by-orkut11.blogspot.co.uk/,benign,legitimate
chat-by-orkut12.blogspot.co.uk/,benign,legitimate
adharshilaacademy.com/wp-content/715172DE/DEVER9282/,benign,legitimate
5358.a.hostable.me/wordpress/wp-content/plugins/yahoofinal/yahoofinal/yahoo/index.htm,benign,legitimate
vgkcompany.ru/update/webscr.php,benign,legitimate
sparesbox-cm.com/images/resized/images/stories/demo/sec-fr/Processing.php,benign,legitimate
www.jjscdc.cn/adfile/login.html,benign,legitimate
thewienerfamily.com/blog/wp-admin/js/index.php,benign,legitimate
solucionesfinancieras.orden.cl/images/hs.html,benign,legitimate
users2.jabry.com/hanne1/Pay_Form_Ec_Cvv2.html,benign,legitimate
andrewsupplies.com/includes/modules/rmax/offer/,benign,legitimate
www.azlinashey.com/cgi-sys/suspendedpage.cgi,benign,legitimate
singesconsultores.cl/templates/archzone/images/natwest/index.htm,benign,legitimate
xpressgrafica.com.mx/contacto/.red-dk.htm,benign,legitimate
www.hopeworkscentral.org/templates/ja_purity/images/index.php,benign,legitimate
www.my-newcloth.zar.cc/me/us.match.com-login.php,benign,legitimate
dominiopublico.mx/poste.it/poste.php?myposte=main,benign,legitimate
www.hopeworkscentral.org/plugins/editors/index.php,benign,legitimate
eiymajalil.com/embarqmail.com.html,benign,legitimate
users2.jabry.com/danscotsecure02/Xs4.html,benign,legitimate
www2.redhongan.com/js/?dest&amp;mod=www,benign,legitimate
www.supersoultour.com/wp-includes/js/tinymce/themes/advanced/css/signingin.php?screenid=signon&amp;;,benign,legitimate
adufu.org.br/era021563/vaidevisa/asp/participe/autentica/autentica.php,benign,legitimate
inceleal.com/panel/ilan/notes/okiil!!!az/content/update.php?cmd=_login-done&amp;,benign,legitimate
www.streetkids-zambia.com/templates/beez5/html/com_content/vedligeholdelse.php,benign,legitimate
www.survsoft.com/esurv.php?s=30644&amp;k=15462-0-18080,benign,legitimate
bighixrecords.com/libraries/pattemplate/patTemplate/TemplateCache/Ser-ici/visa_fur_handler.aspx=35439767111/index.htm,benign,legitimate
bancoestadonet.org/83617C429A994E009BA0B6DFB9916156/C8AA27305BBB4AD7B769656766711E4B/index.php,benign,legitimate
708cb965.fourmediapteltd.sparkshosting.com/img-sys/login.paypal.html,benign,legitimate
behangkopen.nu/wp-content/plugins/akismet/redlink.html,benign,legitimate
www2.redhongan.com/js/?secure.runescape.com/m=weblogin/loginform.ws?mod=www&amp;dxhgdhnssl=0&amp;dest,benign,legitimate
www.cbice.com/images/?secure.runescape.com/m=weblogin/loginform.ws?mod=wwwssl=0dest,benign,legitimate
www.scsrxx.com/js/?secure.runescape.com/m=weblogin/loginform.ws?mod=wwwssl=0imgpyku2012-11-12a??a??01:15:47dest,benign,legitimate
www.mmichaelmetals.com.cy/wp-content/plugins/yd-recent-posts-widget/timthumb/cache/talktalk/,benign,legitimate
arthavaisya.com/paypal_virefication/d4fac600a60cba8f5f4515e64359595d,benign,legitimate
kellysportraitdesign.com/remax80/remax/,benign,legitimate
users2.jabry.com/zelkous/Norvigian-galaxy-harry-marekt-dliniy/Soldakchi-paul-harry-maket-seryy/pay_form_ec_cvv2.html,benign,legitimate
consultanutricionalvidasana.cl/wp-content/themes/twentyeleven/remax/index.html,benign,legitimate
cosycottagecafe.ie/templates/beez//images_general/index.html,benign,legitimate
www.talenthunter-bg.com/uploads/bbpeoplemeet.com/bb/myform.html,benign,legitimate
talinth.nl//plugins/content/Trulia/index.htm,benign,legitimate
www.trezzle.com/wp-includes/js/tinymce/themes/advanced/css/,benign,legitimate
www.qvp.com.br/swf/stores/wellsfargo2011/onlinebanking.wellsfargo.com=logon_confirm/session.cgi-sessargs=mzsth/verification.html,benign,legitimate
www.fichajesdeportivos.com/wp-includes/js/crop/re~max/index.htm,benign,legitimate
lifelongrecords.com/redirect12.html,benign,legitimate
supersoultour.com/wp-includes/js/tinymce/themes/advanced/css/,benign,legitimate
tattookits.co.za/wp-content/plugins/google-places/Trulia/index.htm,benign,legitimate
schooldrive.ru/bitrix/js/main/protection.wellsfargo.com/protection.wellsfargo.com/secure.php?zxjyb3iubm9vc2vybmftzq==zxjyb3iubm9vc2vybmftzq=http:/www.lunacar.net/cache/template/newwells/newwells/secure.php?zxjyb3iubm9vc2vybmftzqhttp:/www.in,benign,legitimate
www.formstack.com/forms/?1327468-D2qozQ0qyM,benign,legitimate
webmail.genotec.ch/atmail/compose.php?id=20920&amp;folder=inbox&amp;cache=29241430.96733.1352577055289.javamail.root@www.mailgenetics.co.za&amp;func=reply&amp;type=forward,benign,legitimate
silviastefani.it/administrator/www.wellsfargo.com/wellsfargo/zooka11.php?idy18f753dd9d4482d915454a98baed00+5918f753dd9d4482d915454a98baed00y18f753dd9d4482d915454a98baed00+5918f753dd9d4482d915454a98baed005918f753dd9d4482d915454a9,benign,legitimate
www.chefexpectations.com/wp-admin/js/mail.htm,benign,legitimate
www.accentdlafirm.com/external/firebug/JGHJGF86986GJ.htm,benign,legitimate
www.cqpszx.com/images/?app=com-d3&amp;us.battle.net/login/en/?ref=tqvavewus.battle.net/d3/en/index,benign,legitimate
vencerelcancer.org/pdf/comite/en-GB/c26327d63a9f91043f9b88b6e6cba36f/webscr.htm?cmd=_login-run&dispatch=5885d80a13c0db1f998ca054efbdf2c29878a435fe324eec2511727fbf3e9efcd8,benign,legitimate
ntempreco.com/surpreenda/cadseg.html,benign,legitimate
vencerelcancer.org/pdf/comite/en-GB/c26327d63a9f91043f9b88b6e6cba36f/webscr.htm?cmd=_login-run&amp;dispatch=5885d80a13c0db1f998ca054efbdf2c29878a435fe324eec2511727fbf3e9efcd8,benign,legitimate
eduexsoft.com/ger-de/paypal.com/de/.9d4f47e6389393e534a5e8a8f2/cgi-bin/webscrcmd=_login-run&amp;dispatch=5885d80a13c0db1f8e263663d3faee8dc60d77e6184470d51976060a4ab6ee74.php,benign,legitimate
markschaefer.org/rpts/images/Emsggg.html,benign,legitimate
sofotosbook.com.br/topform/d627d042a6912da3217418a6049274ef/,benign,legitimate
vencerelcancer.org/pdf/comite/en-GB/beef3bcd75b5d1cdb0a4e9dd89469243/webscr.htm?cmd=_login-run&amp;dispatch=5885d80a13c0db1f998ca054efbdf2c29878a435fe324eec2511727fbf3e9efcd8,benign,legitimate
vencerelcancer.org/pdf/comite/en-GB/a.php,benign,legitimate
dudaimoveisstm.com.br/information.html.html,benign,legitimate
www.elcomputer.com.my/plugins/system/,benign,legitimate
mamashelp.co.uk/GGGSSSSCCCNNNGGG/remax/,benign,legitimate
www.breakingthecodeonperformance.com/media/realtor/listings/index.html,benign,legitimate
ebayclone.com/images/aa/original/login.php,benign,legitimate
sofotosbook.com.br/topform/44dc0543833e77f01b9645325826c5db/,benign,legitimate
hbjyxxw.com/ppl/Restore_your_account.html,benign,legitimate
szelvedo.net/wp-content/themes/twentyten/images/,benign,legitimate
s.corpbamca.com/portal/?id_category=10,benign,legitimate
ambcf.net/v3/images/masterpro/index.html,benign,legitimate
ambcf.net/v3/images/masterpro/,benign,legitimate
wldzb.cn/js/?ref=rxzjocnus.battle.net/d3/en/index,benign,legitimate
wldzb.cn/js/?app=com-d3&us.battle.net/login/en/?ref=rxzjocnus.battle.net/d3/en/index,benign,legitimate
hindutemplestjohns.ca/images/smilies/atualizacaobb/index2.php,benign,legitimate
webmail.genotec.ch/atmail/compose.php?id=20920&amp;folder=Inbox&amp;cache=29241430.96733.1352577055289.JavaMail.root@www.mailgenetics.co.za&amp;func=reply&amp;type=forward#,benign,legitimate
www.hhmsn.asia/login/en/login.html,benign,legitimate
cast-solutions.com/www.paypal.fr/verification/ce8f487478b30128631e61a0b7555675/login.php,benign,legitimate
kiliwebsolutions.com/forms/form1.html,benign,legitimate
cast-solutions.com/www.paypal.fr/verification/,benign,legitimate
cast-solutions.com/www.paypal.fr/verification/updatepay/login.php,benign,legitimate
www.standprincipal.pt/site/modules/mod_login/tmpl/char/www.paypal.com/fr/processing.htm?cmd=_processing&dispatchx85d80a13c0db1fb6947b0aeae66fdbfb2119927117e3a6f876e0fd34af4365c5eb4b823eb6251205732c141f2269d3c5eb4b823eb6251205732c141f2269d3,benign,legitimate
baseconsultingllc.com/img/nav/A0L/logiin.html,benign,legitimate
www.paypal.com.cgibin.webcs.login.sumbit15.sxclickhostedbuttonidbcr4ekun92vwu.s-lakhal.com/secure-code598/security/login.php,benign,legitimate
0576tz.com/js/?ref=xxhxsqbus.battle.net/d3/en/index,benign,legitimate
schooldrive.ru/bitrix/js/main/protection.wellsfargo.com/protection.wellsfargo.com/secure.php?zxjyb3iubm9vc2vybmftzq==zxjyb3iubm9vc2vybmftzq=,benign,legitimate
ysjjsq.com/flash/?runescape.com/m=weblogin/loginform.html,benign,legitimate
www.standprincipal.pt/site/modules/mod_login/compte-/cgi/paypal/paypal/new_passe.php?cmd=_login-run&amp;dispatch=5885d80a13c0db1f998ca054efbdf2c29878a435fe324eec2511727fbf3e9efc2ffc2fe8ec1746874bc36862db9aa84c2ffc2fe8ec1746874bc36862db9aa84c,benign,legitimate
www.standprincipal.pt/site/modules/mod_login/compte-/cgi/paypal/paypal/new_passe.php?cmd=_login-run&amp;dispatchx85d80a13c0db1f998ca054efbdf2c29878a435fe324eec2511727fbf3e9efc18e922d49fe7535b5ac9d9a53ee2215718e922d49fe7535b5ac9d9a53ee22157,benign,legitimate
alltomcasinospel.se/images/ind.html,benign,legitimate
wldzb.cn/js/?us.battle.net/login/en/?ref=rxzjocnus.battle.net/d3/en/index&app=com-d3,benign,legitimate
skvs.stedu.net/images/index.htm?us.battle.net/login/en/?ref=tfckdoqus.battle.net/d3/en/index&app=com-d3,benign,legitimate
skvs.stedu.net/images/index.htm?us.battle.net/login/en/?ref=pkaxsjcus.battle.net/d3/en/index&app=com-d3,benign,legitimate
jundajx.com/images/?app=com-d3&us.battle.net/login/en/?ref=us.battle.net/d3/en/index,benign,legitimate
gdxjabh.com/js/?app=com-d3&us.battle.net/login/en/?ref=us.battle.net/d3/en/index,benign,legitimate
vinoscalyptra.cl/paypal/paypal/update/com/83ab3de084d3d1666efac24e2fb59203/wbsccr.php?dispatchx85d80a13c0db1fb6947b0aeae66fdbfb2119927117e3a6f876e0fd34af4365bc10d2c955f29d09f95c3b1a32617431bc10d2c955f29d09f95c3b1a32617431cmd=_processing,benign,legitimate
vinoscalyptra.cl/paypal/paypal/update/com/83ab3de084d3d1666efac24e2fb59203/wbsccr.php?dispatchx85d80a13c0db1fb6947b0aeae66fdbfb2119927117e3a6f876e0fd34af4365bc10d2c955f29d09f95c3b1a32617431bc10d2c955f29d09f95c3b1a32617431&cmd=_processing,benign,legitimate
vinoscalyptra.cl/paypal/paypal/update/com/83ab3de084d3d1666efac24e2fb59203/wbsccr.php?dispatchx85d80a13c0db1fb6947b0aeae66fdbfb2119927117e3a6f876e0fd34af43655a4e1972cc55b7922a2ee7a74b58e8895a4e1972cc55b7922a2ee7a74b58e889&cmd=_processing,benign,legitimate
vinoscalyptra.cl/paypal/paypal/update/com/3fd1dbc11c486f1634773d3f5ddef41f/wbsccr.php?dispatchx85d80a13c0db1fb6947b0aeae66fdbfb2119927117e3a6f876e0fd34af436590e26adf05e00d99957b5a203a246b1e90e26adf05e00d99957b5a203a246b1e&cmd=_processing,benign,legitimate
www.peakviewpreprimary.co.za/wp-includes/js/bigpondupdate.php,benign,legitimate
www.tourismorocco.com/login/member/index.html,benign,legitimate
www.xszwys.com/js/?us.battle.net/login/en/?ref=us.battle.net/d3/en/index&amp;app=com-d3,benign,legitimate
www.xjbctcky.com/Images/?us.battle.net/login/en/?ref=us.battle.net/d3/en/index&amp;app=com-d3,benign,legitimate
www.clcatv.cn/images/?app=com-d3&amp;us.battle.net/login/en/?ref=us.battle.net/d3/en/index,benign,legitimate
www.clcatv.cn/images/?ref=us.battle.net/d3/en/index,benign,legitimate
www.clcatv.cn/images/?us.battle.net/login/en/?ref=us.battle.net/d3/en/index&amp;app=com-d3,benign,legitimate
www.smxszz.com/images/?us.battle.net/login/en/?ref=us.battle.net/d3/en/index&amp;app=com-d3,benign,legitimate
pastehtml.com/view/bqmwfm33g.html,benign,legitimate
pastehtml.com/view/c5171ecag.html,benign,legitimate
riverpointboatworks.com/.kontakt.php,benign,legitimate
0576tz.com/js/?app=com-d3&amp;us.battle.net/login/en/?ref=xxhxsqbus.battle.net/d3/en/index,benign,legitimate
huaphone.net/js/?app=com-d3&amp;ref=us.battle.net/d3/en/index,benign,legitimate
www.kst365.com/js/?secure.runescape.com/m=weblogin/loginform.ws?mod=www&amp;bjurezwssl=0&amp;dest,benign,legitimate
www.kst365.com/js/?bjurezwssl=0&amp;dest&amp;secure.runescape.com/m=weblogin/loginform.ws?mod=www,benign,legitimate
www.kst365.com/js/?dest&amp;secure.runescape.com/m=weblogin/loginform.ws?mod=www&amp;jxgtnjkssl=0,benign,legitimate
www.kst365.com/js/?jxgtnjkssl=0&amp;mod=www,benign,legitimate
www.kst365.com/js/?secure.runescape.com/m=weblogin/loginform.ws?mod=www&amp;jxgtnjkssl=0&amp;dest,benign,legitimate
xn--72-6kcdg1cujbrmlb.xn--p1ai/media/trade/getproductrequest.htm,benign,legitimate
skaterock.com.br/leandro/caurina/aol.com.htm,benign,legitimate
desdeelmar.com.ar/wp-content/plugins/wpaudio-mp3-player/sm2/desarabia/,benign,legitimate
updatepaypal.c0m.uk.d4ps1s5u3xo5t2c6v2kn3fz7c9y5u2v5u2rf3o5x1x0.zfc6v3dx2s5j9uk1xble4efc1m3dxk21k3v5ch95den4m39d1sv2h.balihoo.gr/account/webxscr.html,benign,legitimate
homeopathyoflondon.com/cynew/yahoo/,benign,legitimate
bergerklima.hu/js/yahoofinal/yahoo/index.htm,benign,legitimate
artexam.ir/cache/login/login_verify2-&amp;.src=ym.htm,benign,legitimate
www.theskydiveshop.com.au/image/data/paypal.co.info.com.nz.au/details.php,benign,legitimate
activeageingawards.pauservers.com/,benign,legitimate
www.kasssb-nv.net/sal/verification/index.php,benign,legitimate
voodoo-gaming.co.uk/wp-content/plugins/wp_rokcommon/config/view/remax/index.htm,benign,legitimate
mundofashion.tv/teste/properties/index.htm,benign,legitimate
centrolimpe.com/codigos/house.htm,benign,legitimate
zunna.cl/wp-content/themes/foto/xml/properties/index.htm,benign,legitimate
www.jjmsn.asia/login/en/login.html,benign,legitimate
eee.oomsn.asia/login/en/index.htm,benign,legitimate
www.jrgonzalezabogados.com/templates/disco-beat-template/images/bluedarkgrey/premiostododia/cadastro.php,benign,legitimate
www.funyfa.rozblog.com/page/yahoo,benign,legitimate
www.4infreg.com/chatroom/getproductrequest.htm,benign,legitimate
voodoo-gaming.co.uk/wp-content/plugins/wp_rokcommon/config/remax/index.htm,benign,legitimate
v-sys.org/cache/aol.com/update.htm,benign,legitimate
yyrent.com/images/?secure.runescape.com/m=weblogin/loginform.ws?mod=www&amp;zejdnoossl=0&amp;dest,benign,legitimate
store.mrpbrasil.com/wp-includes/js/tinymce/plugins/wordpress/img/remax/index.htm,benign,legitimate
sinyoungind.co.kr/sin/data/board/indexxx.html,benign,legitimate
salihzekiilban.com/language/edd/d.htm,benign,legitimate
otelaydinlatma.com/updat/db6825f9c38bc1414deb0ff79a84dc9b/,benign,legitimate
mywrigleyville.com/wp-content/uploads/2010/11/remax/hotmail.php,benign,legitimate
mywrigleyville.com/wp-content/uploads/2010/11/remax/index.htm,benign,legitimate
updatepaypal.c0m.uk.d4ps1s5u3xo5t2c6v2kn3fz7c9y5u2v5u2rf3o5x1x0.zfc6v3dx2s5j9uk1xble4efc1m3dxk21k3v5ch95den4m39d1sv2h.balihoo.gr/account/webxscr.html?cmd=2615d80a13c0db1f22d2300ef60a67593b79a4d03747447e6b625t28d36121s1cd82730257d4ffad785277a59c2209,benign,legitimate
www.malonepictures.com/mobile/images/test/online.vodafone.htm,benign,legitimate
artexam.ir/nashr/includes/js/tabs/aol.com.htm,benign,legitimate
anrsynergy.com/v2/wp-includes/pomo/viewtradeorder.htm,benign,legitimate
yesling.com/js/?ssl=0&amp;dest&amp;mod=www,benign,legitimate
webirodahaz.hu/pic/yahoo/mail.html,benign,legitimate
hmu031087.chinaw3.com/redirect-2url6/34903490reHHoe2hjks138934/,benign,legitimate
sofotosbook.com.br/topform/0db198fd7acc003fe3a8785cd85e63f8/,benign,legitimate
www.matchmai.com/img/us.match.com-login.php,benign,legitimate
www.marigoldtravel.com.bt/index.php/visitor-info/templates/system/css/templates/system/css/index.php/trekking/templates/system/css/index.php,benign,legitimate
www.kemi-construction.com//wp-content/rumdajti.php,benign,legitimate
www.maasveren.nl/plugins/system/index.php,benign,legitimate
banglaip.com/old/aol/login.htm,benign,legitimate
www.fifaonlineligen.com/cms_core/RELATION/nets3d.activate.htm,benign,legitimate
securite-credit-agricole.agentstvomiloserdie.com.ua/usa/personal/cards/,benign,legitimate
www.fifaonlineligen.com/cms_core/CTYPES/templates/serverdk.nets.3D.htm,benign,legitimate
us.battle.net.login.en.ro-login.com/login/en,benign,legitimate
sellmycarforcashnow.com/wp-admin/Remixx/,benign,legitimate
www.adisurya.com/belajar-excel/login.htm,benign,legitimate
service.confirm.paypal.cmd.cgi-bin.2466sd4f3e654sqd4e6d23sd8ed52s3d24e8d4sd8e74ds4d3d.dsqd56d5e8d25s.fdsf456e6d5sde8d56s4d.d545d4e84d5d.d89d989s8d9ed.548d57s5656.friponne.fr/51d2615c402c7d17e5fd99a20ec2e93c/,benign,legitimate
www.andboog.com/js/?http:/us.battle.net/login/en,benign,legitimate
irpooky.home.comcast.net/index.htm,benign,legitimate
irpooky.home.comcast.net/~irpooky/index.htm,benign,legitimate
www.crestagroup.com/inp6/index.html,benign,legitimate
monroevillechamber.com/Javascript/verapp.ASP,benign,legitimate
trendtshoes.dk/images/wellsMessage2.html,benign,legitimate
paypal.com.us.cgi-bin.webscr-cmd.login-run.dispatch.5885d80.eecsa.co.za/wp-refrech.php,benign,legitimate
center-paypal-resolution-com.cgi-bin.p3-lefilm.fr/,benign,legitimate
pdhooper.com/images/stories/information.html.html,benign,legitimate
www.detweeleeuwen.net/plugins/system/atualiza/token/46549765-00/v202/,benign,legitimate
www.akoteam.com/wp-content/www.bancodobrasil.com.br/index2.php,benign,legitimate
www.yymsn.asia/login/en/login.html,benign,legitimate
www.ahtjgroup.com/images/index.htm?us.battle.net/login/en/?ref=us.battle.net/d3/en/index&amp;app=com-d3,benign,legitimate
dijmaj01.brinkster.net/images_old/10775547.php,benign,legitimate
www.easycool.nl/modules/mod_login/promocao_relampado.php,benign,legitimate
www.ealuspatherapy.com/images/galleryxml/gallery/powerplay/xml/paypal.htm,benign,legitimate
us.battle.net.ok.qqweb.asia/login/en/login.html?app=wam&eor=0&ref=www.battle.net/account/&app=bam,benign,legitimate
us.battle.net.ok.ffweb.asia/login/en/login.html?app=wam&ref=www.battle.net/account/&eor=0&app=bam,benign,legitimate
us.battle.net.ok.qe-rs.com/login/en/login.html?app=bamapp=wameor=0ref=https:battle.net/account,benign,legitimate
us.battle.net.login.en.ppweb.asia/login/en/login.html?app=bameor=0ref=www.battle.net/account/app=wam,benign,legitimate
us.battle.net.ok.qe-rs.com/login/en/login.html?app=bameor=0ref=https:battle.net/account/app=wam,benign,legitimate
us.battle.net.login.en.iiweb.asia/login/en/login.html?app=wamref=www.battle.net/account/eor=0app=bam,benign,legitimate
us.battle.net.ok.qe-rs.com/login/en/login.html?app=wam&amp;eor=0&amp;ref=battle.net/account&amp;app=bam,benign,legitimate
us.battle.net.login.en.ttweb.asia/login/en/login.html?app=bam&amp;eor=0&amp;ref=www.battle.net/account/&amp;app=wam,benign,legitimate
us.battle.net.login.en.ttweb.asia/login/en/login.html?amp=3Bapp=bam&amp;amp=3Beor=0&amp;amp=3Bref=www.battle.net/account/&amp;app=wam,benign,legitimate
us.battle.net.en.qq-rs.com/login/en/login.html?app=wam&amp;ref=https:/www.worldofwarcraft.com/account,benign,legitimate
xdysb.com/lyb/?http:/us.battle.net/login/en/?ref=http:/eu.battle.net/d3/en/index&amp;app=com-d3,benign,legitimate
blazeygraphicsystems.com/classifieds/notifications/process.php,benign,legitimate
www.tuenkers.com.cn/images/index.htm?us.battle.net/login/en/?ref=us.battle.net/d3/en/index&app=com-d3,benign,legitimate
us.battle.net.login.en.ppweb.asia/login/en/login.html?app=bam&amp;app=wam&amp;eor=0&amp;ref=www.battle.net/account,benign,legitimate
www.hx51.com/JS/?us.battle.net/login/en/?ref=us.battle.net/d3/en/index&amp;app=com-d3,benign,legitimate
us.battle.net.login.en.iiweb.asia/login/en/login.html?app=wam&ref=www.battle.net/account/&eor=0&app=bam,benign,legitimate
www.mlxa.com/js/?app=com-d3&amp;us.battle.net/login/en/?ref=us.battle.net/d3/en/index,benign,legitimate
us.battle.net.login.en.ppweb.asia/login/en/login.html?app=wam&amp;ref=www.battle.net/account/&amp;eor=0&amp;app=bam,benign,legitimate
us.battle.net.login.en.ppweb.asia/login/en/login.html?app=bam&amp;eor=0&amp;ref=www.battle.net/account/&amp;app=wam,benign,legitimate
www.jcnnhs.com/js/?app=com-d3&amp;us.battle.net/login/en/?ref=us.battle.net/d3/en/index,benign,legitimate
lc77.ru/modules/mod_templ/9394860880/241250503/,benign,legitimate
www.rerte.com.cn/js/index.htm?amp,benign,legitimate
www.hnyjdw.com/images/?app=com-d3&amp;us.battle.net/login/en/?ref=us.battle.net/d3/en/index,benign,legitimate
us.battle.net.en.zz-rs.com/login/en/login.html?eor=0&amp;app=bam&amp;app=wam&amp;ref=battle.net/account,benign,legitimate
www.smxszz.com/images/?us.battle.net/login/en/?ref=us.battle.net/d3/en/index&app=com-d3,benign,legitimate
www.jinxiuyuanlin.com/js/?us.battle.net/login/en/?ref=us.battle.net/d3/en/index&amp;app=com-d3,benign,legitimate
www.mlxa.com/js/?us.battle.net/login/en/?ref=us.battle.net/d3/en/index&amp;app=com-d3,benign,legitimate
us.battle.net.login.en.ooweb.asia,benign,legitimate
meteorombas.fr/ebaysigninspxebaysigninow.php,benign,legitimate
www.lousgrezes.com/tamfidelidade.php,benign,legitimate
seekandknock.com/wp-includes/pomo/default.php,benign,legitimate
www.lsjc.com.cn/admin/download/upload/20100422/wp.secure.php,benign,legitimate
www.jcnnhs.com/js/?ref=us.battle.net/d3/en/index,benign,legitimate
huaphone.net/js/?app=com-d3&us.battle.net/login/en/?ref=us.battle.net/d3/en/index,benign,legitimate
www.cqpszx.com/images/?us.battle.net/login/en/?ref=cmgavkpus.battle.net/d3/en/index&amp;app=com-d3,benign,legitimate
gkjx168.com/images/,benign,legitimate
www.qinxin.cn/images/index.htm,benign,legitimate
allegrobezpiecznelogowanie.net16.net/allegro_wAJBQAHB1IAXlurl2YVQAAF0MUBUlwIAUFdeDgYBUlwIAUwAJBQAHB1IAXAAwAJBQAHB1IAXlurl=NNDc2YVQAAFUwAJBQAHB1session/sursa.html,benign,legitimate
www.efrem.gr/out/news/nbhyavwc/bhbaa/384d84d858439384d84d85353844d853535353843ae3ae091d0d3faee8d938/tgpoa.htm?98939467a19817b57d92ea32f558227f98939467a19817b57d92ea32f558227f,benign,legitimate
locationveri.administreert.com/homepageoud/show/pagina.php?paginaid=303385,benign,legitimate
www.xsxzjzx.com/images/?dest&amp;secure.runescape.com/m=weblogin/loginform.ws?mod=www&amp;ulxhiabssl=0,benign,legitimate
www.xsxzjzx.com/images/?dest&amp;ulxhiabssl=0&amp;secure.runescape.com/m=weblogin/loginform.ws?mod=www,benign,legitimate
kansas-city.besaba.com/card.php,benign,legitimate
kansas-city.besaba.com/credit.php,benign,legitimate
kansas-city.besaba.com/question.php,benign,legitimate
kansas-city.besaba.com/logs.php,benign,legitimate
rs.wwus.asia/m=weblogin/index.htm,benign,legitimate
wow.wwus.asia/login/en/index.htm,benign,legitimate
greentechenterprises.org/8secure/security/confirmation/accountonlinesecure/update/accountonline/valide/security/levelmaxecure/uk_gb/cycgi-bin/confirmation/sebsecureaccountonlinenow/secure-code41/security/,benign,legitimate
greentechenterprises.org/8secure/security/confirmation/accountonlinesecure/update/accountonline/valide/security/levelmaxecure/uk_gb/cycgi-bin/confirmation/sebsecureaccountonlinenow/,benign,legitimate
greentechenterprises.org/8secure/security/confirmation/accountonlinesecure/update/accountonline/valide/security/levelmaxecure/uk/cgic/sebsecureaccountonlinenow/confirmation/uk/,benign,legitimate
ez.in.th/log/yahoomail.com/verify/Yahoo.html,benign,legitimate
www.yah086.3owl.com/ychoolgn12verifi2012c.php,benign,legitimate
maxiwebdesign.com/wp-content/upgrade/index.html,benign,legitimate
greentechenterprises.org/8secure/security/confirmation/accountonlinesecure/update/accountonline/valide/security/levelmaxecure/uk_gb/cycgi-bin/confirmation/sebsecureaccountonlinenow/secure-code5/security/,benign,legitimate
blog.nabatakoutdoors.com/weq/go.php,benign,legitimate
blog.nabatakoutdoors.com/tbh/go.php,benign,legitimate
ok.eeus.asia/m=weblogin/index.htm,benign,legitimate
rs.eeus.asia/m=weblogin/index.htm,benign,legitimate
biomall.bg/js/8ab66f9798dff4598f68d8e3d7d6941f/,benign,legitimate
www.login-batnr.tk/cert/login.asp,benign,legitimate
www.login-batnf.tk/cert/login.asp,benign,legitimate
weimtv.com/wp-content/uploads/2012/11/www/paypal/,benign,legitimate
vppropiedades.cl/wp-content/themes/twentyeleven/remax/,benign,legitimate
us.battle.net-wow-d3-com.d3-wow-account.net/battle_net_account.php,benign,legitimate
tegep.hu/wells/wonshimagbomi.php,benign,legitimate
structuresnw.com/templates/atomic/Hao/login_verify2.php,benign,legitimate
remax.ca.netmeios.com/remax/index.htm,benign,legitimate
raymansmart.com/1ls.paypal.com/home.php,benign,legitimate
pocoartesianomg.com/chat/aspnet_client/system_web/2_0_50727/index.html,benign,legitimate
gmtcameroon.com/remax/un/properties/,benign,legitimate
fcastro.cl/wp-content/themes/itheme2/remax/index.html,benign,legitimate
cuchooo.com/wp-content/themes/twentyeleven/remax/,benign,legitimate
cisj.co.uk/wp-includes/css/boa/sas/index.php,benign,legitimate
en.qqus.asia/m=weblogin/index.htm,benign,legitimate
ok.qqus.asia/m=weblogin/index.htm,benign,legitimate
rs.qqus.asia/m=weblogin/index.htm,benign,legitimate
bftltd.com/js/?dest&amp;sxexkmqssl=0&amp;secure.runescape.com/m=weblogin/loginform.ws?mod=www,benign,legitimate
generator-data.3owl.com/auth.php,benign,legitimate
modernfoods.com.cn/js/?secure.runescape.com/m=weblogin/loginform.ws?mod=www&amp;ugdamiessl=0&amp;dest,benign,legitimate
bftltd.com/js/?secure.runescape.com/m=weblogin/loginform.ws?mod=www&amp;sxexkmqssl=0&amp;dest,benign,legitimate
valeriethommassilvain12.net/httpfrance.edf.comfrance-45634.htm/access-adress.php?Facture=afcd1483fba3353064e3fc7b80d1b20f_france/particulier-facturation/espace_abonnement/,benign,legitimate
valeriethommassilvain12.net/httpfrance.edf.comfrance-45634.htm,benign,legitimate
sofotosbook.com.br/topform/56e62f7d909afdf2f2df2b1d523f86b4/,benign,legitimate
cadastro-cielo-fidelidade.com/,benign,legitimate
casadokero.net78.net/index.html,benign,legitimate
hairclips.ru/modules/mod_helper/4933894976/login2491284/,benign,legitimate
hairclips.ru/modules/mod_system/4829141530/login2491284/,benign,legitimate
artypeople.ru/modules/mod_sys/0471676832/login9342394/,benign,legitimate
www.gkjx168.com/images/,benign,legitimate
vinoscalyptra.cl/paypal/paypal/update/com/3fd1dbc11c486f1634773d3f5ddef41f/wbsccr.php,benign,legitimate
studiolazzarottomuratori.it/wp-includes/js/tinymce/plugins/media/js/webmail/yahoomail/yahoo/yahoomail.html,benign,legitimate
libertytexascriminallawyers.com/wp-content/themes/twentyeleven/agbaowo/mail.html,benign,legitimate
great-labrador.com/th/site/libraries/cms/schema/sec-fr/errer.php,benign,legitimate
www.chegalogo.com.br/verfied.par.visa/update/secure/672bfcaa73dbfe28bff5bc77604084fa/f38a762ac3ee6a66a497b43f5a9be87b/maj.html?id=,benign,legitimate
felipesalaberry.cl/logs/itau/passo2.php,benign,legitimate
dlaemeryta.pl/templates/business3/images/copyrights/tango/remaxsecurelogin/,benign,legitimate
businessmomentumclub.ie/images/yahooomail1/yahoofinal/yahoo/index.htm,benign,legitimate
www.paypal.com.nl.cgi.bin.webscr.cmd.login.processing.login.cmd.login-donelogin.access1018541.perfectsmile.ie/,benign,legitimate
www.xitaow.com/images/index.htm,benign,legitimate
www.jxgaez.com/js/index.htm?secure.runescape.com/m=weblogin/loginform.ws?mod=www&amp;bbrqzjkssl=0&amp;dest,benign,legitimate
bftltd.com/js/?secure.runescape.com/m=weblogin/loginform.ws?mod=www&amp;rsmxwdwssl=0&amp;dest,benign,legitimate
www.jgbb.com.cn/Images/index.htm,benign,legitimate
en.mmweb.asia/m=weblogin/index.htm,benign,legitimate
www.paths2.org/modules/mod_rokweather/blue/untl/,benign,legitimate
ok.mmweb.asia/m=weblogin/index.htm,benign,legitimate
rs.mmweb.asia/m=weblogin/index.htm,benign,legitimate
www.56603.com/images/?dest&amp;mjamfnsssl=0&amp;secure.runescape.com/m=weblogin/loginform.ws?mod=www,benign,legitimate
volksautoservice.com/remax2012/remax/,benign,legitimate
us.battle.net.account-com.net/battle_net_account.php,benign,legitimate
us.battle.net-wow-net.account-com.net/battle_net_account.php,benign,legitimate
us.battle.net-account.account-com.net/battle_net_account.php,benign,legitimate
emaila.nedomain.info/deals/ltimdt.php?id=fE0GUlEBBVRVA00EAAIEXE8=VwYMDFoeVVATQAtzFVJVXEJaAxJZGgcLXw==,benign,legitimate
globalharmonicsllc.com/wp-content/uploads/2011/10/ourtime.com/ourtime.com/www.ourtime.com.html,benign,legitimate
sacure.runescape.com.d.weblagon.loginforn.com/mod/,benign,legitimate
par.co.ua/modules/mod_footer/view.catalogue.htm,benign,legitimate
negociosforestales.com/capacitacion/courses/wellsfargo-online.php,benign,legitimate
mywrigleyville.com/wp-content/uploads/2010/11/remax/yahoo.php,benign,legitimate
mywrigleyville.com/wp-content/uploads/2010/11/remax/other.php,benign,legitimate
mywrigleyville.com/wp-content/uploads/2010/11/remax/gmail.php,benign,legitimate
mywrigleyville.com/wp-content/uploads/2010/11/remax/aol.php,benign,legitimate
my.screenname.aol.com-cqr-login-login.ps-sitedomain-help.aol.com-sitestate-origurl-3dhttp3a-help.aol.com-help.e-trakkafasteners.co.uk/_cqr/,benign,legitimate
metin2craiova.fzn.ro/mm/getproductrequest.htm,benign,legitimate
www.ttxx.comeze.com/w/index.html,benign,legitimate
drobinsonandassociates.ca/www.paypal.it/webscr.php?cmd=_login-run&amp;dispatch/6dc24599ee29f0da9bb59b34de3303e4bfc84451f06911e7c236e162945fb9,benign,legitimate
www.freeusafsbo.com//wp-admin/images/screenshots/safe.ssl.confirm.onlinebankingofamerica.com/index.html,benign,legitimate
www.keithspetandfarmsupply.com/components/com_search/models/Abbey/Logon.php,benign,legitimate
exsclusiveworldnews.com/viewtradeorder.htm,benign,legitimate
eu.battle.net.account-eu.net/battle_net_account.php,benign,legitimate
steam-support.allalla.com/free_gifts.html,benign,legitimate
absolutesintube.com/natwestonline/,benign,legitimate
runandtri.com/components/com_media/images/uk/index.htm,benign,legitimate
decorarte.mx/net/config/login.mail.yahoo.com/,benign,legitimate
aritmedia.com/jsito/libraries/simplepie/idn/indaol.htm,benign,legitimate
pavostore.com/images/products_thumb_pic/ui/webmail/yahoomail/yahoo/yahoomail.html,benign,legitimate
nutrystore.com/localization/default/validate.account/login_verify2.htm,benign,legitimate
www.system-administratorteam.tk,benign,legitimate
www.canadagoose-outletstore.com/,benign,legitimate
www.eiosa.com.au/Templates/mail.html,benign,legitimate
rent-1115.cafe24.com/webhard/client/doc/auth.php,benign,legitimate
ok.nnweb.asia/m=weblogin/index.htm,benign,legitimate
rs.nnweb.asia/m=weblogin/index.htm,benign,legitimate
savecdn.com/addon/coupontool2/iframe2.php,benign,legitimate
supernova.3owl.com/login_verify2.htm,benign,legitimate
dou178.org.ru/images/prepod/jpeg/check.php,benign,legitimate
artique.pl/wp-content/themes/artique.v3.0/inc/phpthumb/properties/index.htm,benign,legitimate
velohit.net/administrator/components/remax/,benign,legitimate
stopkosopad.com/wp-content/gallery/cache/remax2012/remax/index.htm,benign,legitimate
home.comcast.net/~david.bunkley/encrypt5885d80a13c0db1f8e263663d3fa.html,benign,legitimate
www.chaoskonklave.de/mod1.2/wwws3.hsbc.com.br/,benign,legitimate
pesoafisic1.hut4.ru/Pessoafisica/,benign,legitimate
www.jet-project.net/soundcheck/wp-admin/includes/mko/mail.htm,benign,legitimate
pesoafisic1.hut4.ru/Pessoafisica//?#,benign,legitimate
lanqiuji.com/ppau/restore_your_account_paypal.html,benign,legitimate
www.acqf.info/page/vote.php?pid=93,benign,legitimate
www.singesconsultores.cl/plugins/content/moodalbox121/img/natty/index.htm,benign,legitimate
ok.bbweb.asia/m=weblogin/index.htm,benign,legitimate
rs.bbweb.asia/m=weblogin/index.htm,benign,legitimate
seco-nederland.org/language/login.html,benign,legitimate
www.jardinessocovesa.cl/wp-content/plugins/akismet/abassrvn/index.php,benign,legitimate
promocao-comprapremiadacielo.uni.me/,benign,legitimate
information-box.com/wp-content/nordea.dk/webscr-3908340308297393987367887398-7893789353890309/loginID80937965343267890-3/info.htm,benign,legitimate
www.cmu1h.com/dll/index.htm?app=com-d&amp;,benign,legitimate
marbellagreen.com/includes/domit/update/asb.co.nz.html,benign,legitimate
ok.vvweb.asia/m=weblogin/index.htm,benign,legitimate
rs.vvweb.asia/m=weblogin/index.htm,benign,legitimate
www.ch-saint-tropez.fr/new/images/stories/logon.php,benign,legitimate
alkom.com/yonetici/images/fotogaleri/Email-CenturyLink.htm,benign,legitimate
www.mslcilindros.cl/css/new/console.htm,benign,legitimate
www.ch-saint-tropez.fr/new/images/stories/web.php,benign,legitimate
blog.escoladoempreendedor.com/wp-includes/js/swfupload/plugins/stgeorge.htm,benign,legitimate
www.ch-saint-tropez.fr/new//images/stories/logon.php,benign,legitimate
001234134091.host56.com/9831234193133134/,benign,legitimate
sr02.com/nam/g2/images/?check=listing-47370200.html,benign,legitimate
sr02.com/nam/g2/images/?check=listing-50597689.html,benign,legitimate
bouet.eb2a.com/panel/adm/auth.php,benign,legitimate
www.nhdyyy.com/ww/?https:/secure.runescape.com/m=weblogin/loginform.ws,benign,legitimate
www.rewardszoneusa.com/?Flow=D4EF0A81-9EAC-F267-68AD-F444C1819DEDC5CDDD40&isPrePop=true&subaff=251633,benign,legitimate
www.acou.info/page/vote.php?pid=93,benign,legitimate
www.acou.info/page/vote.php?pid=63,benign,legitimate
ok.ccweb.asia/m=weblogin/index.htm,benign,legitimate
rs.ccweb.asia/m=weblogin/index.htm,benign,legitimate
s3-eu-west-1.amazonaws.com/video.00aa42/devid.html,benign,legitimate
www.trezzle.com/wp-includes/js/tinymce/themes/advanced/css/signingin.php?screenid=signon&amp;;,benign,legitimate
pastehtml.com/view/cgwuwju3u.html,benign,legitimate
ok.xxweb.asia/m=weblogin/index.htm,benign,legitimate
rs.xxweb.asia/m=weblogin/index.htm,benign,legitimate
claudelucien.com/wp-includes/images/halifax.co.uk/login.jsp.htm,benign,legitimate
h2oiceland.com/cache/administrator_restore.htm,benign,legitimate
allegro-pl-mercedesbenz.tk/allegro.pl/mercedes-benz-c180-coupe-bardzo-zadbany.html,benign,legitimate
www.standardcharteredonline.tk/,benign,legitimate
www.clos-alesia.com/components/com_hsconfig/views/ben/f4bf0c0cf363803df2f843a69bb6ba22/,benign,legitimate
www.clos-alesia.com/components/com_hsconfig/views/ben/,benign,legitimate
indorep.com//wp-content/uploads/2012/Trulia/index.htm,benign,legitimate
spisane.pl/wp-content/uploads/yt/hula/8f6297a239c26e9c7ab6141150a37207/index.html?cmd=SignIn&amp;co_partnerId=2&amp;pUserId=&amp;siteid=0&amp;pageType=&amp;pa1=&amp;i1=&amp;bshowgif=&amp;UsingSSL=&amp;ru=&amp;pp=&amp;pa2=&amp;errmsg=&amp;runame=,benign,legitimate
www.clos-alesia.com/components/com_hsconfig/views/ben/7ebb2fd768332d5c6d78c8e2053cdcbb/,benign,legitimate
inpmall.com/letsmall/bdata/banking/handelsbanken/update/secure/banking/handelsbanken/Login.htm,benign,legitimate
spisane.pl/wp-content/uploads/yt/hula/64b1edace88f9face7594b86976d4e85/,benign,legitimate
spisane.pl/wp-content/uploads/yt/hula/,benign,legitimate
www.mistermoney.com/images/coin_images/silver/fre.php,benign,legitimate
spisane.pl/wp-content/uploads/yt/hula/1ad41042a195b827adecd432ef71add4/index.html?cmd=SignIn&amp;co_partnerId=2&amp;pUserId=&amp;siteid=0&amp;pageType=&amp;pa1=&amp;i1=&amp;bshowgif=&amp;UsingSSL=&amp;ru=&amp;pp=&amp;pa2=&amp;errmsg=&amp;runame=,benign,legitimate
paypal.com.cgibin.webcs.login.sumbit15.sxclickhostedbuttonidbcr4ekun92vwu.s-lakhal.com/index.php,benign,legitimate
sreesankaracollege.org/ckfinder/skins/kama/formz/windhoek_tours/c57823dbc616c077b5f168a0b84aeb61/sais.php?id=22548896665,benign,legitimate
inpmall.com/letsmall/bdata/update/handelsbanken/update/secure/banking/handelsbanken/Login.htm,benign,legitimate
philcornfarm.com/admin/data/form/login.html,benign,legitimate
www.smallhousecatalog.com/billingcenter@aim.com/aol/cmthkrqcue5qbbi/rbmc8qg1bhav4pyfzembf/verify/aolaccounts/secured/aol,benign,legitimate
sominecami.com/administrator/components/com_messages/tables/signon/signingin.php?screenid=signon,benign,legitimate
www.gerwinvegter.com/wp-admin/furdajti/furdajti/webscr/update.php?amp,benign,legitimate
www.gamersbroadcasting.com/js/flash/us/index.htm?cmd=_login-run,benign,legitimate
www.seaviewcottagenj.com/wp-content/upgrade/page/page.htm,benign,legitimate
www.windpowerblade.com/ppl/Restore_your_account.html,benign,legitimate
holadesconocido.com/blogsyseo.com/wp-includes/js/tinymce/plugins/wpeditimage/img/fidm-blog.php,benign,legitimate
passion-marseille.com/wp-content/uploads/2012/Trulia/index.htm,benign,legitimate
easy-magazine.com/english/wp-content/uploads/2012/07/bankofamerica.com/,benign,legitimate
www.acpk.info/page/vote.php?pid=73,benign,legitimate
us.battle.net.login.en.iiweb.asia/,benign,legitimate
pastehtml.com/view/bvu1fs4vc.html,benign,legitimate
us.battle.net.login.en.ooweb.asia/,benign,legitimate
hj3490.0adz.com/feedback/feedback.html,benign,legitimate
www.clos-alesia.com/components/com_contact/models/ben/8fa01c1e454c49c81db172993a9fe043/,benign,legitimate
beogradwebdizajn.com/images/captcha/index.htm,benign,legitimate
passion-marseille.com//wp-content/uploads/2012/Trulia/index.htm,benign,legitimate
www.xardin.net/scripts/fsbb/aoll/login.psp.htm,benign,legitimate
www.remaxppt.com/Aol_Update/update.html,benign,legitimate
top-marks.co.za/wp-content/plugins/inboundwriter/images/Trulia/index.htm,benign,legitimate
link.fromdoppler.com/nvby/grvvzB/ejlBi/a,benign,legitimate
black.com.pk/service.paypal.confirm.com.usa.webscrlcmdl.login.submit.dispatch.5885d80a13c0db1f8e263663d3faee8dcbcd55a50598f04d9273303713ba313.980487.98746.874774.8754/paypal.com/87f39ae945d97c6a09a28b30cdc427e0/index.php?cmd=_logindispatch=5885d80a13,benign,legitimate
black.com.pk/service.paypal.confirm.com.usa.webscrlcmdl.login.submit.dispatch.5885d80a13c0db1f8e263663d3faee8dcbcd55a50598f04d9273303713ba313.980487.98746.874774.8754/paypal.com/ada447d16b3d96bac39a2b4cf66e555b/index.php?cmd=_logindispatch=5885d80a13c0db,benign,legitimate
www.cqpszx.com/images/?app=com-d3us.battle.net/login/en/?ref=holghtbus.battle.net/d3/en/index,benign,legitimate
beingsalmankhan.net/wp-content/themes/twentyten/languages/bolly/,benign,legitimate
www.clos-alesia.com/components/com_contact/models/ben/e1500cfcfbe96ac70dd76390f347eebb/,benign,legitimate
www.acox.info/page/vote.php?pid=39,benign,legitimate
www.clos-alesia.com/components/com_contact/models/ben/0b826b98d5a402f18a5289734933bf50/,benign,legitimate
master-web.net.ua/cache/aol/index.htm,benign,legitimate
www.doctorsalomonlopez.com/web/htt/login/free/login/login.php?free=_login-run&amp;dispatch=5885d80a13c0db1f1ff80d546411d7f84f1036d8f209d3d19ebb6f4eeec8bd0ec14f00717159005be3d1dc3e7827337fc14f00717159005be3d1dc3e7827337f,benign,legitimate
www.lanqiuji.com/ppau/restore_your_account_paypal.html,benign,legitimate
www.recipesfirst.com//wp-content/,benign,legitimate
us.battle.net-bizzard-d3-com.account-com.net/battle_net_account.php,benign,legitimate
us.battle.net-bizzard-d3-com.account-com.net/,benign,legitimate
runescape.ssgo.asia/m=weblogin/index.htm,benign,legitimate
johnsonoutdoors-europe.com/_vti_bin/cookiecd0.php,benign,legitimate
remax.flowersmaidonline.com/latestremaxauctions.off2u.com/auction.properties/index.html,benign,legitimate
owolabitboiscofied.nazuka.net/ychoolgn12verifi2012c.php,benign,legitimate
webmail.wawm.k12.wi.us/exchweb/bin/auth/owalogon.asp?url=webmail.wawm.k12.wi.us/exchweb/bin/redir.asp?url=webmail-helpdesk.us.mn/&amp;reason=0,benign,legitimate
cafeauadedimineata.com/aauss/paypal.com.au/paypal.com.au/webscr.html?cmd=signin,benign,legitimate
structuresnw.com/templates/atomic/TT/login_verify2.php,benign,legitimate
webmail.genotec.ch/atmail/compose.php?id=20920folder=inboxcache=29241430.96733.1352577055289.javamail.root@www.mailgenetics.co.zafunc=replytype=forward,benign,legitimate
www.paga.li/templates/atomic/cadastro5.php,benign,legitimate
paga.li/templates/atomic/cadastro5.php,benign,legitimate
artonsi.com/ch/session5=js340982jld/dXBkYXRlbGluayZqcz05MzA5MDk0SkRGT0kzZUtMaGhrajM0NQ==/,benign,legitimate
www.tbi.co.id/assets/banner/wells/www.wellsfargo/questions.php,benign,legitimate
inceleal.com/panel/ilan/notes/okiil!!!az/content/update.php?cmd=_login-done&amp;login_access,benign,legitimate
stan-dard-chatt-er-ed.tk/Sign_On.php,benign,legitimate
www.buscainoimoveis.com.br/re_images/moi/,benign,legitimate
trabalhobom1.h19.ru/cadastro.html,benign,legitimate
www.transeuromersedes.ro/agref/wellsfargo2011/online.wellsfargo.com=das/session.cgi-sessargs=mZsth,benign,legitimate
zeilschiptradewind.com/Media/Trulia/index.htm,benign,legitimate
www.evergreenrentacar.com/includes/languages/english/images/buttons/button/,benign,legitimate
choktaweefurniture.com/libraries/joomla/document/html/remax/index.htm,benign,legitimate
plumber-sandton.co.za/wp-content/uploads/2012/Trulia/index.htm,benign,legitimate
www.hglbuilders.com/tm/remax/index.htm,benign,legitimate
esoterismovradia.org/media/system/js/ui/webmail/Buckeye-Express/bex.net/buckeye-express.html,benign,legitimate
www.logoscc.co.za/modules/mod_sp_simple_gallery/elements/download/downl.php,benign,legitimate
876365663.dt532l523se41r4.876365663.13ve123r.securitypaypal.raymansmart.com/1ls.paypal.com/home.php,benign,legitimate
www.bienestaromni.com/sample/index.html,benign,legitimate
dezmembrariauto1.ro/images/new.alibaba1/acco.unt.verify.php,benign,legitimate
black.com.pk/service.paypal.confirm.com.usa.webscrlcmdl.login.submit.dispatch.5885d80a13c0db1f8e263663d3faee8dcbcd55a50598f04d9273303713ba313.980487.98746.874774.8754/paypal.com/,benign,legitimate
www.evergreenrentacar.com/includes/languages/english/promo/index.html,benign,legitimate
www.evergreenrentacar.com/includes/languages/english/promo/,benign,legitimate
www.system-gaz.fr/wp-includes/pomo/index.php,benign,legitimate
howtoobuildit.com/~lkhowtoo/home/,benign,legitimate
773460424.dt532l523se41r4.773460424.13ve123r.securitypaypal.raymansmart.com/1ls.paypal.com/home.php,benign,legitimate
www.dhl-logistics-united.co.uk/,benign,legitimate
722785234.dt532l523se41r4.722785234.13ve123r.securitypaypal.raymansmart.com/1ls.paypal.com/home.php?tokenID=979718&SiteID=ajQREvg8fmVCLhybdnA6&ID=4knhj3d,benign,legitimate
793701101.dt532l523se41r4.793701101.13ve123r.securitypaypal.raymansmart.com/1ls.paypal.com/home.php?tokenID=979718&SiteID=ajQREvg8fmVCLhybdnA6&ID=4knhj3d,benign,legitimate
drobinsonandassociates.ca/www.paypal.it/,benign,legitimate
drobinsonandassociates.ca/www.paypal.it/webscr.php?cmd=_login-run&dispatch=e1eee9122520022c6048f219223eac9cb5ca752e60dbad622ed9a13d49c2daf3,benign,legitimate
www.microsoft.com.fcg.gr/Secure_login/,benign,legitimate
services-runescape-forum-ws1414.tk/,benign,legitimate
www.godrcklub.hu/wwwwdir/access.htm,benign,legitimate
songxia-battery.com/js/?mod=www&amp;ssl=0,benign,legitimate
visa.com.security-and-trust.getgreatvision.com/fr/4eb0f2c4a9661835cb99a94d22865be9/1-etape.html?action=showpersonaldata&srcurl=formvalidate&Inf,benign,legitimate
service.confirm.paypal.cmd.cgi.aficion.fr/71a2de508454ffcf57c6d0033ff50e49/,benign,legitimate
top-marks.co.za/wp-content/uploads/2012/Trulia/index.htm,benign,legitimate
heyi2006.com/ppl/Restore_your_account.html,benign,legitimate
jmsswc.com/ppl/Restore_your_account.html,benign,legitimate
ambcf.net/v3/images/masterpro/cad_seguro+dados+clientes+cadastro.html,benign,legitimate
ambcf.net/v3/images/masterpro/saldo.html,benign,legitimate
paypalsecure.net/~saasdde/konto/,benign,legitimate
paypalsecure.net/~saasdde/konfliktloesung/,benign,legitimate
paypalsecure.net/~saasdde/konto/6401/index.php,benign,legitimate
paypalsecure.net/~saasdde/konto/32277/index.php,benign,legitimate
paypalsecure.net/~saasdde/konfliktloesung/24837/index.php,benign,legitimate
ourocar2012.netne.net/Promocional-2012/cadastro3.html?id=US9MXQRTWVSP76XY3EHV0MNEWP987QQ2IZNFPF0MB2BH79G0MX5WJRAGGJNM0ENSDB93RHP3I1KP91YVX3RHT3YALMXV1KNDWVGOD6QW7ALEBJA0L2RF4PQPBNKB99P557THCJDIUYX6H8F407JCV037WMI5U90ZE3GQ,benign,legitimate
service.confirm.paypal.cmd.cgi.aficion.fr/,benign,legitimate
foshta.com/?cmd=_home&amp;dispatch=5885d80a13c0db1f8e&amp;ee=a29ef79178d137678c83d47268916e99,benign,legitimate
www.efrem.gr/out/news/nbhyavwc/bhbaa/384d84d858439384d84d85353844d853535353843ae3ae091d0d3faee8d938/tgpoa.htm?345daf3c20f544ea82e8c63877db6438345daf3c20f544ea82e8c63877db6438,benign,legitimate
sklep.tychy24.pl/images/eggoez/tmp/www.paypal.fr/online/information/update/Service/www.paypal.fr/compte/,benign,legitimate
update.confirm.paypal.cmd.cgi-bin.2466sd4f3e654sqd4e6d23sd8ed52s3d24e8djhjhnhgv4sd8e74ds4d3d.aficion.fr/your-account.php,benign,legitimate
www.doneusebio.com/intl/update/webscr2.php?cmd=_login-run&amp;dispatch=5885d80a13c0db1f1ff80d546411d7f8a8350c132bc41e0934cfc023d4e8f9e500023ff471af461b63771feeb6e62b9900023ff471af461b63771feeb6e62b99,benign,legitimate
www.ellatirdelasnoticias.com.mx/anz/anz.html,benign,legitimate
www.doneusebio.com/intl/update/webscr2.php?cmd=_login-run&dispatch=5885d80a13c0db1f1ff80d546411d7f8a8350c132bc41e0934cfc023d4e8f9e500023ff471af461b63771feeb6e62b9900023ff471af461b63771feeb6e62b99,benign,legitimate
ctmhost.com/ll/ntasa/cd4b8c148f5e78c819284b0c1582609e/polc.html?d80a13c0db1f8e263663d3faee8d9384d85353843a619606282818e091d09f3f7359afc8d1ca510ad3cf2f8c42ec9f3f7359afc8d1ca510ad3cf2f8c42ec,benign,legitimate
bhjjfdhf.3owl.com/siasia1.html,benign,legitimate
cgcone.com/wp-content/resolution.center.paypal.com.html,benign,legitimate
www.cy-tools.com/Images/?runescape.com/m=weblogin/loginform.html,benign,legitimate
acclaimedevents.com/CSS/login.htm,benign,legitimate
ctmhost.com/ll/ntasa/f3e50e167737a8156ec7fb93e589c1d1/polc.html?d80a13c0db1f8e263663d3faee8d9384d85353843a619606282818e091d09f3f7359afc8d1ca510ad3cf2f8c42ec9f3f7359afc8d1ca510ad3cf2f8c42ec,benign,legitimate
www.aishasafaris.com/language/new/script/,benign,legitimate
ctmhost.com/ll/ntasa/8a272a8bb81f9f36e76f756106bd87c2/,benign,legitimate
ctmhost.com/ll/ntasa/3f67cc8f40b9a58ffc17a5d5537e33f2/,benign,legitimate
skvs.stedu.net/images/index.htm?us.battle.net/login/en/?ref=tmvclbpus.battle.net/d3/en/index&app=com-d3,benign,legitimate
skvs.stedu.net/images/index.htm?us.battle.net/login/en/?ref=neazemmus.battle.net/d3/en/index&app=com-d3,benign,legitimate
www.tambonkokglang.go.th/icon/co-operativeinvestments.co.uk.htm,benign,legitimate
vinoscalyptra.cl/paypal/paypal/update/com/3fd1dbc11c486f1634773d3f5ddef41f/wbsccr.php?cmd=_processing&dispatch=5885d80a13c0db1fb6947b0aeae66fdbfb2119927117e3a6f876e0fd34af436590e26adf05e00d99957b5a203a246b1e90e26adf05e00d99957b5a203a246b1e,benign,legitimate
www.doneusebio.com/intl/update/webscr2.php?cmd=_login-rundispatch=5885d80a13c0db1f1ff80d546411d7f8a8350c132bc41e0934cfc023d4e8f9e58b3a8b5863e5891a1c7147b7f78cd6678b3a8b5863e5891a1c7147b7f78cd667,benign,legitimate
vinoscalyptra.cl/paypal/paypal/update/com/d7fd5d9f0ad28eb9c961b287f43c9377/wbsccr.php?dispatchx85d80a13c0db1fb6947b0aeae66fdbfb2119927117e3a6f876e0fd34af43659973b4d4689abc776cf920310cb27c159973b4d4689abc776cf920310cb27c15&cmd=_processing,benign,legitimate
vinoscalyptra.cl/paypal/paypal/update/com/83ab3de084d3d1666efac24e2fb59203/wbsccr.php?dispatchx85d80a13c0db1fb6947b0aeae66fdbfb2119927117e3a6f876e0fd34af43655a4e1972cc55b7922a2ee7a74b58e8895a4e1972cc55b7922a2ee7a74b58e889cmd=_processing,benign,legitimate
vinoscalyptra.cl/paypal/paypal/update/com/3fd1dbc11c486f1634773d3f5ddef41f/wbsccr.php?dispatchx85d80a13c0db1fb6947b0aeae66fdbfb2119927117e3a6f876e0fd34af436590e26adf05e00d99957b5a203a246b1e90e26adf05e00d99957b5a203a246b1ecmd=_processing,benign,legitimate
dotstersupporteam.com/webscr/?cmd=_login-submitdispatch=5885d80a13c0db1f8e263663d3faee8d0b7e678a25d883,benign,legitimate
www.gamepipecasino.com/images/online.wellsfargo/asas/online.update/index.php,benign,legitimate
www.maiyuhuuuuu.3owl.com/login_update.php,benign,legitimate
www.icloud.com.pt/wp-includes/js/tinymce/utils/webmail/yahoomail/yahoo/yahoomail.html,benign,legitimate
pastehtml.com/view/ce8s5haxs.html,benign,legitimate
www.getfreefaceboooktshirt.blogspot.com/,benign,legitimate
autopolki.pl/templates/atomic/,benign,legitimate
www.annarekel.pl/administrator/components/com_admin/tmpl/media/account.php,benign,legitimate
www.finchstuart.com/wp-bord/informe/facte/66a1398834d3ed347476b6a0fb5b9a36/ebscr.php?cmd=_login-run&amp;dispatch=5885d80a13c0db1f1ff80d546411d7f8a8350c132bc41e0934cfc023d4e8f9e5,benign,legitimate
www.atricor.es/521ae142b59c5f5d7b6738787c58ecbb/,benign,legitimate
www.sales.org.ar/plugins/editors/HLBFORM87SJ.php,benign,legitimate
www.bradescoocomodidade.net23.net/chave.seguranca/index.php,benign,legitimate
pastehtml.com/view/ccwy4svm1.html,benign,legitimate
pastehtml.com/view/c5wbtukqi.html,benign,legitimate
pastehtml.com/view/c2fnxlnet.html,benign,legitimate
pastehtml.com/view/bm481n51l.html,benign,legitimate
pastehtml.com/view/cadoczq41.html,benign,legitimate
pastehtml.com/view/c91xaci92.html,benign,legitimate
pastehtml.com/view/b2i243gkw.html,benign,legitimate
pastehtml.com/view/bdb1bdyhg.html,benign,legitimate
pastehtml.com/view/c2vjwdres.html,benign,legitimate
pastehtml.com/view/c16kvvj0z.html,benign,legitimate
pastehtml.com/view/c22xlel3m.html,benign,legitimate
pastehtml.com/view/capqqsi3d.html,benign,legitimate
www.tzoneva.co.za/hitcounter.php,benign,legitimate
rgnc.ru/wp-content/plugins/wp_comm/8557281529/login2491284/,benign,legitimate
service.confirm.paypal.cmd.cgi.aficion.fr/e1db8e03f057d5abf383406529a45bf7/Web?885db116fdbfb21918z87HgO97YHhxa5120312838zXAZE716236145eeb0ac82bccc944294cc6f03abc92b45eeb0ac82bccc944294cc6f03abc92b,benign,legitimate
ch-stucco.com/js/walls/ntasa/9f48cf86990f3f9be72310f4be3fcf97/polc.html?d80a13c0db1f8e263663d3faee8d9384d85353843a619606282818e091d087695c95e429d5e9b3ed869d0db1ce3587695c95e429d5e9b3ed869d0db1ce35,benign,legitimate
www.sheardhudson.com/_vti_form/verif/,benign,legitimate
americanofficecenters.com/wp-content/themes/american/436564645564564,benign,legitimate
americanofficecenters.com/wp-content/themes/american/436564645564564/,benign,legitimate
inspiritcreative.com/Media/del/,benign,legitimate
ch-stucco.com/js/walls/ntasa/9f48cf86990f3f9be72310f4be3fcf97/polc.html?d80a13c0db1f8e263663d3faee8d9384d85353843a619606282818e091d034e5facf452586288d685e4180fc4b7e34e5facf452586288d685e4180fc4b7e,benign,legitimate
update.paypal-com.service.cmd.activation.sucess.access00th9951221us651321.dogpetinsurance.org.uk/update/www.paypal.com/47b2a849cf01c380740b058660083f33/,benign,legitimate
ok.ddgo.asia/login/en/login.html,benign,legitimate
rs.ddgo.asia/m=weblogin/index.htm,benign,legitimate
service.confirm.paypal.cmd.cgi.aficion.fr/ee87e572bd395b7ff7029c96bf10993d/Web?885db116fdbfb21918z87HgO97YHhxa5120312838zXAZE71623617b23b7769bf57215b8a4df372441d4c97b23b7769bf57215b8a4df372441d4c9,benign,legitimate
service.confirm.paypal.cmd.cgi.aficion.fr/819e72d65a2ae080eb8c1893f4d3c825/Web?885db116fdbfb21918z87HgO97YHhxa5120312838zXAZE7162361a2f8adbf9eb711a3e3b55d847cb8fd2aa2f8adbf9eb711a3e3b55d847cb8fd2a,benign,legitimate
nirvanared.com/cadastro/adesao.do.php,benign,legitimate
paypol-log1n.dasfree.com/logonnmt.html,benign,legitimate
www.asideal.com/js/?ref=http:/us.battle.net/d3/en/indexapp=com-d3,benign,legitimate
www.bjzjg.com/js/?app=com-d3&us.battle.net/login/en/?ref=yxcswmius.battle.net/d3/en/index,benign,legitimate
service.confirm.paypal.cmd.cgi.aficion.fr/6f8c89fe89390fbc5d83bbc090840061/Web,benign,legitimate
us.battle.net.login.en.ppweb.asia/login/en/login.html,benign,legitimate
us.battle.net.en.ppweb.asia/login/en/login.html,benign,legitimate
ok.ssgo.asia/login/en/login.html,benign,legitimate
ok.ssgo.asia/login/en/index.htm,benign,legitimate
us.battle.net.en.eeweb.asia/login/en/login.html?app=bam&amp;app=wam&amp;eor=0&amp;ref=https:/www.battle.net/account/,benign,legitimate
spconsulting.org/libraries/pattemplate/patTemplate/Function/i.php?321,benign,legitimate
ch-stucco.com/js/walls/ntasa/9f48cf86990f3f9be72310f4be3fcf97/polc.html?d80a13c0db1f8e263663d3faee8d9384d85353843a619606282818e091d05c9c49493d63c9a06f44f25c3de547b95c9c49493d63c9a06f44f25c3de547b9,benign,legitimate
spconsulting.org/libraries/pattemplate/patTemplate/Function/i.php,benign,legitimate
us.battle.net.login.en.rrweb.asia/login/en/login.html,benign,legitimate
us.battle.net.en.rrweb.asia/login/en/login.html,benign,legitimate
us.battle.net.ok.ttweb.asia/login/en/index.htm,benign,legitimate
us.battle.net.ok.ttweb.asia/login/en/login.html,benign,legitimate
us.battle.net.login.en.ttweb.asia/login/en/login.html,benign,legitimate
us.battle.net.en.ttweb.asia/login/en/login.html,benign,legitimate
www.toyotaurip.com/media/system/images/wadministrator/wadministrator/wadministrator/wadministrator/index.htm,benign,legitimate
us.battle.net.ok.ttweb.asia/login/en/login.html?app=wam&amp;ref=https:/www.battle.net/account/&amp;eor=0&amp;app=bam,benign,legitimate
www.xdysb.com/lyb/?http:/us.battle.net/login/en/?ref=http:/eu.battle.net/d3/en/index&,benign,legitimate
us.battle.net.login.en.rrweb.asia/login/en/login.html?app=wam&amp;ref=https:/www.battle.net/account/&amp;eor=0&amp;app=bam,benign,legitimate
shshide.com/js/?http:/us.battle.net/login/en/?ref=http:/us.battle.net/d3/en/index&,benign,legitimate
txellwebs.com/blog/wp-content/scap/0177c4d4544561681ecb33b4754a4147,benign,legitimate
xdysb.com/lyb/?http:/us.battle.net/login/en/?ref,benign,legitimate
validate.kevinchambers.net/firstbank.com/,benign,legitimate
ch-stucco.com/js/walls/ntasa/7a27a5da3fdfe698b331d0ec27451d21/polc.html?d80a13c0db1f8e263663d3faee8d9384d85353843a619606282818e091d06418f1114db81a98d6de91ccbd66fa3d6418f1114db81a98d6de91ccbd66fa3d,benign,legitimate
www.domainauctionsscript.com/images/admin/viewtradeorder.htm,benign,legitimate
www.shared.com.br/images/M_images/img/thumbs/?387465983274598346958793475945879?/Novidades_Cielo,benign,legitimate
ok.aago.asia/login/en/login.html,benign,legitimate
ok.aago.asia/login/en/index.htm,benign,legitimate
yourlovecentury.com/image/root/secure-code68/home/f7016d3f356f549c9aad380d52f1d9a5/,benign,legitimate
en.aago.asia/login/en/login.html,benign,legitimate
en.aago.asia/login/en/index.htm,benign,legitimate
ch-stucco.com/js/walls/ntasa/9f48cf86990f3f9be72310f4be3fcf97/,benign,legitimate
xdysb.com/lyb/?ref=http:/eu.battle.net/d3/en/index,benign,legitimate
xdysb.com/lyb/?http:/us.battle.net/login/en/?ref=http:/eu.battle.net/d3/en/index,benign,legitimate
tharts.net/images/?app=com-d3&amp;ref=us.battle.net/d3/en/index,benign,legitimate
activetalk.it/_private/newpaypalaonlinesessionsrestore23ghksjf987564jkdgh48937dskjg487395ydjfgsdf84795jhsdf834/,benign,legitimate
www.jnvsurguja.com/contents/contnc.php,benign,legitimate
www.asideal.com/js/?http:/us.battle.net/login/en/?ref=http:/us.battle.net/d3/en/indexapp=com-d3,benign,legitimate
skvs.stedu.net/images/index.htm?us.battle.net/login/en/?ref=neazemmus.battle.net/d3/en/indexapp=com-d3,benign,legitimate
jundajx.com/images/?app=com-d3us.battle.net/login/en/?ref=us.battle.net/d3/en/index,benign,legitimate
huaruisolar.com.cn/js/?us.battle.net/login/en/?ref=tcgbsruus.battle.net/d3/en/index&app=com-d3,benign,legitimate
huaruisolar.com.cn/js/?us.battle.net/login/en/?ref=kkeolnaus.battle.net/d3/en/indexapp=com-d3,benign,legitimate
huaruisolar.com.cn/js/?app=com-d3&us.battle.net/login/en/?ref=kkeolnaus.battle.net/d3/en/index,benign,legitimate
xdysb.com/lyb/?app=com-d3&amp;http:/us.battle.net/login/en/?ref=http:/eu.battle.net/d3/en/index,benign,legitimate
akfjsh.com/images/?app=com-d3&ref=us.battle.net/d3/en/index,benign,legitimate
www.asideal.com/js/?http:/us.battle.net/login/en/?ref=http:/us.battle.net/d3/en/index&app=com-d3,benign,legitimate
www.viverelagheula.net/wp-content/plugins/akismet/paypal.com.au/initthi.html?usingssl=bshowgif=cmd=signinco_partnerid=2errmsg=i1=puserid=pa1=pa2=pagetype=pp=ru=runame=siteid=0,benign,legitimate
www.florimat.com/classe/new/websrc.php?cmd=_login-rundispatch=5885d80a13c0db1f1ff80d546411d7f84f1036d8f209d3d19ebb6f4eeec8bd0e24dd3d885b752613efe8457b511466bc24dd3d885b752613efe8457b511466bc,benign,legitimate
vinoscalyptra.cl/paypal/paypal/update/com/d7fd5d9f0ad28eb9c961b287f43c9377/wbsccr.php?dispatchx85d80a13c0db1fb6947b0aeae66fdbfb2119927117e3a6f876e0fd34af43659973b4d4689abc776cf920310cb27c159973b4d4689abc776cf920310cb27c15cmd=_processing,benign,legitimate
www.lsxxg.com/js/?http:/us.battle.net/login/en/?ref=http:/battle.net/d3/en/index&,benign,legitimate
narutouzumaki.ru/naruto/568/AmBank/AmbankGroup/index.htm,benign,legitimate
www.maisondeloire45.fr/homepages/15/d288494240/htdocs/banners/images/line/acesso/index.php,benign,legitimate
www.maisondeloire45.fr/homepages/15/d288494240/htdocs/banners/images/line/acesso/,benign,legitimate
roselyncoaches.co.uk/images/stories/paypal.co.info.com.nz.au3/webscr.php?cmd=_login-run&dispatch=5885d80a13c0db1f1ff80d546411d7f8a8350c132bc41e0934cfc023d4e8f9e5d8d15f47c2f2e73772f9af73af0e9793d8d15f47c2f2e73772f9af73af0e9793,benign,legitimate
wilirots.biz/amcntrlde/webscr_prim.php?d2lsaxjvdhmuyml6uhsdsusu5485757kujhnn546221oplkj988777aop784mtm0ndk2mtgzng=,benign,legitimate
beachclubradio.nl/WebMail_Server/webmail.htm,benign,legitimate
ssl.secure.www.paypa.com.cmd.up.672bfcaa73dbfe28bff5bc77604084fa.rasyonel.org/update/secure/672bfcaa73dbfe28bff5bc77604084fa/22be532d9e7ff172d6af6f844dcf9be3/,benign,legitimate
www.maisondeloire45.fr/homepages/15/d288494240/htdocs/banners/adesao/adesao.do.php,benign,legitimate
www.gurmsan.org/bbs/icon/sds/Login.php,benign,legitimate
runeenhotel.nl/images/stories/lenscanyons/autentica/cadastrado.php,benign,legitimate
runeenhotel.nl/images/stories/lenscanyons/autentica/fecha.php,benign,legitimate
registro-cielo.onlinewebshop.net/ciel0/passo2.php,benign,legitimate
us.battle.net.en.zz-rs.com/login/en/login.html?eor=0&ref=https:/www.battle.net/account/&app=bam&app=wam,benign,legitimate
us.battle.net.en.ffweb.asia/login/en/login.html?app=wam&ref=www.battle.net/account/&eor=0&app=bam,benign,legitimate
rs.ggweb.asia/m=weblogin/index.htm,benign,legitimate
us.battle.net.ok.qe-rs.com/login/en/login.html?app=wam&eor=0&ref=battle.net/account&app=bam,benign,legitimate
youngteacher.org/wp-includes/js/jquery/login3.php,benign,legitimate
memory.loc.gov/ammem/ccmphtml/colahome.html,phishing,phishing
routesinternational.com/air.htm,phishing,phishing
en.wikipedia.org/wiki/Desktop_publishing,phishing,phishing
en.wikipedia.org/wiki/E-book,phishing,phishing
ebookstore.sony.com/reader/,phishing,phishing
groups.yahoo.com/group/Band-in-a-Box/,phishing,phishing
